entity_id,name,entity_type,body_mechanism,sentience_state,transduction_domains,behavior_package,combat_role,scale,mobility,offensive_expressions,defensive_expressions,control_complexity,manifestation_cost_profile,sustain_load,maximum_practical_persistence,required_basins,basin_rule,basin_draw_profile,collapse_conditions,command_architecture,range_leash,rank_inheritance,white_secondary_expression,binding_reference,builder_tags,status
SE-0001,Combustion Wisp,Elemental manifestation,reactive combustion and thermal-flow body,Non-sentient; autonomous within validated behavior/command architecture.,"[""Genesis Expression"", ""Resonance"", ""Chirality""]","[""follow summoner"", ""hold position"", ""return/recall"", ""select resolved hostile target"", ""avoid designated allies"", ""scout / harrier""]",scout / harrier,Tiny,aerial drift,"[""thermal contact"", ""combustion jet""]","[""coherent manifestation body; damage degrades structural resolution rather than biological tissue"", ""mobility/evasion bias""]",low,"low initial formation load; exact fatigue depends on rank, competency, and current basin state.",low continuous sustain relative to ordinary manifestations of the same rank.,hours at baseline competent use; rank/competency can change this substantially.,"[""Red"", ""Orange""]","Structural identity only. Basin colors do not map to Transduction domains, elements, or a power hierarchy.","{""Red"": ""light continuous"", ""Orange"": ""light continuous""}","[""voluntary dismissal"", ""required-basin exhaustion"", ""loss of sufficient structural coherence"", ""unrecoverable leash/control failure""]",Executes simple validated commands and role behaviors autonomously; no human-like cognition or independent personhood.,Rank-dependent Builder variable.,"{""Red"": ""Baseline inefficient manifestation."", ""Orange"": ""Improved sustain/control."", ""Yellow"": ""Improved output/mobility."", ""Green"": ""Reliable combat-grade autonomy."", ""Blue"": ""Reduced cognitive steering and better leash."", ""Violet"": ""Elite persistence/control/output."", ""White"": ""Mature manifestation plus White secondary expression.""}",Independent Survey — continue a validated scouting route with minimal active steering and return compressed observations.,Combustion Wisp Elemental,"[""Summoner"", ""Elemental"", ""Combustion"", ""Wisp"", ""scout / harrier"", ""Tiny""]",ALPHA candidate
SE-0002,Combustion Hound,Elemental manifestation,reactive combustion and thermal-flow body,Non-sentient; autonomous within validated behavior/command architecture.,"[""Genesis Expression"", ""Resonance"", ""Chirality""]","[""follow summoner"", ""hold position"", ""return/recall"", ""select resolved hostile target"", ""avoid designated allies"", ""pursuit / interception""]",pursuit / interception,Small,ground sprint / leap,"[""thermal contact"", ""combustion jet"", ""localized ignition burst""]","[""coherent manifestation body; damage degrades structural resolution rather than biological tissue""]",moderate,"moderate initial formation load; exact fatigue depends on rank, competency, and current basin state.",moderate continuous sustain relative to ordinary manifestations of the same rank.,1–3 hours at baseline competent use; rank/competency can change this substantially.,"[""Red"", ""Orange""]","Structural identity only. Basin colors do not map to Transduction domains, elements, or a power hierarchy.","{""Red"": ""light continuous"", ""Orange"": ""light continuous""}","[""voluntary dismissal"", ""required-basin exhaustion"", ""loss of sufficient structural coherence"", ""unrecoverable leash/control failure""]",Executes simple validated commands and role behaviors autonomously; no human-like cognition or independent personhood.,Rank-dependent Builder variable.,"{""Red"": ""Baseline inefficient manifestation."", ""Orange"": ""Improved sustain/control."", ""Yellow"": ""Improved output/mobility."", ""Green"": ""Reliable combat-grade autonomy."", ""Blue"": ""Reduced cognitive steering and better leash."", ""Violet"": ""Elite persistence/control/output."", ""White"": ""Mature manifestation plus White secondary expression.""}",Relentless Intercept — dynamically reassign interception among resolved threats while preserving guard priority.,Combustion Hound Elemental,"[""Summoner"", ""Elemental"", ""Combustion"", ""Hound"", ""pursuit / interception"", ""Small""]",ALPHA candidate
SE-0003,Combustion Raptor,Elemental manifestation,reactive combustion and thermal-flow body,Non-sentient; autonomous within validated behavior/command architecture.,"[""Genesis Expression"", ""Resonance"", ""Chirality""]","[""follow summoner"", ""hold position"", ""return/recall"", ""select resolved hostile target"", ""avoid designated allies"", ""aerial pursuit / strike""]",aerial pursuit / strike,Small,aerial flight,"[""thermal contact"", ""combustion jet"", ""localized ignition burst""]","[""coherent manifestation body; damage degrades structural resolution rather than biological tissue"", ""mobility/evasion bias""]",moderate,"moderate initial formation load; exact fatigue depends on rank, competency, and current basin state.",moderate continuous sustain relative to ordinary manifestations of the same rank.,45–120 minutes at baseline competent use; rank/competency can change this substantially.,"[""Red"", ""Orange""]","Structural identity only. Basin colors do not map to Transduction domains, elements, or a power hierarchy.","{""Red"": ""light continuous"", ""Orange"": ""light continuous""}","[""voluntary dismissal"", ""required-basin exhaustion"", ""loss of sufficient structural coherence"", ""unrecoverable leash/control failure""]",Executes simple validated commands and role behaviors autonomously; no human-like cognition or independent personhood.,Rank-dependent Builder variable.,"{""Red"": ""Baseline inefficient manifestation."", ""Orange"": ""Improved sustain/control."", ""Yellow"": ""Improved output/mobility."", ""Green"": ""Reliable combat-grade autonomy."", ""Blue"": ""Reduced cognitive steering and better leash."", ""Violet"": ""Elite persistence/control/output."", ""White"": ""Mature manifestation plus White secondary expression.""}",Vector Hunt — autonomous pursuit through complex three-dimensional movement until recall/leash limit.,Combustion Raptor Elemental,"[""Summoner"", ""Elemental"", ""Combustion"", ""Raptor"", ""aerial pursuit / strike"", ""Small""]",ALPHA candidate
SE-0004,Combustion Serpent,Elemental manifestation,reactive combustion and thermal-flow body,Non-sentient; autonomous within validated behavior/command architecture.,"[""Genesis Expression"", ""Resonance"", ""Chirality""]","[""follow summoner"", ""hold position"", ""return/recall"", ""select resolved hostile target"", ""avoid designated allies"", ""constriction / lane control""]",constriction / lane control,Medium,ground slither / climbing,"[""thermal contact"", ""combustion jet"", ""localized ignition burst""]","[""coherent manifestation body; damage degrades structural resolution rather than biological tissue""]",moderate,"moderate initial formation load; exact fatigue depends on rank, competency, and current basin state.",moderate continuous sustain relative to ordinary manifestations of the same rank.,45–120 minutes at baseline competent use; rank/competency can change this substantially.,"[""Red"", ""Orange"", ""Green""]","Structural identity only. Basin colors do not map to Transduction domains, elements, or a power hierarchy.","{""Red"": ""light continuous"", ""Orange"": ""light continuous"", ""Green"": ""light continuous""}","[""voluntary dismissal"", ""required-basin exhaustion"", ""loss of sufficient structural coherence"", ""unrecoverable leash/control failure""]",Executes simple validated commands and role behaviors autonomously; no human-like cognition or independent personhood.,Rank-dependent Builder variable.,"{""Red"": ""Baseline inefficient manifestation."", ""Orange"": ""Improved sustain/control."", ""Yellow"": ""Improved output/mobility."", ""Green"": ""Reliable combat-grade autonomy."", ""Blue"": ""Reduced cognitive steering and better leash."", ""Violet"": ""Elite persistence/control/output."", ""White"": ""Mature manifestation plus White secondary expression.""}",Boundary Coil — establish a temporary movement-denial loop around a resolved locus.,Combustion Serpent Elemental,"[""Summoner"", ""Elemental"", ""Combustion"", ""Serpent"", ""constriction / lane control"", ""Medium""]",ALPHA candidate
SE-0005,Combustion Sentinel,Elemental manifestation,reactive combustion and thermal-flow body,Non-sentient; autonomous within validated behavior/command architecture.,"[""Genesis Expression"", ""Resonance"", ""Chirality""]","[""follow summoner"", ""hold position"", ""return/recall"", ""select resolved hostile target"", ""avoid designated allies"", ""guard / intercept""]",guard / intercept,Medium,slow ground / stationary,"[""thermal contact"", ""combustion jet"", ""localized ignition burst""]","[""coherent manifestation body; damage degrades structural resolution rather than biological tissue"", ""reinforced chiral persistence"", ""interposition/body-block behavior""]",low-to-moderate,"low-to-moderate initial formation load; exact fatigue depends on rank, competency, and current basin state.",low-to-moderate continuous sustain relative to ordinary manifestations of the same rank.,2–6 hours at baseline competent use; rank/competency can change this substantially.,"[""Red"", ""Orange"", ""Yellow""]","Structural identity only. Basin colors do not map to Transduction domains, elements, or a power hierarchy.","{""Red"": ""continuous"", ""Orange"": ""continuous"", ""Yellow"": ""continuous""}","[""voluntary dismissal"", ""required-basin exhaustion"", ""loss of sufficient structural coherence"", ""unrecoverable leash/control failure""]",Executes simple validated commands and role behaviors autonomously; no human-like cognition or independent personhood.,Rank-dependent Builder variable.,"{""Red"": ""Baseline inefficient manifestation."", ""Orange"": ""Improved sustain/control."", ""Yellow"": ""Improved output/mobility."", ""Green"": ""Reliable combat-grade autonomy."", ""Blue"": ""Reduced cognitive steering and better leash."", ""Violet"": ""Elite persistence/control/output."", ""White"": ""Mature manifestation plus White secondary expression.""}",Autonomous Watch — maintain a validated guard protocol with sharply reduced cognitive steering.,Combustion Sentinel Elemental,"[""Summoner"", ""Elemental"", ""Combustion"", ""Sentinel"", ""guard / intercept"", ""Medium""]",ALPHA candidate
SE-0006,Combustion Manta,Elemental manifestation,reactive combustion and thermal-flow body,Non-sentient; autonomous within validated behavior/command architecture.,"[""Genesis Expression"", ""Resonance"", ""Chirality""]","[""follow summoner"", ""hold position"", ""return/recall"", ""select resolved hostile target"", ""avoid designated allies"", ""screening / area control""]",screening / area control,Medium,aerial glide,"[""thermal contact"", ""combustion jet"", ""localized ignition burst""]","[""coherent manifestation body; damage degrades structural resolution rather than biological tissue"", ""mobility/evasion bias""]",moderate,"moderate initial formation load; exact fatigue depends on rank, competency, and current basin state.",moderate continuous sustain relative to ordinary manifestations of the same rank.,30–90 minutes at baseline competent use; rank/competency can change this substantially.,"[""Red"", ""Orange""]","Structural identity only. Basin colors do not map to Transduction domains, elements, or a power hierarchy.","{""Red"": ""continuous"", ""Orange"": ""continuous""}","[""voluntary dismissal"", ""required-basin exhaustion"", ""loss of sufficient structural coherence"", ""unrecoverable leash/control failure""]",Executes simple validated commands and role behaviors autonomously; no human-like cognition or independent personhood.,Rank-dependent Builder variable.,"{""Red"": ""Baseline inefficient manifestation."", ""Orange"": ""Improved sustain/control."", ""Yellow"": ""Improved output/mobility."", ""Green"": ""Reliable combat-grade autonomy."", ""Blue"": ""Reduced cognitive steering and better leash."", ""Violet"": ""Elite persistence/control/output."", ""White"": ""Mature manifestation plus White secondary expression.""}",Protective Orbit — autonomously maintain a moving screening envelope around a designated ally/group.,Combustion Manta Elemental,"[""Summoner"", ""Elemental"", ""Combustion"", ""Manta"", ""screening / area control"", ""Medium""]",ALPHA candidate
SE-0007,Combustion Swarm,Elemental manifestation,reactive combustion and thermal-flow body,Non-sentient; autonomous within validated behavior/command architecture.,"[""Genesis Expression"", ""Resonance"", ""Chirality""]","[""follow summoner"", ""hold position"", ""return/recall"", ""select resolved hostile target"", ""avoid designated allies"", ""harassment / saturation""]",harassment / saturation,Variable,distributed flight/ground motion,"[""thermal contact"", ""combustion jet"", ""localized ignition burst""]","[""coherent manifestation body; damage degrades structural resolution rather than biological tissue"", ""mobility/evasion bias""]",high,"high initial formation load; exact fatigue depends on rank, competency, and current basin state.",high continuous sustain relative to ordinary manifestations of the same rank.,15–45 minutes at baseline competent use; rank/competency can change this substantially.,"[""Red"", ""Orange"", ""Blue""]","Structural identity only. Basin colors do not map to Transduction domains, elements, or a power hierarchy.","{""Red"": ""continuous"", ""Orange"": ""continuous"", ""Blue"": ""continuous""}","[""voluntary dismissal"", ""required-basin exhaustion"", ""loss of sufficient structural coherence"", ""unrecoverable leash/control failure""]",Executes simple validated commands and role behaviors autonomously; no human-like cognition or independent personhood.,Rank-dependent Builder variable.,"{""Red"": ""Baseline inefficient manifestation."", ""Orange"": ""Improved sustain/control."", ""Yellow"": ""Improved output/mobility."", ""Green"": ""Reliable combat-grade autonomy."", ""Blue"": ""Reduced cognitive steering and better leash."", ""Violet"": ""Elite persistence/control/output."", ""White"": ""Mature manifestation plus White secondary expression.""}",Distributed Coordination — split/recombine subunits according to a validated target-priority rule.,Combustion Swarm Elemental,"[""Summoner"", ""Elemental"", ""Combustion"", ""Swarm"", ""harassment / saturation"", ""Variable""]",ALPHA candidate
SE-0008,Combustion Stag,Elemental manifestation,reactive combustion and thermal-flow body,Non-sentient; autonomous within validated behavior/command architecture.,"[""Genesis Expression"", ""Resonance"", ""Chirality""]","[""follow summoner"", ""hold position"", ""return/recall"", ""select resolved hostile target"", ""avoid designated allies"", ""carrier / charge / extraction""]",carrier / charge / extraction,Large,ground sprint,"[""thermal contact"", ""combustion jet"", ""localized ignition burst""]","[""coherent manifestation body; damage degrades structural resolution rather than biological tissue"", ""reinforced chiral persistence"", ""interposition/body-block behavior""]",high,"high initial formation load; exact fatigue depends on rank, competency, and current basin state.",high continuous sustain relative to ordinary manifestations of the same rank.,20–60 minutes at baseline competent use; rank/competency can change this substantially.,"[""Red"", ""Orange"", ""Green""]","Structural identity only. Basin colors do not map to Transduction domains, elements, or a power hierarchy.","{""Red"": ""continuous"", ""Orange"": ""continuous"", ""Green"": ""continuous""}","[""voluntary dismissal"", ""required-basin exhaustion"", ""loss of sufficient structural coherence"", ""unrecoverable leash/control failure""]",Executes simple validated commands and role behaviors autonomously; no human-like cognition or independent personhood.,Rank-dependent Builder variable.,"{""Red"": ""Baseline inefficient manifestation."", ""Orange"": ""Improved sustain/control."", ""Yellow"": ""Improved output/mobility."", ""Green"": ""Reliable combat-grade autonomy."", ""Blue"": ""Reduced cognitive steering and better leash."", ""Violet"": ""Elite persistence/control/output."", ""White"": ""Mature manifestation plus White secondary expression.""}",Extraction Run — autonomously navigate a validated retreat corridor while carrying an ally/load.,Combustion Stag Elemental,"[""Summoner"", ""Elemental"", ""Combustion"", ""Stag"", ""carrier / charge / extraction"", ""Large""]",ALPHA candidate
SE-0009,Combustion Colossus,Elemental manifestation,reactive combustion and thermal-flow body,Non-sentient; autonomous within validated behavior/command architecture.,"[""Genesis Expression"", ""Resonance"", ""Chirality""]","[""follow summoner"", ""hold position"", ""return/recall"", ""select resolved hostile target"", ""avoid designated allies"", ""breaker / siege / protection""]",breaker / siege / protection,Huge,slow ground,"[""thermal contact"", ""combustion jet"", ""localized ignition burst"", ""high-output mechanism-specific assault""]","[""coherent manifestation body; damage degrades structural resolution rather than biological tissue"", ""reinforced chiral persistence"", ""interposition/body-block behavior""]",very high,"very high initial formation load; exact fatigue depends on rank, competency, and current basin state.",very high continuous sustain relative to ordinary manifestations of the same rank.,2–10 minutes at baseline competent use; rank/competency can change this substantially.,"[""Red"", ""Orange"", ""Yellow"", ""Green""]","Structural identity only. Basin colors do not map to Transduction domains, elements, or a power hierarchy.","{""Red"": ""continuous"", ""Orange"": ""continuous"", ""Yellow"": ""continuous"", ""Green"": ""continuous""}","[""voluntary dismissal"", ""required-basin exhaustion"", ""loss of sufficient structural coherence"", ""unrecoverable leash/control failure""]",Executes simple validated commands and role behaviors autonomously; no human-like cognition or independent personhood.,Rank-dependent Builder variable.,"{""Red"": ""Baseline inefficient manifestation."", ""Orange"": ""Improved sustain/control."", ""Yellow"": ""Improved output/mobility."", ""Green"": ""Reliable combat-grade autonomy."", ""Blue"": ""Reduced cognitive steering and better leash."", ""Violet"": ""Elite persistence/control/output."", ""White"": ""Mature manifestation plus White secondary expression.""}",Last Bastion — redirect remaining reserve into a short-duration maximum-persistence defensive state.,Combustion Colossus Elemental,"[""Summoner"", ""Elemental"", ""Combustion"", ""Colossus"", ""breaker / siege / protection"", ""Huge""]",ALPHA candidate
SE-0010,Combustion Drake,Elemental manifestation,reactive combustion and thermal-flow body,Non-sentient; autonomous within validated behavior/command architecture.,"[""Genesis Expression"", ""Resonance"", ""Chirality""]","[""follow summoner"", ""hold position"", ""return/recall"", ""select resolved hostile target"", ""avoid designated allies"", ""high-output assault""]",high-output assault,Huge,aerial / ground,"[""thermal contact"", ""combustion jet"", ""localized ignition burst"", ""high-output mechanism-specific assault""]","[""coherent manifestation body; damage degrades structural resolution rather than biological tissue"", ""reinforced chiral persistence"", ""interposition/body-block behavior""]",extreme,"extreme initial formation load; exact fatigue depends on rank, competency, and current basin state.",extreme continuous sustain relative to ordinary manifestations of the same rank.,30 seconds–5 minutes at baseline competent use; rank/competency can change this substantially.,"[""Red"", ""Orange"", ""Green"", ""Yellow""]","Structural identity only. Basin colors do not map to Transduction domains, elements, or a power hierarchy.","{""Red"": ""continuous"", ""Orange"": ""continuous"", ""Green"": ""continuous"", ""Yellow"": ""continuous""}","[""voluntary dismissal"", ""required-basin exhaustion"", ""loss of sufficient structural coherence"", ""unrecoverable leash/control failure""]",Executes simple validated commands and role behaviors autonomously; no human-like cognition or independent personhood.,Rank-dependent Builder variable.,"{""Red"": ""Baseline inefficient manifestation."", ""Orange"": ""Improved sustain/control."", ""Yellow"": ""Improved output/mobility."", ""Green"": ""Reliable combat-grade autonomy."", ""Blue"": ""Reduced cognitive steering and better leash."", ""Violet"": ""Elite persistence/control/output."", ""White"": ""Mature manifestation plus White secondary expression.""}",Catastrophic Exhalation — consume a major fraction of remaining reserve in one mechanism-specific high-output assault.,Combustion Drake Elemental,"[""Summoner"", ""Elemental"", ""Combustion"", ""Drake"", ""high-output assault"", ""Huge""]",ALPHA candidate
SE-0011,Plasma Wisp,Elemental manifestation,ionized high-energy matter body,Non-sentient; autonomous within validated behavior/command architecture.,"[""Genesis Expression"", ""Resonance"", ""Chirality""]","[""follow summoner"", ""hold position"", ""return/recall"", ""select resolved hostile target"", ""avoid designated allies"", ""scout / harrier""]",scout / harrier,Tiny,aerial drift,"[""plasma contact"", ""short plasma beam""]","[""coherent manifestation body; damage degrades structural resolution rather than biological tissue"", ""mobility/evasion bias""]",low,"low initial formation load; exact fatigue depends on rank, competency, and current basin state.",low continuous sustain relative to ordinary manifestations of the same rank.,hours at baseline competent use; rank/competency can change this substantially.,"[""Red"", ""Yellow"", ""Blue""]","Structural identity only. Basin colors do not map to Transduction domains, elements, or a power hierarchy.","{""Red"": ""light continuous"", ""Yellow"": ""light continuous"", ""Blue"": ""light continuous""}","[""voluntary dismissal"", ""required-basin exhaustion"", ""loss of sufficient structural coherence"", ""unrecoverable leash/control failure""]",Executes simple validated commands and role behaviors autonomously; no human-like cognition or independent personhood.,Rank-dependent Builder variable.,"{""Red"": ""Baseline inefficient manifestation."", ""Orange"": ""Improved sustain/control."", ""Yellow"": ""Improved output/mobility."", ""Green"": ""Reliable combat-grade autonomy."", ""Blue"": ""Reduced cognitive steering and better leash."", ""Violet"": ""Elite persistence/control/output."", ""White"": ""Mature manifestation plus White secondary expression.""}",Independent Survey — continue a validated scouting route with minimal active steering and return compressed observations.,Plasma Wisp Elemental,"[""Summoner"", ""Elemental"", ""Plasma"", ""Wisp"", ""scout / harrier"", ""Tiny""]",ALPHA candidate
SE-0012,Plasma Hound,Elemental manifestation,ionized high-energy matter body,Non-sentient; autonomous within validated behavior/command architecture.,"[""Genesis Expression"", ""Resonance"", ""Chirality""]","[""follow summoner"", ""hold position"", ""return/recall"", ""select resolved hostile target"", ""avoid designated allies"", ""pursuit / interception""]",pursuit / interception,Small,ground sprint / leap,"[""plasma contact"", ""short plasma beam"", ""ionized burst""]","[""coherent manifestation body; damage degrades structural resolution rather than biological tissue""]",moderate,"moderate initial formation load; exact fatigue depends on rank, competency, and current basin state.",moderate continuous sustain relative to ordinary manifestations of the same rank.,1–3 hours at baseline competent use; rank/competency can change this substantially.,"[""Red"", ""Yellow"", ""Blue""]","Structural identity only. Basin colors do not map to Transduction domains, elements, or a power hierarchy.","{""Red"": ""light continuous"", ""Yellow"": ""light continuous"", ""Blue"": ""light continuous""}","[""voluntary dismissal"", ""required-basin exhaustion"", ""loss of sufficient structural coherence"", ""unrecoverable leash/control failure""]",Executes simple validated commands and role behaviors autonomously; no human-like cognition or independent personhood.,Rank-dependent Builder variable.,"{""Red"": ""Baseline inefficient manifestation."", ""Orange"": ""Improved sustain/control."", ""Yellow"": ""Improved output/mobility."", ""Green"": ""Reliable combat-grade autonomy."", ""Blue"": ""Reduced cognitive steering and better leash."", ""Violet"": ""Elite persistence/control/output."", ""White"": ""Mature manifestation plus White secondary expression.""}",Relentless Intercept — dynamically reassign interception among resolved threats while preserving guard priority.,Plasma Hound Elemental,"[""Summoner"", ""Elemental"", ""Plasma"", ""Hound"", ""pursuit / interception"", ""Small""]",ALPHA candidate
SE-0013,Plasma Raptor,Elemental manifestation,ionized high-energy matter body,Non-sentient; autonomous within validated behavior/command architecture.,"[""Genesis Expression"", ""Resonance"", ""Chirality""]","[""follow summoner"", ""hold position"", ""return/recall"", ""select resolved hostile target"", ""avoid designated allies"", ""aerial pursuit / strike""]",aerial pursuit / strike,Small,aerial flight,"[""plasma contact"", ""short plasma beam"", ""ionized burst""]","[""coherent manifestation body; damage degrades structural resolution rather than biological tissue"", ""mobility/evasion bias""]",moderate,"moderate initial formation load; exact fatigue depends on rank, competency, and current basin state.",moderate continuous sustain relative to ordinary manifestations of the same rank.,45–120 minutes at baseline competent use; rank/competency can change this substantially.,"[""Red"", ""Yellow"", ""Blue""]","Structural identity only. Basin colors do not map to Transduction domains, elements, or a power hierarchy.","{""Red"": ""light continuous"", ""Yellow"": ""light continuous"", ""Blue"": ""light continuous""}","[""voluntary dismissal"", ""required-basin exhaustion"", ""loss of sufficient structural coherence"", ""unrecoverable leash/control failure""]",Executes simple validated commands and role behaviors autonomously; no human-like cognition or independent personhood.,Rank-dependent Builder variable.,"{""Red"": ""Baseline inefficient manifestation."", ""Orange"": ""Improved sustain/control."", ""Yellow"": ""Improved output/mobility."", ""Green"": ""Reliable combat-grade autonomy."", ""Blue"": ""Reduced cognitive steering and better leash."", ""Violet"": ""Elite persistence/control/output."", ""White"": ""Mature manifestation plus White secondary expression.""}",Vector Hunt — autonomous pursuit through complex three-dimensional movement until recall/leash limit.,Plasma Raptor Elemental,"[""Summoner"", ""Elemental"", ""Plasma"", ""Raptor"", ""aerial pursuit / strike"", ""Small""]",ALPHA candidate
SE-0014,Plasma Serpent,Elemental manifestation,ionized high-energy matter body,Non-sentient; autonomous within validated behavior/command architecture.,"[""Genesis Expression"", ""Resonance"", ""Chirality""]","[""follow summoner"", ""hold position"", ""return/recall"", ""select resolved hostile target"", ""avoid designated allies"", ""constriction / lane control""]",constriction / lane control,Medium,ground slither / climbing,"[""plasma contact"", ""short plasma beam"", ""ionized burst""]","[""coherent manifestation body; damage degrades structural resolution rather than biological tissue""]",moderate,"moderate initial formation load; exact fatigue depends on rank, competency, and current basin state.",moderate continuous sustain relative to ordinary manifestations of the same rank.,45–120 minutes at baseline competent use; rank/competency can change this substantially.,"[""Red"", ""Yellow"", ""Blue""]","Structural identity only. Basin colors do not map to Transduction domains, elements, or a power hierarchy.","{""Red"": ""light continuous"", ""Yellow"": ""light continuous"", ""Blue"": ""light continuous""}","[""voluntary dismissal"", ""required-basin exhaustion"", ""loss of sufficient structural coherence"", ""unrecoverable leash/control failure""]",Executes simple validated commands and role behaviors autonomously; no human-like cognition or independent personhood.,Rank-dependent Builder variable.,"{""Red"": ""Baseline inefficient manifestation."", ""Orange"": ""Improved sustain/control."", ""Yellow"": ""Improved output/mobility."", ""Green"": ""Reliable combat-grade autonomy."", ""Blue"": ""Reduced cognitive steering and better leash."", ""Violet"": ""Elite persistence/control/output."", ""White"": ""Mature manifestation plus White secondary expression.""}",Boundary Coil — establish a temporary movement-denial loop around a resolved locus.,Plasma Serpent Elemental,"[""Summoner"", ""Elemental"", ""Plasma"", ""Serpent"", ""constriction / lane control"", ""Medium""]",ALPHA candidate
SE-0015,Plasma Sentinel,Elemental manifestation,ionized high-energy matter body,Non-sentient; autonomous within validated behavior/command architecture.,"[""Genesis Expression"", ""Resonance"", ""Chirality""]","[""follow summoner"", ""hold position"", ""return/recall"", ""select resolved hostile target"", ""avoid designated allies"", ""guard / intercept""]",guard / intercept,Medium,slow ground / stationary,"[""plasma contact"", ""short plasma beam"", ""ionized burst""]","[""coherent manifestation body; damage degrades structural resolution rather than biological tissue"", ""reinforced chiral persistence"", ""interposition/body-block behavior""]",low-to-moderate,"low-to-moderate initial formation load; exact fatigue depends on rank, competency, and current basin state.",low-to-moderate continuous sustain relative to ordinary manifestations of the same rank.,2–6 hours at baseline competent use; rank/competency can change this substantially.,"[""Red"", ""Yellow""]","Structural identity only. Basin colors do not map to Transduction domains, elements, or a power hierarchy.","{""Red"": ""continuous"", ""Yellow"": ""continuous""}","[""voluntary dismissal"", ""required-basin exhaustion"", ""loss of sufficient structural coherence"", ""unrecoverable leash/control failure""]",Executes simple validated commands and role behaviors autonomously; no human-like cognition or independent personhood.,Rank-dependent Builder variable.,"{""Red"": ""Baseline inefficient manifestation."", ""Orange"": ""Improved sustain/control."", ""Yellow"": ""Improved output/mobility."", ""Green"": ""Reliable combat-grade autonomy."", ""Blue"": ""Reduced cognitive steering and better leash."", ""Violet"": ""Elite persistence/control/output."", ""White"": ""Mature manifestation plus White secondary expression.""}",Autonomous Watch — maintain a validated guard protocol with sharply reduced cognitive steering.,Plasma Sentinel Elemental,"[""Summoner"", ""Elemental"", ""Plasma"", ""Sentinel"", ""guard / intercept"", ""Medium""]",ALPHA candidate
SE-0016,Plasma Manta,Elemental manifestation,ionized high-energy matter body,Non-sentient; autonomous within validated behavior/command architecture.,"[""Genesis Expression"", ""Resonance"", ""Chirality""]","[""follow summoner"", ""hold position"", ""return/recall"", ""select resolved hostile target"", ""avoid designated allies"", ""screening / area control""]",screening / area control,Medium,aerial glide,"[""plasma contact"", ""short plasma beam"", ""ionized burst""]","[""coherent manifestation body; damage degrades structural resolution rather than biological tissue"", ""mobility/evasion bias""]",moderate,"moderate initial formation load; exact fatigue depends on rank, competency, and current basin state.",moderate continuous sustain relative to ordinary manifestations of the same rank.,30–90 minutes at baseline competent use; rank/competency can change this substantially.,"[""Red"", ""Yellow"", ""Blue""]","Structural identity only. Basin colors do not map to Transduction domains, elements, or a power hierarchy.","{""Red"": ""continuous"", ""Yellow"": ""continuous"", ""Blue"": ""continuous""}","[""voluntary dismissal"", ""required-basin exhaustion"", ""loss of sufficient structural coherence"", ""unrecoverable leash/control failure""]",Executes simple validated commands and role behaviors autonomously; no human-like cognition or independent personhood.,Rank-dependent Builder variable.,"{""Red"": ""Baseline inefficient manifestation."", ""Orange"": ""Improved sustain/control."", ""Yellow"": ""Improved output/mobility."", ""Green"": ""Reliable combat-grade autonomy."", ""Blue"": ""Reduced cognitive steering and better leash."", ""Violet"": ""Elite persistence/control/output."", ""White"": ""Mature manifestation plus White secondary expression.""}",Protective Orbit — autonomously maintain a moving screening envelope around a designated ally/group.,Plasma Manta Elemental,"[""Summoner"", ""Elemental"", ""Plasma"", ""Manta"", ""screening / area control"", ""Medium""]",ALPHA candidate
SE-0017,Plasma Swarm,Elemental manifestation,ionized high-energy matter body,Non-sentient; autonomous within validated behavior/command architecture.,"[""Genesis Expression"", ""Resonance"", ""Chirality""]","[""follow summoner"", ""hold position"", ""return/recall"", ""select resolved hostile target"", ""avoid designated allies"", ""harassment / saturation""]",harassment / saturation,Variable,distributed flight/ground motion,"[""plasma contact"", ""short plasma beam"", ""ionized burst""]","[""coherent manifestation body; damage degrades structural resolution rather than biological tissue"", ""mobility/evasion bias""]",high,"high initial formation load; exact fatigue depends on rank, competency, and current basin state.",high continuous sustain relative to ordinary manifestations of the same rank.,15–45 minutes at baseline competent use; rank/competency can change this substantially.,"[""Red"", ""Yellow"", ""Blue""]","Structural identity only. Basin colors do not map to Transduction domains, elements, or a power hierarchy.","{""Red"": ""continuous"", ""Yellow"": ""continuous"", ""Blue"": ""continuous""}","[""voluntary dismissal"", ""required-basin exhaustion"", ""loss of sufficient structural coherence"", ""unrecoverable leash/control failure""]",Executes simple validated commands and role behaviors autonomously; no human-like cognition or independent personhood.,Rank-dependent Builder variable.,"{""Red"": ""Baseline inefficient manifestation."", ""Orange"": ""Improved sustain/control."", ""Yellow"": ""Improved output/mobility."", ""Green"": ""Reliable combat-grade autonomy."", ""Blue"": ""Reduced cognitive steering and better leash."", ""Violet"": ""Elite persistence/control/output."", ""White"": ""Mature manifestation plus White secondary expression.""}",Distributed Coordination — split/recombine subunits according to a validated target-priority rule.,Plasma Swarm Elemental,"[""Summoner"", ""Elemental"", ""Plasma"", ""Swarm"", ""harassment / saturation"", ""Variable""]",ALPHA candidate
SE-0018,Plasma Stag,Elemental manifestation,ionized high-energy matter body,Non-sentient; autonomous within validated behavior/command architecture.,"[""Genesis Expression"", ""Resonance"", ""Chirality""]","[""follow summoner"", ""hold position"", ""return/recall"", ""select resolved hostile target"", ""avoid designated allies"", ""carrier / charge / extraction""]",carrier / charge / extraction,Large,ground sprint,"[""plasma contact"", ""short plasma beam"", ""ionized burst""]","[""coherent manifestation body; damage degrades structural resolution rather than biological tissue"", ""reinforced chiral persistence"", ""interposition/body-block behavior""]",high,"high initial formation load; exact fatigue depends on rank, competency, and current basin state.",high continuous sustain relative to ordinary manifestations of the same rank.,20–60 minutes at baseline competent use; rank/competency can change this substantially.,"[""Red"", ""Yellow"", ""Blue""]","Structural identity only. Basin colors do not map to Transduction domains, elements, or a power hierarchy.","{""Red"": ""continuous"", ""Yellow"": ""continuous"", ""Blue"": ""continuous""}","[""voluntary dismissal"", ""required-basin exhaustion"", ""loss of sufficient structural coherence"", ""unrecoverable leash/control failure""]",Executes simple validated commands and role behaviors autonomously; no human-like cognition or independent personhood.,Rank-dependent Builder variable.,"{""Red"": ""Baseline inefficient manifestation."", ""Orange"": ""Improved sustain/control."", ""Yellow"": ""Improved output/mobility."", ""Green"": ""Reliable combat-grade autonomy."", ""Blue"": ""Reduced cognitive steering and better leash."", ""Violet"": ""Elite persistence/control/output."", ""White"": ""Mature manifestation plus White secondary expression.""}",Extraction Run — autonomously navigate a validated retreat corridor while carrying an ally/load.,Plasma Stag Elemental,"[""Summoner"", ""Elemental"", ""Plasma"", ""Stag"", ""carrier / charge / extraction"", ""Large""]",ALPHA candidate
SE-0019,Plasma Colossus,Elemental manifestation,ionized high-energy matter body,Non-sentient; autonomous within validated behavior/command architecture.,"[""Genesis Expression"", ""Resonance"", ""Chirality""]","[""follow summoner"", ""hold position"", ""return/recall"", ""select resolved hostile target"", ""avoid designated allies"", ""breaker / siege / protection""]",breaker / siege / protection,Huge,slow ground,"[""plasma contact"", ""short plasma beam"", ""ionized burst"", ""high-output mechanism-specific assault""]","[""coherent manifestation body; damage degrades structural resolution rather than biological tissue"", ""reinforced chiral persistence"", ""interposition/body-block behavior""]",very high,"very high initial formation load; exact fatigue depends on rank, competency, and current basin state.",very high continuous sustain relative to ordinary manifestations of the same rank.,2–10 minutes at baseline competent use; rank/competency can change this substantially.,"[""Red"", ""Yellow"", ""Blue"", ""Orange""]","Structural identity only. Basin colors do not map to Transduction domains, elements, or a power hierarchy.","{""Red"": ""continuous"", ""Yellow"": ""continuous"", ""Blue"": ""continuous"", ""Orange"": ""continuous""}","[""voluntary dismissal"", ""required-basin exhaustion"", ""loss of sufficient structural coherence"", ""unrecoverable leash/control failure""]",Executes simple validated commands and role behaviors autonomously; no human-like cognition or independent personhood.,Rank-dependent Builder variable.,"{""Red"": ""Baseline inefficient manifestation."", ""Orange"": ""Improved sustain/control."", ""Yellow"": ""Improved output/mobility."", ""Green"": ""Reliable combat-grade autonomy."", ""Blue"": ""Reduced cognitive steering and better leash."", ""Violet"": ""Elite persistence/control/output."", ""White"": ""Mature manifestation plus White secondary expression.""}",Last Bastion — redirect remaining reserve into a short-duration maximum-persistence defensive state.,Plasma Colossus Elemental,"[""Summoner"", ""Elemental"", ""Plasma"", ""Colossus"", ""breaker / siege / protection"", ""Huge""]",ALPHA candidate
SE-0020,Plasma Drake,Elemental manifestation,ionized high-energy matter body,Non-sentient; autonomous within validated behavior/command architecture.,"[""Genesis Expression"", ""Resonance"", ""Chirality""]","[""follow summoner"", ""hold position"", ""return/recall"", ""select resolved hostile target"", ""avoid designated allies"", ""high-output assault""]",high-output assault,Huge,aerial / ground,"[""plasma contact"", ""short plasma beam"", ""ionized burst"", ""high-output mechanism-specific assault""]","[""coherent manifestation body; damage degrades structural resolution rather than biological tissue"", ""reinforced chiral persistence"", ""interposition/body-block behavior""]",extreme,"extreme initial formation load; exact fatigue depends on rank, competency, and current basin state.",extreme continuous sustain relative to ordinary manifestations of the same rank.,30 seconds–5 minutes at baseline competent use; rank/competency can change this substantially.,"[""Red"", ""Yellow"", ""Blue"", ""Violet""]","Structural identity only. Basin colors do not map to Transduction domains, elements, or a power hierarchy.","{""Red"": ""continuous"", ""Yellow"": ""continuous"", ""Blue"": ""continuous"", ""Violet"": ""continuous""}","[""voluntary dismissal"", ""required-basin exhaustion"", ""loss of sufficient structural coherence"", ""unrecoverable leash/control failure""]",Executes simple validated commands and role behaviors autonomously; no human-like cognition or independent personhood.,Rank-dependent Builder variable.,"{""Red"": ""Baseline inefficient manifestation."", ""Orange"": ""Improved sustain/control."", ""Yellow"": ""Improved output/mobility."", ""Green"": ""Reliable combat-grade autonomy."", ""Blue"": ""Reduced cognitive steering and better leash."", ""Violet"": ""Elite persistence/control/output."", ""White"": ""Mature manifestation plus White secondary expression.""}",Catastrophic Exhalation — consume a major fraction of remaining reserve in one mechanism-specific high-output assault.,Plasma Drake Elemental,"[""Summoner"", ""Elemental"", ""Plasma"", ""Drake"", ""high-output assault"", ""Huge""]",ALPHA candidate
SE-0021,Lightning Wisp,Elemental manifestation,controlled electrical discharge/plasma-channel body,Non-sentient; autonomous within validated behavior/command architecture.,"[""Genesis Expression"", ""Resonance"", ""Chirality""]","[""follow summoner"", ""hold position"", ""return/recall"", ""select resolved hostile target"", ""avoid designated allies"", ""scout / harrier""]",scout / harrier,Tiny,aerial drift,"[""arc discharge"", ""contact conduction""]","[""coherent manifestation body; damage degrades structural resolution rather than biological tissue"", ""mobility/evasion bias""]",low,"low initial formation load; exact fatigue depends on rank, competency, and current basin state.",low continuous sustain relative to ordinary manifestations of the same rank.,hours at baseline competent use; rank/competency can change this substantially.,"[""Yellow"", ""Blue""]","Structural identity only. Basin colors do not map to Transduction domains, elements, or a power hierarchy.","{""Yellow"": ""light continuous"", ""Blue"": ""light continuous""}","[""voluntary dismissal"", ""required-basin exhaustion"", ""loss of sufficient structural coherence"", ""unrecoverable leash/control failure""]",Executes simple validated commands and role behaviors autonomously; no human-like cognition or independent personhood.,Rank-dependent Builder variable.,"{""Red"": ""Baseline inefficient manifestation."", ""Orange"": ""Improved sustain/control."", ""Yellow"": ""Improved output/mobility."", ""Green"": ""Reliable combat-grade autonomy."", ""Blue"": ""Reduced cognitive steering and better leash."", ""Violet"": ""Elite persistence/control/output."", ""White"": ""Mature manifestation plus White secondary expression.""}",Independent Survey — continue a validated scouting route with minimal active steering and return compressed observations.,Lightning Wisp Elemental,"[""Summoner"", ""Elemental"", ""Lightning"", ""Wisp"", ""scout / harrier"", ""Tiny""]",ALPHA candidate
SE-0022,Lightning Hound,Elemental manifestation,controlled electrical discharge/plasma-channel body,Non-sentient; autonomous within validated behavior/command architecture.,"[""Genesis Expression"", ""Resonance"", ""Chirality""]","[""follow summoner"", ""hold position"", ""return/recall"", ""select resolved hostile target"", ""avoid designated allies"", ""pursuit / interception""]",pursuit / interception,Small,ground sprint / leap,"[""arc discharge"", ""contact conduction"", ""forked electrical strike""]","[""coherent manifestation body; damage degrades structural resolution rather than biological tissue""]",moderate,"moderate initial formation load; exact fatigue depends on rank, competency, and current basin state.",moderate continuous sustain relative to ordinary manifestations of the same rank.,1–3 hours at baseline competent use; rank/competency can change this substantially.,"[""Yellow"", ""Blue""]","Structural identity only. Basin colors do not map to Transduction domains, elements, or a power hierarchy.","{""Yellow"": ""light continuous"", ""Blue"": ""light continuous""}","[""voluntary dismissal"", ""required-basin exhaustion"", ""loss of sufficient structural coherence"", ""unrecoverable leash/control failure""]",Executes simple validated commands and role behaviors autonomously; no human-like cognition or independent personhood.,Rank-dependent Builder variable.,"{""Red"": ""Baseline inefficient manifestation."", ""Orange"": ""Improved sustain/control."", ""Yellow"": ""Improved output/mobility."", ""Green"": ""Reliable combat-grade autonomy."", ""Blue"": ""Reduced cognitive steering and better leash."", ""Violet"": ""Elite persistence/control/output."", ""White"": ""Mature manifestation plus White secondary expression.""}",Relentless Intercept — dynamically reassign interception among resolved threats while preserving guard priority.,Lightning Hound Elemental,"[""Summoner"", ""Elemental"", ""Lightning"", ""Hound"", ""pursuit / interception"", ""Small""]",ALPHA candidate
SE-0023,Lightning Raptor,Elemental manifestation,controlled electrical discharge/plasma-channel body,Non-sentient; autonomous within validated behavior/command architecture.,"[""Genesis Expression"", ""Resonance"", ""Chirality""]","[""follow summoner"", ""hold position"", ""return/recall"", ""select resolved hostile target"", ""avoid designated allies"", ""aerial pursuit / strike""]",aerial pursuit / strike,Small,aerial flight,"[""arc discharge"", ""contact conduction"", ""forked electrical strike""]","[""coherent manifestation body; damage degrades structural resolution rather than biological tissue"", ""mobility/evasion bias""]",moderate,"moderate initial formation load; exact fatigue depends on rank, competency, and current basin state.",moderate continuous sustain relative to ordinary manifestations of the same rank.,45–120 minutes at baseline competent use; rank/competency can change this substantially.,"[""Yellow"", ""Blue""]","Structural identity only. Basin colors do not map to Transduction domains, elements, or a power hierarchy.","{""Yellow"": ""light continuous"", ""Blue"": ""light continuous""}","[""voluntary dismissal"", ""required-basin exhaustion"", ""loss of sufficient structural coherence"", ""unrecoverable leash/control failure""]",Executes simple validated commands and role behaviors autonomously; no human-like cognition or independent personhood.,Rank-dependent Builder variable.,"{""Red"": ""Baseline inefficient manifestation."", ""Orange"": ""Improved sustain/control."", ""Yellow"": ""Improved output/mobility."", ""Green"": ""Reliable combat-grade autonomy."", ""Blue"": ""Reduced cognitive steering and better leash."", ""Violet"": ""Elite persistence/control/output."", ""White"": ""Mature manifestation plus White secondary expression.""}",Vector Hunt — autonomous pursuit through complex three-dimensional movement until recall/leash limit.,Lightning Raptor Elemental,"[""Summoner"", ""Elemental"", ""Lightning"", ""Raptor"", ""aerial pursuit / strike"", ""Small""]",ALPHA candidate
SE-0024,Lightning Serpent,Elemental manifestation,controlled electrical discharge/plasma-channel body,Non-sentient; autonomous within validated behavior/command architecture.,"[""Genesis Expression"", ""Resonance"", ""Chirality""]","[""follow summoner"", ""hold position"", ""return/recall"", ""select resolved hostile target"", ""avoid designated allies"", ""constriction / lane control""]",constriction / lane control,Medium,ground slither / climbing,"[""arc discharge"", ""contact conduction"", ""forked electrical strike""]","[""coherent manifestation body; damage degrades structural resolution rather than biological tissue""]",moderate,"moderate initial formation load; exact fatigue depends on rank, competency, and current basin state.",moderate continuous sustain relative to ordinary manifestations of the same rank.,45–120 minutes at baseline competent use; rank/competency can change this substantially.,"[""Yellow"", ""Blue"", ""Red""]","Structural identity only. Basin colors do not map to Transduction domains, elements, or a power hierarchy.","{""Yellow"": ""light continuous"", ""Blue"": ""light continuous"", ""Red"": ""light continuous""}","[""voluntary dismissal"", ""required-basin exhaustion"", ""loss of sufficient structural coherence"", ""unrecoverable leash/control failure""]",Executes simple validated commands and role behaviors autonomously; no human-like cognition or independent personhood.,Rank-dependent Builder variable.,"{""Red"": ""Baseline inefficient manifestation."", ""Orange"": ""Improved sustain/control."", ""Yellow"": ""Improved output/mobility."", ""Green"": ""Reliable combat-grade autonomy."", ""Blue"": ""Reduced cognitive steering and better leash."", ""Violet"": ""Elite persistence/control/output."", ""White"": ""Mature manifestation plus White secondary expression.""}",Boundary Coil — establish a temporary movement-denial loop around a resolved locus.,Lightning Serpent Elemental,"[""Summoner"", ""Elemental"", ""Lightning"", ""Serpent"", ""constriction / lane control"", ""Medium""]",ALPHA candidate
SE-0025,Lightning Sentinel,Elemental manifestation,controlled electrical discharge/plasma-channel body,Non-sentient; autonomous within validated behavior/command architecture.,"[""Genesis Expression"", ""Resonance"", ""Chirality""]","[""follow summoner"", ""hold position"", ""return/recall"", ""select resolved hostile target"", ""avoid designated allies"", ""guard / intercept""]",guard / intercept,Medium,slow ground / stationary,"[""arc discharge"", ""contact conduction"", ""forked electrical strike""]","[""coherent manifestation body; damage degrades structural resolution rather than biological tissue"", ""reinforced chiral persistence"", ""interposition/body-block behavior""]",low-to-moderate,"low-to-moderate initial formation load; exact fatigue depends on rank, competency, and current basin state.",low-to-moderate continuous sustain relative to ordinary manifestations of the same rank.,2–6 hours at baseline competent use; rank/competency can change this substantially.,"[""Yellow"", ""Blue"", ""Red""]","Structural identity only. Basin colors do not map to Transduction domains, elements, or a power hierarchy.","{""Yellow"": ""continuous"", ""Blue"": ""continuous"", ""Red"": ""continuous""}","[""voluntary dismissal"", ""required-basin exhaustion"", ""loss of sufficient structural coherence"", ""unrecoverable leash/control failure""]",Executes simple validated commands and role behaviors autonomously; no human-like cognition or independent personhood.,Rank-dependent Builder variable.,"{""Red"": ""Baseline inefficient manifestation."", ""Orange"": ""Improved sustain/control."", ""Yellow"": ""Improved output/mobility."", ""Green"": ""Reliable combat-grade autonomy."", ""Blue"": ""Reduced cognitive steering and better leash."", ""Violet"": ""Elite persistence/control/output."", ""White"": ""Mature manifestation plus White secondary expression.""}",Autonomous Watch — maintain a validated guard protocol with sharply reduced cognitive steering.,Lightning Sentinel Elemental,"[""Summoner"", ""Elemental"", ""Lightning"", ""Sentinel"", ""guard / intercept"", ""Medium""]",ALPHA candidate
SE-0026,Lightning Manta,Elemental manifestation,controlled electrical discharge/plasma-channel body,Non-sentient; autonomous within validated behavior/command architecture.,"[""Genesis Expression"", ""Resonance"", ""Chirality""]","[""follow summoner"", ""hold position"", ""return/recall"", ""select resolved hostile target"", ""avoid designated allies"", ""screening / area control""]",screening / area control,Medium,aerial glide,"[""arc discharge"", ""contact conduction"", ""forked electrical strike""]","[""coherent manifestation body; damage degrades structural resolution rather than biological tissue"", ""mobility/evasion bias""]",moderate,"moderate initial formation load; exact fatigue depends on rank, competency, and current basin state.",moderate continuous sustain relative to ordinary manifestations of the same rank.,30–90 minutes at baseline competent use; rank/competency can change this substantially.,"[""Yellow"", ""Blue"", ""Orange""]","Structural identity only. Basin colors do not map to Transduction domains, elements, or a power hierarchy.","{""Yellow"": ""continuous"", ""Blue"": ""continuous"", ""Orange"": ""continuous""}","[""voluntary dismissal"", ""required-basin exhaustion"", ""loss of sufficient structural coherence"", ""unrecoverable leash/control failure""]",Executes simple validated commands and role behaviors autonomously; no human-like cognition or independent personhood.,Rank-dependent Builder variable.,"{""Red"": ""Baseline inefficient manifestation."", ""Orange"": ""Improved sustain/control."", ""Yellow"": ""Improved output/mobility."", ""Green"": ""Reliable combat-grade autonomy."", ""Blue"": ""Reduced cognitive steering and better leash."", ""Violet"": ""Elite persistence/control/output."", ""White"": ""Mature manifestation plus White secondary expression.""}",Protective Orbit — autonomously maintain a moving screening envelope around a designated ally/group.,Lightning Manta Elemental,"[""Summoner"", ""Elemental"", ""Lightning"", ""Manta"", ""screening / area control"", ""Medium""]",ALPHA candidate
SE-0027,Lightning Swarm,Elemental manifestation,controlled electrical discharge/plasma-channel body,Non-sentient; autonomous within validated behavior/command architecture.,"[""Genesis Expression"", ""Resonance"", ""Chirality""]","[""follow summoner"", ""hold position"", ""return/recall"", ""select resolved hostile target"", ""avoid designated allies"", ""harassment / saturation""]",harassment / saturation,Variable,distributed flight/ground motion,"[""arc discharge"", ""contact conduction"", ""forked electrical strike""]","[""coherent manifestation body; damage degrades structural resolution rather than biological tissue"", ""mobility/evasion bias""]",high,"high initial formation load; exact fatigue depends on rank, competency, and current basin state.",high continuous sustain relative to ordinary manifestations of the same rank.,15–45 minutes at baseline competent use; rank/competency can change this substantially.,"[""Yellow"", ""Blue"", ""Red""]","Structural identity only. Basin colors do not map to Transduction domains, elements, or a power hierarchy.","{""Yellow"": ""continuous"", ""Blue"": ""continuous"", ""Red"": ""continuous""}","[""voluntary dismissal"", ""required-basin exhaustion"", ""loss of sufficient structural coherence"", ""unrecoverable leash/control failure""]",Executes simple validated commands and role behaviors autonomously; no human-like cognition or independent personhood.,Rank-dependent Builder variable.,"{""Red"": ""Baseline inefficient manifestation."", ""Orange"": ""Improved sustain/control."", ""Yellow"": ""Improved output/mobility."", ""Green"": ""Reliable combat-grade autonomy."", ""Blue"": ""Reduced cognitive steering and better leash."", ""Violet"": ""Elite persistence/control/output."", ""White"": ""Mature manifestation plus White secondary expression.""}",Distributed Coordination — split/recombine subunits according to a validated target-priority rule.,Lightning Swarm Elemental,"[""Summoner"", ""Elemental"", ""Lightning"", ""Swarm"", ""harassment / saturation"", ""Variable""]",ALPHA candidate
SE-0028,Lightning Stag,Elemental manifestation,controlled electrical discharge/plasma-channel body,Non-sentient; autonomous within validated behavior/command architecture.,"[""Genesis Expression"", ""Resonance"", ""Chirality""]","[""follow summoner"", ""hold position"", ""return/recall"", ""select resolved hostile target"", ""avoid designated allies"", ""carrier / charge / extraction""]",carrier / charge / extraction,Large,ground sprint,"[""arc discharge"", ""contact conduction"", ""forked electrical strike""]","[""coherent manifestation body; damage degrades structural resolution rather than biological tissue"", ""reinforced chiral persistence"", ""interposition/body-block behavior""]",high,"high initial formation load; exact fatigue depends on rank, competency, and current basin state.",high continuous sustain relative to ordinary manifestations of the same rank.,20–60 minutes at baseline competent use; rank/competency can change this substantially.,"[""Yellow"", ""Blue"", ""Orange""]","Structural identity only. Basin colors do not map to Transduction domains, elements, or a power hierarchy.","{""Yellow"": ""continuous"", ""Blue"": ""continuous"", ""Orange"": ""continuous""}","[""voluntary dismissal"", ""required-basin exhaustion"", ""loss of sufficient structural coherence"", ""unrecoverable leash/control failure""]",Executes simple validated commands and role behaviors autonomously; no human-like cognition or independent personhood.,Rank-dependent Builder variable.,"{""Red"": ""Baseline inefficient manifestation."", ""Orange"": ""Improved sustain/control."", ""Yellow"": ""Improved output/mobility."", ""Green"": ""Reliable combat-grade autonomy."", ""Blue"": ""Reduced cognitive steering and better leash."", ""Violet"": ""Elite persistence/control/output."", ""White"": ""Mature manifestation plus White secondary expression.""}",Extraction Run — autonomously navigate a validated retreat corridor while carrying an ally/load.,Lightning Stag Elemental,"[""Summoner"", ""Elemental"", ""Lightning"", ""Stag"", ""carrier / charge / extraction"", ""Large""]",ALPHA candidate
SE-0029,Lightning Colossus,Elemental manifestation,controlled electrical discharge/plasma-channel body,Non-sentient; autonomous within validated behavior/command architecture.,"[""Genesis Expression"", ""Resonance"", ""Chirality""]","[""follow summoner"", ""hold position"", ""return/recall"", ""select resolved hostile target"", ""avoid designated allies"", ""breaker / siege / protection""]",breaker / siege / protection,Huge,slow ground,"[""arc discharge"", ""contact conduction"", ""forked electrical strike"", ""high-output mechanism-specific assault""]","[""coherent manifestation body; damage degrades structural resolution rather than biological tissue"", ""reinforced chiral persistence"", ""interposition/body-block behavior""]",very high,"very high initial formation load; exact fatigue depends on rank, competency, and current basin state.",very high continuous sustain relative to ordinary manifestations of the same rank.,2–10 minutes at baseline competent use; rank/competency can change this substantially.,"[""Yellow"", ""Blue"", ""Red"", ""Violet""]","Structural identity only. Basin colors do not map to Transduction domains, elements, or a power hierarchy.","{""Yellow"": ""continuous"", ""Blue"": ""continuous"", ""Red"": ""continuous"", ""Violet"": ""continuous""}","[""voluntary dismissal"", ""required-basin exhaustion"", ""loss of sufficient structural coherence"", ""unrecoverable leash/control failure""]",Executes simple validated commands and role behaviors autonomously; no human-like cognition or independent personhood.,Rank-dependent Builder variable.,"{""Red"": ""Baseline inefficient manifestation."", ""Orange"": ""Improved sustain/control."", ""Yellow"": ""Improved output/mobility."", ""Green"": ""Reliable combat-grade autonomy."", ""Blue"": ""Reduced cognitive steering and better leash."", ""Violet"": ""Elite persistence/control/output."", ""White"": ""Mature manifestation plus White secondary expression.""}",Last Bastion — redirect remaining reserve into a short-duration maximum-persistence defensive state.,Lightning Colossus Elemental,"[""Summoner"", ""Elemental"", ""Lightning"", ""Colossus"", ""breaker / siege / protection"", ""Huge""]",ALPHA candidate
SE-0030,Lightning Drake,Elemental manifestation,controlled electrical discharge/plasma-channel body,Non-sentient; autonomous within validated behavior/command architecture.,"[""Genesis Expression"", ""Resonance"", ""Chirality""]","[""follow summoner"", ""hold position"", ""return/recall"", ""select resolved hostile target"", ""avoid designated allies"", ""high-output assault""]",high-output assault,Huge,aerial / ground,"[""arc discharge"", ""contact conduction"", ""forked electrical strike"", ""high-output mechanism-specific assault""]","[""coherent manifestation body; damage degrades structural resolution rather than biological tissue"", ""reinforced chiral persistence"", ""interposition/body-block behavior""]",extreme,"extreme initial formation load; exact fatigue depends on rank, competency, and current basin state.",extreme continuous sustain relative to ordinary manifestations of the same rank.,30 seconds–5 minutes at baseline competent use; rank/competency can change this substantially.,"[""Yellow"", ""Blue"", ""Orange"", ""Green""]","Structural identity only. Basin colors do not map to Transduction domains, elements, or a power hierarchy.","{""Yellow"": ""continuous"", ""Blue"": ""continuous"", ""Orange"": ""continuous"", ""Green"": ""continuous""}","[""voluntary dismissal"", ""required-basin exhaustion"", ""loss of sufficient structural coherence"", ""unrecoverable leash/control failure""]",Executes simple validated commands and role behaviors autonomously; no human-like cognition or independent personhood.,Rank-dependent Builder variable.,"{""Red"": ""Baseline inefficient manifestation."", ""Orange"": ""Improved sustain/control."", ""Yellow"": ""Improved output/mobility."", ""Green"": ""Reliable combat-grade autonomy."", ""Blue"": ""Reduced cognitive steering and better leash."", ""Violet"": ""Elite persistence/control/output."", ""White"": ""Mature manifestation plus White secondary expression.""}",Catastrophic Exhalation — consume a major fraction of remaining reserve in one mechanism-specific high-output assault.,Lightning Drake Elemental,"[""Summoner"", ""Elemental"", ""Lightning"", ""Drake"", ""high-output assault"", ""Huge""]",ALPHA candidate
SE-0031,Thermal Wisp,Elemental manifestation,localized heat-gradient body,Non-sentient; autonomous within validated behavior/command architecture.,"[""Genesis Expression"", ""Resonance"", ""Chirality""]","[""follow summoner"", ""hold position"", ""return/recall"", ""select resolved hostile target"", ""avoid designated allies"", ""scout / harrier""]",scout / harrier,Tiny,aerial drift,"[""heat pulse"", ""thermal contact""]","[""coherent manifestation body; damage degrades structural resolution rather than biological tissue"", ""mobility/evasion bias""]",low,"low initial formation load; exact fatigue depends on rank, competency, and current basin state.",low continuous sustain relative to ordinary manifestations of the same rank.,hours at baseline competent use; rank/competency can change this substantially.,"[""Red"", ""Orange"", ""Blue""]","Structural identity only. Basin colors do not map to Transduction domains, elements, or a power hierarchy.","{""Red"": ""light continuous"", ""Orange"": ""light continuous"", ""Blue"": ""light continuous""}","[""voluntary dismissal"", ""required-basin exhaustion"", ""loss of sufficient structural coherence"", ""unrecoverable leash/control failure""]",Executes simple validated commands and role behaviors autonomously; no human-like cognition or independent personhood.,Rank-dependent Builder variable.,"{""Red"": ""Baseline inefficient manifestation."", ""Orange"": ""Improved sustain/control."", ""Yellow"": ""Improved output/mobility."", ""Green"": ""Reliable combat-grade autonomy."", ""Blue"": ""Reduced cognitive steering and better leash."", ""Violet"": ""Elite persistence/control/output."", ""White"": ""Mature manifestation plus White secondary expression.""}",Independent Survey — continue a validated scouting route with minimal active steering and return compressed observations.,Thermal Wisp Elemental,"[""Summoner"", ""Elemental"", ""Thermal"", ""Wisp"", ""scout / harrier"", ""Tiny""]",ALPHA candidate
SE-0032,Thermal Hound,Elemental manifestation,localized heat-gradient body,Non-sentient; autonomous within validated behavior/command architecture.,"[""Genesis Expression"", ""Resonance"", ""Chirality""]","[""follow summoner"", ""hold position"", ""return/recall"", ""select resolved hostile target"", ""avoid designated allies"", ""pursuit / interception""]",pursuit / interception,Small,ground sprint / leap,"[""heat pulse"", ""thermal contact"", ""directed heat front""]","[""coherent manifestation body; damage degrades structural resolution rather than biological tissue""]",moderate,"moderate initial formation load; exact fatigue depends on rank, competency, and current basin state.",moderate continuous sustain relative to ordinary manifestations of the same rank.,1–3 hours at baseline competent use; rank/competency can change this substantially.,"[""Red"", ""Orange"", ""Blue""]","Structural identity only. Basin colors do not map to Transduction domains, elements, or a power hierarchy.","{""Red"": ""light continuous"", ""Orange"": ""light continuous"", ""Blue"": ""light continuous""}","[""voluntary dismissal"", ""required-basin exhaustion"", ""loss of sufficient structural coherence"", ""unrecoverable leash/control failure""]",Executes simple validated commands and role behaviors autonomously; no human-like cognition or independent personhood.,Rank-dependent Builder variable.,"{""Red"": ""Baseline inefficient manifestation."", ""Orange"": ""Improved sustain/control."", ""Yellow"": ""Improved output/mobility."", ""Green"": ""Reliable combat-grade autonomy."", ""Blue"": ""Reduced cognitive steering and better leash."", ""Violet"": ""Elite persistence/control/output."", ""White"": ""Mature manifestation plus White secondary expression.""}",Relentless Intercept — dynamically reassign interception among resolved threats while preserving guard priority.,Thermal Hound Elemental,"[""Summoner"", ""Elemental"", ""Thermal"", ""Hound"", ""pursuit / interception"", ""Small""]",ALPHA candidate
SE-0033,Thermal Raptor,Elemental manifestation,localized heat-gradient body,Non-sentient; autonomous within validated behavior/command architecture.,"[""Genesis Expression"", ""Resonance"", ""Chirality""]","[""follow summoner"", ""hold position"", ""return/recall"", ""select resolved hostile target"", ""avoid designated allies"", ""aerial pursuit / strike""]",aerial pursuit / strike,Small,aerial flight,"[""heat pulse"", ""thermal contact"", ""directed heat front""]","[""coherent manifestation body; damage degrades structural resolution rather than biological tissue"", ""mobility/evasion bias""]",moderate,"moderate initial formation load; exact fatigue depends on rank, competency, and current basin state.",moderate continuous sustain relative to ordinary manifestations of the same rank.,45–120 minutes at baseline competent use; rank/competency can change this substantially.,"[""Red"", ""Orange""]","Structural identity only. Basin colors do not map to Transduction domains, elements, or a power hierarchy.","{""Red"": ""light continuous"", ""Orange"": ""light continuous""}","[""voluntary dismissal"", ""required-basin exhaustion"", ""loss of sufficient structural coherence"", ""unrecoverable leash/control failure""]",Executes simple validated commands and role behaviors autonomously; no human-like cognition or independent personhood.,Rank-dependent Builder variable.,"{""Red"": ""Baseline inefficient manifestation."", ""Orange"": ""Improved sustain/control."", ""Yellow"": ""Improved output/mobility."", ""Green"": ""Reliable combat-grade autonomy."", ""Blue"": ""Reduced cognitive steering and better leash."", ""Violet"": ""Elite persistence/control/output."", ""White"": ""Mature manifestation plus White secondary expression.""}",Vector Hunt — autonomous pursuit through complex three-dimensional movement until recall/leash limit.,Thermal Raptor Elemental,"[""Summoner"", ""Elemental"", ""Thermal"", ""Raptor"", ""aerial pursuit / strike"", ""Small""]",ALPHA candidate
SE-0034,Thermal Serpent,Elemental manifestation,localized heat-gradient body,Non-sentient; autonomous within validated behavior/command architecture.,"[""Genesis Expression"", ""Resonance"", ""Chirality""]","[""follow summoner"", ""hold position"", ""return/recall"", ""select resolved hostile target"", ""avoid designated allies"", ""constriction / lane control""]",constriction / lane control,Medium,ground slither / climbing,"[""heat pulse"", ""thermal contact"", ""directed heat front""]","[""coherent manifestation body; damage degrades structural resolution rather than biological tissue""]",moderate,"moderate initial formation load; exact fatigue depends on rank, competency, and current basin state.",moderate continuous sustain relative to ordinary manifestations of the same rank.,45–120 minutes at baseline competent use; rank/competency can change this substantially.,"[""Red"", ""Orange"", ""Blue""]","Structural identity only. Basin colors do not map to Transduction domains, elements, or a power hierarchy.","{""Red"": ""light continuous"", ""Orange"": ""light continuous"", ""Blue"": ""light continuous""}","[""voluntary dismissal"", ""required-basin exhaustion"", ""loss of sufficient structural coherence"", ""unrecoverable leash/control failure""]",Executes simple validated commands and role behaviors autonomously; no human-like cognition or independent personhood.,Rank-dependent Builder variable.,"{""Red"": ""Baseline inefficient manifestation."", ""Orange"": ""Improved sustain/control."", ""Yellow"": ""Improved output/mobility."", ""Green"": ""Reliable combat-grade autonomy."", ""Blue"": ""Reduced cognitive steering and better leash."", ""Violet"": ""Elite persistence/control/output."", ""White"": ""Mature manifestation plus White secondary expression.""}",Boundary Coil — establish a temporary movement-denial loop around a resolved locus.,Thermal Serpent Elemental,"[""Summoner"", ""Elemental"", ""Thermal"", ""Serpent"", ""constriction / lane control"", ""Medium""]",ALPHA candidate
SE-0035,Thermal Sentinel,Elemental manifestation,localized heat-gradient body,Non-sentient; autonomous within validated behavior/command architecture.,"[""Genesis Expression"", ""Resonance"", ""Chirality""]","[""follow summoner"", ""hold position"", ""return/recall"", ""select resolved hostile target"", ""avoid designated allies"", ""guard / intercept""]",guard / intercept,Medium,slow ground / stationary,"[""heat pulse"", ""thermal contact"", ""directed heat front""]","[""coherent manifestation body; damage degrades structural resolution rather than biological tissue"", ""reinforced chiral persistence"", ""interposition/body-block behavior""]",low-to-moderate,"low-to-moderate initial formation load; exact fatigue depends on rank, competency, and current basin state.",low-to-moderate continuous sustain relative to ordinary manifestations of the same rank.,2–6 hours at baseline competent use; rank/competency can change this substantially.,"[""Red"", ""Orange"", ""Blue""]","Structural identity only. Basin colors do not map to Transduction domains, elements, or a power hierarchy.","{""Red"": ""continuous"", ""Orange"": ""continuous"", ""Blue"": ""continuous""}","[""voluntary dismissal"", ""required-basin exhaustion"", ""loss of sufficient structural coherence"", ""unrecoverable leash/control failure""]",Executes simple validated commands and role behaviors autonomously; no human-like cognition or independent personhood.,Rank-dependent Builder variable.,"{""Red"": ""Baseline inefficient manifestation."", ""Orange"": ""Improved sustain/control."", ""Yellow"": ""Improved output/mobility."", ""Green"": ""Reliable combat-grade autonomy."", ""Blue"": ""Reduced cognitive steering and better leash."", ""Violet"": ""Elite persistence/control/output."", ""White"": ""Mature manifestation plus White secondary expression.""}",Autonomous Watch — maintain a validated guard protocol with sharply reduced cognitive steering.,Thermal Sentinel Elemental,"[""Summoner"", ""Elemental"", ""Thermal"", ""Sentinel"", ""guard / intercept"", ""Medium""]",ALPHA candidate
SE-0036,Thermal Manta,Elemental manifestation,localized heat-gradient body,Non-sentient; autonomous within validated behavior/command architecture.,"[""Genesis Expression"", ""Resonance"", ""Chirality""]","[""follow summoner"", ""hold position"", ""return/recall"", ""select resolved hostile target"", ""avoid designated allies"", ""screening / area control""]",screening / area control,Medium,aerial glide,"[""heat pulse"", ""thermal contact"", ""directed heat front""]","[""coherent manifestation body; damage degrades structural resolution rather than biological tissue"", ""mobility/evasion bias""]",moderate,"moderate initial formation load; exact fatigue depends on rank, competency, and current basin state.",moderate continuous sustain relative to ordinary manifestations of the same rank.,30–90 minutes at baseline competent use; rank/competency can change this substantially.,"[""Red"", ""Orange"", ""Blue""]","Structural identity only. Basin colors do not map to Transduction domains, elements, or a power hierarchy.","{""Red"": ""continuous"", ""Orange"": ""continuous"", ""Blue"": ""continuous""}","[""voluntary dismissal"", ""required-basin exhaustion"", ""loss of sufficient structural coherence"", ""unrecoverable leash/control failure""]",Executes simple validated commands and role behaviors autonomously; no human-like cognition or independent personhood.,Rank-dependent Builder variable.,"{""Red"": ""Baseline inefficient manifestation."", ""Orange"": ""Improved sustain/control."", ""Yellow"": ""Improved output/mobility."", ""Green"": ""Reliable combat-grade autonomy."", ""Blue"": ""Reduced cognitive steering and better leash."", ""Violet"": ""Elite persistence/control/output."", ""White"": ""Mature manifestation plus White secondary expression.""}",Protective Orbit — autonomously maintain a moving screening envelope around a designated ally/group.,Thermal Manta Elemental,"[""Summoner"", ""Elemental"", ""Thermal"", ""Manta"", ""screening / area control"", ""Medium""]",ALPHA candidate
SE-0037,Thermal Swarm,Elemental manifestation,localized heat-gradient body,Non-sentient; autonomous within validated behavior/command architecture.,"[""Genesis Expression"", ""Resonance"", ""Chirality""]","[""follow summoner"", ""hold position"", ""return/recall"", ""select resolved hostile target"", ""avoid designated allies"", ""harassment / saturation""]",harassment / saturation,Variable,distributed flight/ground motion,"[""heat pulse"", ""thermal contact"", ""directed heat front""]","[""coherent manifestation body; damage degrades structural resolution rather than biological tissue"", ""mobility/evasion bias""]",high,"high initial formation load; exact fatigue depends on rank, competency, and current basin state.",high continuous sustain relative to ordinary manifestations of the same rank.,15–45 minutes at baseline competent use; rank/competency can change this substantially.,"[""Red"", ""Orange"", ""Blue""]","Structural identity only. Basin colors do not map to Transduction domains, elements, or a power hierarchy.","{""Red"": ""continuous"", ""Orange"": ""continuous"", ""Blue"": ""continuous""}","[""voluntary dismissal"", ""required-basin exhaustion"", ""loss of sufficient structural coherence"", ""unrecoverable leash/control failure""]",Executes simple validated commands and role behaviors autonomously; no human-like cognition or independent personhood.,Rank-dependent Builder variable.,"{""Red"": ""Baseline inefficient manifestation."", ""Orange"": ""Improved sustain/control."", ""Yellow"": ""Improved output/mobility."", ""Green"": ""Reliable combat-grade autonomy."", ""Blue"": ""Reduced cognitive steering and better leash."", ""Violet"": ""Elite persistence/control/output."", ""White"": ""Mature manifestation plus White secondary expression.""}",Distributed Coordination — split/recombine subunits according to a validated target-priority rule.,Thermal Swarm Elemental,"[""Summoner"", ""Elemental"", ""Thermal"", ""Swarm"", ""harassment / saturation"", ""Variable""]",ALPHA candidate
SE-0038,Thermal Stag,Elemental manifestation,localized heat-gradient body,Non-sentient; autonomous within validated behavior/command architecture.,"[""Genesis Expression"", ""Resonance"", ""Chirality""]","[""follow summoner"", ""hold position"", ""return/recall"", ""select resolved hostile target"", ""avoid designated allies"", ""carrier / charge / extraction""]",carrier / charge / extraction,Large,ground sprint,"[""heat pulse"", ""thermal contact"", ""directed heat front""]","[""coherent manifestation body; damage degrades structural resolution rather than biological tissue"", ""reinforced chiral persistence"", ""interposition/body-block behavior""]",high,"high initial formation load; exact fatigue depends on rank, competency, and current basin state.",high continuous sustain relative to ordinary manifestations of the same rank.,20–60 minutes at baseline competent use; rank/competency can change this substantially.,"[""Red"", ""Orange"", ""Violet""]","Structural identity only. Basin colors do not map to Transduction domains, elements, or a power hierarchy.","{""Red"": ""continuous"", ""Orange"": ""continuous"", ""Violet"": ""continuous""}","[""voluntary dismissal"", ""required-basin exhaustion"", ""loss of sufficient structural coherence"", ""unrecoverable leash/control failure""]",Executes simple validated commands and role behaviors autonomously; no human-like cognition or independent personhood.,Rank-dependent Builder variable.,"{""Red"": ""Baseline inefficient manifestation."", ""Orange"": ""Improved sustain/control."", ""Yellow"": ""Improved output/mobility."", ""Green"": ""Reliable combat-grade autonomy."", ""Blue"": ""Reduced cognitive steering and better leash."", ""Violet"": ""Elite persistence/control/output."", ""White"": ""Mature manifestation plus White secondary expression.""}",Extraction Run — autonomously navigate a validated retreat corridor while carrying an ally/load.,Thermal Stag Elemental,"[""Summoner"", ""Elemental"", ""Thermal"", ""Stag"", ""carrier / charge / extraction"", ""Large""]",ALPHA candidate
SE-0039,Thermal Colossus,Elemental manifestation,localized heat-gradient body,Non-sentient; autonomous within validated behavior/command architecture.,"[""Genesis Expression"", ""Resonance"", ""Chirality""]","[""follow summoner"", ""hold position"", ""return/recall"", ""select resolved hostile target"", ""avoid designated allies"", ""breaker / siege / protection""]",breaker / siege / protection,Huge,slow ground,"[""heat pulse"", ""thermal contact"", ""directed heat front"", ""high-output mechanism-specific assault""]","[""coherent manifestation body; damage degrades structural resolution rather than biological tissue"", ""reinforced chiral persistence"", ""interposition/body-block behavior""]",very high,"very high initial formation load; exact fatigue depends on rank, competency, and current basin state.",very high continuous sustain relative to ordinary manifestations of the same rank.,2–10 minutes at baseline competent use; rank/competency can change this substantially.,"[""Red"", ""Orange"", ""Blue"", ""Green""]","Structural identity only. Basin colors do not map to Transduction domains, elements, or a power hierarchy.","{""Red"": ""continuous"", ""Orange"": ""continuous"", ""Blue"": ""continuous"", ""Green"": ""continuous""}","[""voluntary dismissal"", ""required-basin exhaustion"", ""loss of sufficient structural coherence"", ""unrecoverable leash/control failure""]",Executes simple validated commands and role behaviors autonomously; no human-like cognition or independent personhood.,Rank-dependent Builder variable.,"{""Red"": ""Baseline inefficient manifestation."", ""Orange"": ""Improved sustain/control."", ""Yellow"": ""Improved output/mobility."", ""Green"": ""Reliable combat-grade autonomy."", ""Blue"": ""Reduced cognitive steering and better leash."", ""Violet"": ""Elite persistence/control/output."", ""White"": ""Mature manifestation plus White secondary expression.""}",Last Bastion — redirect remaining reserve into a short-duration maximum-persistence defensive state.,Thermal Colossus Elemental,"[""Summoner"", ""Elemental"", ""Thermal"", ""Colossus"", ""breaker / siege / protection"", ""Huge""]",ALPHA candidate
SE-0040,Thermal Drake,Elemental manifestation,localized heat-gradient body,Non-sentient; autonomous within validated behavior/command architecture.,"[""Genesis Expression"", ""Resonance"", ""Chirality""]","[""follow summoner"", ""hold position"", ""return/recall"", ""select resolved hostile target"", ""avoid designated allies"", ""high-output assault""]",high-output assault,Huge,aerial / ground,"[""heat pulse"", ""thermal contact"", ""directed heat front"", ""high-output mechanism-specific assault""]","[""coherent manifestation body; damage degrades structural resolution rather than biological tissue"", ""reinforced chiral persistence"", ""interposition/body-block behavior""]",extreme,"extreme initial formation load; exact fatigue depends on rank, competency, and current basin state.",extreme continuous sustain relative to ordinary manifestations of the same rank.,30 seconds–5 minutes at baseline competent use; rank/competency can change this substantially.,"[""Red"", ""Orange"", ""Blue"", ""Green""]","Structural identity only. Basin colors do not map to Transduction domains, elements, or a power hierarchy.","{""Red"": ""continuous"", ""Orange"": ""continuous"", ""Blue"": ""continuous"", ""Green"": ""continuous""}","[""voluntary dismissal"", ""required-basin exhaustion"", ""loss of sufficient structural coherence"", ""unrecoverable leash/control failure""]",Executes simple validated commands and role behaviors autonomously; no human-like cognition or independent personhood.,Rank-dependent Builder variable.,"{""Red"": ""Baseline inefficient manifestation."", ""Orange"": ""Improved sustain/control."", ""Yellow"": ""Improved output/mobility."", ""Green"": ""Reliable combat-grade autonomy."", ""Blue"": ""Reduced cognitive steering and better leash."", ""Violet"": ""Elite persistence/control/output."", ""White"": ""Mature manifestation plus White secondary expression.""}",Catastrophic Exhalation — consume a major fraction of remaining reserve in one mechanism-specific high-output assault.,Thermal Drake Elemental,"[""Summoner"", ""Elemental"", ""Thermal"", ""Drake"", ""high-output assault"", ""Huge""]",ALPHA candidate
SE-0041,Cryogenic Wisp,Elemental manifestation,thermal-extraction / low-temperature condensed-state body,Non-sentient; autonomous within validated behavior/command architecture.,"[""Genesis Expression"", ""Resonance"", ""Chirality""]","[""follow summoner"", ""hold position"", ""return/recall"", ""select resolved hostile target"", ""avoid designated allies"", ""scout / harrier""]",scout / harrier,Tiny,aerial drift,"[""thermal extraction contact"", ""cold-front pulse""]","[""coherent manifestation body; damage degrades structural resolution rather than biological tissue"", ""mobility/evasion bias""]",low,"low initial formation load; exact fatigue depends on rank, competency, and current basin state.",low continuous sustain relative to ordinary manifestations of the same rank.,hours at baseline competent use; rank/competency can change this substantially.,"[""Blue"", ""Violet""]","Structural identity only. Basin colors do not map to Transduction domains, elements, or a power hierarchy.","{""Blue"": ""light continuous"", ""Violet"": ""light continuous""}","[""voluntary dismissal"", ""required-basin exhaustion"", ""loss of sufficient structural coherence"", ""unrecoverable leash/control failure""]",Executes simple validated commands and role behaviors autonomously; no human-like cognition or independent personhood.,Rank-dependent Builder variable.,"{""Red"": ""Baseline inefficient manifestation."", ""Orange"": ""Improved sustain/control."", ""Yellow"": ""Improved output/mobility."", ""Green"": ""Reliable combat-grade autonomy."", ""Blue"": ""Reduced cognitive steering and better leash."", ""Violet"": ""Elite persistence/control/output."", ""White"": ""Mature manifestation plus White secondary expression.""}",Independent Survey — continue a validated scouting route with minimal active steering and return compressed observations.,Cryogenic Wisp Elemental,"[""Summoner"", ""Elemental"", ""Cryogenic"", ""Wisp"", ""scout / harrier"", ""Tiny""]",ALPHA candidate
SE-0042,Cryogenic Hound,Elemental manifestation,thermal-extraction / low-temperature condensed-state body,Non-sentient; autonomous within validated behavior/command architecture.,"[""Genesis Expression"", ""Resonance"", ""Chirality""]","[""follow summoner"", ""hold position"", ""return/recall"", ""select resolved hostile target"", ""avoid designated allies"", ""pursuit / interception""]",pursuit / interception,Small,ground sprint / leap,"[""thermal extraction contact"", ""cold-front pulse"", ""localized freeze bias""]","[""coherent manifestation body; damage degrades structural resolution rather than biological tissue""]",moderate,"moderate initial formation load; exact fatigue depends on rank, competency, and current basin state.",moderate continuous sustain relative to ordinary manifestations of the same rank.,1–3 hours at baseline competent use; rank/competency can change this substantially.,"[""Blue"", ""Red""]","Structural identity only. Basin colors do not map to Transduction domains, elements, or a power hierarchy.","{""Blue"": ""light continuous"", ""Red"": ""light continuous""}","[""voluntary dismissal"", ""required-basin exhaustion"", ""loss of sufficient structural coherence"", ""unrecoverable leash/control failure""]",Executes simple validated commands and role behaviors autonomously; no human-like cognition or independent personhood.,Rank-dependent Builder variable.,"{""Red"": ""Baseline inefficient manifestation."", ""Orange"": ""Improved sustain/control."", ""Yellow"": ""Improved output/mobility."", ""Green"": ""Reliable combat-grade autonomy."", ""Blue"": ""Reduced cognitive steering and better leash."", ""Violet"": ""Elite persistence/control/output."", ""White"": ""Mature manifestation plus White secondary expression.""}",Relentless Intercept — dynamically reassign interception among resolved threats while preserving guard priority.,Cryogenic Hound Elemental,"[""Summoner"", ""Elemental"", ""Cryogenic"", ""Hound"", ""pursuit / interception"", ""Small""]",ALPHA candidate
SE-0043,Cryogenic Raptor,Elemental manifestation,thermal-extraction / low-temperature condensed-state body,Non-sentient; autonomous within validated behavior/command architecture.,"[""Genesis Expression"", ""Resonance"", ""Chirality""]","[""follow summoner"", ""hold position"", ""return/recall"", ""select resolved hostile target"", ""avoid designated allies"", ""aerial pursuit / strike""]",aerial pursuit / strike,Small,aerial flight,"[""thermal extraction contact"", ""cold-front pulse"", ""localized freeze bias""]","[""coherent manifestation body; damage degrades structural resolution rather than biological tissue"", ""mobility/evasion bias""]",moderate,"moderate initial formation load; exact fatigue depends on rank, competency, and current basin state.",moderate continuous sustain relative to ordinary manifestations of the same rank.,45–120 minutes at baseline competent use; rank/competency can change this substantially.,"[""Blue"", ""Violet""]","Structural identity only. Basin colors do not map to Transduction domains, elements, or a power hierarchy.","{""Blue"": ""light continuous"", ""Violet"": ""light continuous""}","[""voluntary dismissal"", ""required-basin exhaustion"", ""loss of sufficient structural coherence"", ""unrecoverable leash/control failure""]",Executes simple validated commands and role behaviors autonomously; no human-like cognition or independent personhood.,Rank-dependent Builder variable.,"{""Red"": ""Baseline inefficient manifestation."", ""Orange"": ""Improved sustain/control."", ""Yellow"": ""Improved output/mobility."", ""Green"": ""Reliable combat-grade autonomy."", ""Blue"": ""Reduced cognitive steering and better leash."", ""Violet"": ""Elite persistence/control/output."", ""White"": ""Mature manifestation plus White secondary expression.""}",Vector Hunt — autonomous pursuit through complex three-dimensional movement until recall/leash limit.,Cryogenic Raptor Elemental,"[""Summoner"", ""Elemental"", ""Cryogenic"", ""Raptor"", ""aerial pursuit / strike"", ""Small""]",ALPHA candidate
SE-0044,Cryogenic Serpent,Elemental manifestation,thermal-extraction / low-temperature condensed-state body,Non-sentient; autonomous within validated behavior/command architecture.,"[""Genesis Expression"", ""Resonance"", ""Chirality""]","[""follow summoner"", ""hold position"", ""return/recall"", ""select resolved hostile target"", ""avoid designated allies"", ""constriction / lane control""]",constriction / lane control,Medium,ground slither / climbing,"[""thermal extraction contact"", ""cold-front pulse"", ""localized freeze bias""]","[""coherent manifestation body; damage degrades structural resolution rather than biological tissue""]",moderate,"moderate initial formation load; exact fatigue depends on rank, competency, and current basin state.",moderate continuous sustain relative to ordinary manifestations of the same rank.,45–120 minutes at baseline competent use; rank/competency can change this substantially.,"[""Blue"", ""Violet"", ""Red""]","Structural identity only. Basin colors do not map to Transduction domains, elements, or a power hierarchy.","{""Blue"": ""light continuous"", ""Violet"": ""light continuous"", ""Red"": ""light continuous""}","[""voluntary dismissal"", ""required-basin exhaustion"", ""loss of sufficient structural coherence"", ""unrecoverable leash/control failure""]",Executes simple validated commands and role behaviors autonomously; no human-like cognition or independent personhood.,Rank-dependent Builder variable.,"{""Red"": ""Baseline inefficient manifestation."", ""Orange"": ""Improved sustain/control."", ""Yellow"": ""Improved output/mobility."", ""Green"": ""Reliable combat-grade autonomy."", ""Blue"": ""Reduced cognitive steering and better leash."", ""Violet"": ""Elite persistence/control/output."", ""White"": ""Mature manifestation plus White secondary expression.""}",Boundary Coil — establish a temporary movement-denial loop around a resolved locus.,Cryogenic Serpent Elemental,"[""Summoner"", ""Elemental"", ""Cryogenic"", ""Serpent"", ""constriction / lane control"", ""Medium""]",ALPHA candidate
SE-0045,Cryogenic Sentinel,Elemental manifestation,thermal-extraction / low-temperature condensed-state body,Non-sentient; autonomous within validated behavior/command architecture.,"[""Genesis Expression"", ""Resonance"", ""Chirality""]","[""follow summoner"", ""hold position"", ""return/recall"", ""select resolved hostile target"", ""avoid designated allies"", ""guard / intercept""]",guard / intercept,Medium,slow ground / stationary,"[""thermal extraction contact"", ""cold-front pulse"", ""localized freeze bias""]","[""coherent manifestation body; damage degrades structural resolution rather than biological tissue"", ""reinforced chiral persistence"", ""interposition/body-block behavior""]",low-to-moderate,"low-to-moderate initial formation load; exact fatigue depends on rank, competency, and current basin state.",low-to-moderate continuous sustain relative to ordinary manifestations of the same rank.,2–6 hours at baseline competent use; rank/competency can change this substantially.,"[""Blue"", ""Violet"", ""Yellow""]","Structural identity only. Basin colors do not map to Transduction domains, elements, or a power hierarchy.","{""Blue"": ""continuous"", ""Violet"": ""continuous"", ""Yellow"": ""continuous""}","[""voluntary dismissal"", ""required-basin exhaustion"", ""loss of sufficient structural coherence"", ""unrecoverable leash/control failure""]",Executes simple validated commands and role behaviors autonomously; no human-like cognition or independent personhood.,Rank-dependent Builder variable.,"{""Red"": ""Baseline inefficient manifestation."", ""Orange"": ""Improved sustain/control."", ""Yellow"": ""Improved output/mobility."", ""Green"": ""Reliable combat-grade autonomy."", ""Blue"": ""Reduced cognitive steering and better leash."", ""Violet"": ""Elite persistence/control/output."", ""White"": ""Mature manifestation plus White secondary expression.""}",Autonomous Watch — maintain a validated guard protocol with sharply reduced cognitive steering.,Cryogenic Sentinel Elemental,"[""Summoner"", ""Elemental"", ""Cryogenic"", ""Sentinel"", ""guard / intercept"", ""Medium""]",ALPHA candidate
SE-0046,Cryogenic Manta,Elemental manifestation,thermal-extraction / low-temperature condensed-state body,Non-sentient; autonomous within validated behavior/command architecture.,"[""Genesis Expression"", ""Resonance"", ""Chirality""]","[""follow summoner"", ""hold position"", ""return/recall"", ""select resolved hostile target"", ""avoid designated allies"", ""screening / area control""]",screening / area control,Medium,aerial glide,"[""thermal extraction contact"", ""cold-front pulse"", ""localized freeze bias""]","[""coherent manifestation body; damage degrades structural resolution rather than biological tissue"", ""mobility/evasion bias""]",moderate,"moderate initial formation load; exact fatigue depends on rank, competency, and current basin state.",moderate continuous sustain relative to ordinary manifestations of the same rank.,30–90 minutes at baseline competent use; rank/competency can change this substantially.,"[""Blue"", ""Violet"", ""Orange""]","Structural identity only. Basin colors do not map to Transduction domains, elements, or a power hierarchy.","{""Blue"": ""continuous"", ""Violet"": ""continuous"", ""Orange"": ""continuous""}","[""voluntary dismissal"", ""required-basin exhaustion"", ""loss of sufficient structural coherence"", ""unrecoverable leash/control failure""]",Executes simple validated commands and role behaviors autonomously; no human-like cognition or independent personhood.,Rank-dependent Builder variable.,"{""Red"": ""Baseline inefficient manifestation."", ""Orange"": ""Improved sustain/control."", ""Yellow"": ""Improved output/mobility."", ""Green"": ""Reliable combat-grade autonomy."", ""Blue"": ""Reduced cognitive steering and better leash."", ""Violet"": ""Elite persistence/control/output."", ""White"": ""Mature manifestation plus White secondary expression.""}",Protective Orbit — autonomously maintain a moving screening envelope around a designated ally/group.,Cryogenic Manta Elemental,"[""Summoner"", ""Elemental"", ""Cryogenic"", ""Manta"", ""screening / area control"", ""Medium""]",ALPHA candidate
SE-0047,Cryogenic Swarm,Elemental manifestation,thermal-extraction / low-temperature condensed-state body,Non-sentient; autonomous within validated behavior/command architecture.,"[""Genesis Expression"", ""Resonance"", ""Chirality""]","[""follow summoner"", ""hold position"", ""return/recall"", ""select resolved hostile target"", ""avoid designated allies"", ""harassment / saturation""]",harassment / saturation,Variable,distributed flight/ground motion,"[""thermal extraction contact"", ""cold-front pulse"", ""localized freeze bias""]","[""coherent manifestation body; damage degrades structural resolution rather than biological tissue"", ""mobility/evasion bias""]",high,"high initial formation load; exact fatigue depends on rank, competency, and current basin state.",high continuous sustain relative to ordinary manifestations of the same rank.,15–45 minutes at baseline competent use; rank/competency can change this substantially.,"[""Blue"", ""Violet""]","Structural identity only. Basin colors do not map to Transduction domains, elements, or a power hierarchy.","{""Blue"": ""continuous"", ""Violet"": ""continuous""}","[""voluntary dismissal"", ""required-basin exhaustion"", ""loss of sufficient structural coherence"", ""unrecoverable leash/control failure""]",Executes simple validated commands and role behaviors autonomously; no human-like cognition or independent personhood.,Rank-dependent Builder variable.,"{""Red"": ""Baseline inefficient manifestation."", ""Orange"": ""Improved sustain/control."", ""Yellow"": ""Improved output/mobility."", ""Green"": ""Reliable combat-grade autonomy."", ""Blue"": ""Reduced cognitive steering and better leash."", ""Violet"": ""Elite persistence/control/output."", ""White"": ""Mature manifestation plus White secondary expression.""}",Distributed Coordination — split/recombine subunits according to a validated target-priority rule.,Cryogenic Swarm Elemental,"[""Summoner"", ""Elemental"", ""Cryogenic"", ""Swarm"", ""harassment / saturation"", ""Variable""]",ALPHA candidate
SE-0048,Cryogenic Stag,Elemental manifestation,thermal-extraction / low-temperature condensed-state body,Non-sentient; autonomous within validated behavior/command architecture.,"[""Genesis Expression"", ""Resonance"", ""Chirality""]","[""follow summoner"", ""hold position"", ""return/recall"", ""select resolved hostile target"", ""avoid designated allies"", ""carrier / charge / extraction""]",carrier / charge / extraction,Large,ground sprint,"[""thermal extraction contact"", ""cold-front pulse"", ""localized freeze bias""]","[""coherent manifestation body; damage degrades structural resolution rather than biological tissue"", ""reinforced chiral persistence"", ""interposition/body-block behavior""]",high,"high initial formation load; exact fatigue depends on rank, competency, and current basin state.",high continuous sustain relative to ordinary manifestations of the same rank.,20–60 minutes at baseline competent use; rank/competency can change this substantially.,"[""Blue"", ""Violet"", ""Green""]","Structural identity only. Basin colors do not map to Transduction domains, elements, or a power hierarchy.","{""Blue"": ""continuous"", ""Violet"": ""continuous"", ""Green"": ""continuous""}","[""voluntary dismissal"", ""required-basin exhaustion"", ""loss of sufficient structural coherence"", ""unrecoverable leash/control failure""]",Executes simple validated commands and role behaviors autonomously; no human-like cognition or independent personhood.,Rank-dependent Builder variable.,"{""Red"": ""Baseline inefficient manifestation."", ""Orange"": ""Improved sustain/control."", ""Yellow"": ""Improved output/mobility."", ""Green"": ""Reliable combat-grade autonomy."", ""Blue"": ""Reduced cognitive steering and better leash."", ""Violet"": ""Elite persistence/control/output."", ""White"": ""Mature manifestation plus White secondary expression.""}",Extraction Run — autonomously navigate a validated retreat corridor while carrying an ally/load.,Cryogenic Stag Elemental,"[""Summoner"", ""Elemental"", ""Cryogenic"", ""Stag"", ""carrier / charge / extraction"", ""Large""]",ALPHA candidate
SE-0049,Cryogenic Colossus,Elemental manifestation,thermal-extraction / low-temperature condensed-state body,Non-sentient; autonomous within validated behavior/command architecture.,"[""Genesis Expression"", ""Resonance"", ""Chirality""]","[""follow summoner"", ""hold position"", ""return/recall"", ""select resolved hostile target"", ""avoid designated allies"", ""breaker / siege / protection""]",breaker / siege / protection,Huge,slow ground,"[""thermal extraction contact"", ""cold-front pulse"", ""localized freeze bias"", ""high-output mechanism-specific assault""]","[""coherent manifestation body; damage degrades structural resolution rather than biological tissue"", ""reinforced chiral persistence"", ""interposition/body-block behavior""]",very high,"very high initial formation load; exact fatigue depends on rank, competency, and current basin state.",very high continuous sustain relative to ordinary manifestations of the same rank.,2–10 minutes at baseline competent use; rank/competency can change this substantially.,"[""Blue"", ""Violet"", ""Yellow"", ""Red""]","Structural identity only. Basin colors do not map to Transduction domains, elements, or a power hierarchy.","{""Blue"": ""continuous"", ""Violet"": ""continuous"", ""Yellow"": ""continuous"", ""Red"": ""continuous""}","[""voluntary dismissal"", ""required-basin exhaustion"", ""loss of sufficient structural coherence"", ""unrecoverable leash/control failure""]",Executes simple validated commands and role behaviors autonomously; no human-like cognition or independent personhood.,Rank-dependent Builder variable.,"{""Red"": ""Baseline inefficient manifestation."", ""Orange"": ""Improved sustain/control."", ""Yellow"": ""Improved output/mobility."", ""Green"": ""Reliable combat-grade autonomy."", ""Blue"": ""Reduced cognitive steering and better leash."", ""Violet"": ""Elite persistence/control/output."", ""White"": ""Mature manifestation plus White secondary expression.""}",Last Bastion — redirect remaining reserve into a short-duration maximum-persistence defensive state.,Cryogenic Colossus Elemental,"[""Summoner"", ""Elemental"", ""Cryogenic"", ""Colossus"", ""breaker / siege / protection"", ""Huge""]",ALPHA candidate
SE-0050,Cryogenic Drake,Elemental manifestation,thermal-extraction / low-temperature condensed-state body,Non-sentient; autonomous within validated behavior/command architecture.,"[""Genesis Expression"", ""Resonance"", ""Chirality""]","[""follow summoner"", ""hold position"", ""return/recall"", ""select resolved hostile target"", ""avoid designated allies"", ""high-output assault""]",high-output assault,Huge,aerial / ground,"[""thermal extraction contact"", ""cold-front pulse"", ""localized freeze bias"", ""high-output mechanism-specific assault""]","[""coherent manifestation body; damage degrades structural resolution rather than biological tissue"", ""reinforced chiral persistence"", ""interposition/body-block behavior""]",extreme,"extreme initial formation load; exact fatigue depends on rank, competency, and current basin state.",extreme continuous sustain relative to ordinary manifestations of the same rank.,30 seconds–5 minutes at baseline competent use; rank/competency can change this substantially.,"[""Blue"", ""Violet"", ""Red"", ""Orange""]","Structural identity only. Basin colors do not map to Transduction domains, elements, or a power hierarchy.","{""Blue"": ""continuous"", ""Violet"": ""continuous"", ""Red"": ""continuous"", ""Orange"": ""continuous""}","[""voluntary dismissal"", ""required-basin exhaustion"", ""loss of sufficient structural coherence"", ""unrecoverable leash/control failure""]",Executes simple validated commands and role behaviors autonomously; no human-like cognition or independent personhood.,Rank-dependent Builder variable.,"{""Red"": ""Baseline inefficient manifestation."", ""Orange"": ""Improved sustain/control."", ""Yellow"": ""Improved output/mobility."", ""Green"": ""Reliable combat-grade autonomy."", ""Blue"": ""Reduced cognitive steering and better leash."", ""Violet"": ""Elite persistence/control/output."", ""White"": ""Mature manifestation plus White secondary expression.""}",Catastrophic Exhalation — consume a major fraction of remaining reserve in one mechanism-specific high-output assault.,Cryogenic Drake Elemental,"[""Summoner"", ""Elemental"", ""Cryogenic"", ""Drake"", ""high-output assault"", ""Huge""]",ALPHA candidate
SE-0051,Steam Wisp,Elemental manifestation,pressurized water-vapor body,Non-sentient; autonomous within validated behavior/command architecture.,"[""Genesis Expression"", ""Resonance"", ""Chirality""]","[""follow summoner"", ""hold position"", ""return/recall"", ""select resolved hostile target"", ""avoid designated allies"", ""scout / harrier""]",scout / harrier,Tiny,aerial drift,"[""pressure jet"", ""scalding vapor burst""]","[""coherent manifestation body; damage degrades structural resolution rather than biological tissue"", ""mobility/evasion bias""]",low,"low initial formation load; exact fatigue depends on rank, competency, and current basin state.",low continuous sustain relative to ordinary manifestations of the same rank.,hours at baseline competent use; rank/competency can change this substantially.,"[""Orange"", ""Red""]","Structural identity only. Basin colors do not map to Transduction domains, elements, or a power hierarchy.","{""Orange"": ""light continuous"", ""Red"": ""light continuous""}","[""voluntary dismissal"", ""required-basin exhaustion"", ""loss of sufficient structural coherence"", ""unrecoverable leash/control failure""]",Executes simple validated commands and role behaviors autonomously; no human-like cognition or independent personhood.,Rank-dependent Builder variable.,"{""Red"": ""Baseline inefficient manifestation."", ""Orange"": ""Improved sustain/control."", ""Yellow"": ""Improved output/mobility."", ""Green"": ""Reliable combat-grade autonomy."", ""Blue"": ""Reduced cognitive steering and better leash."", ""Violet"": ""Elite persistence/control/output."", ""White"": ""Mature manifestation plus White secondary expression.""}",Independent Survey — continue a validated scouting route with minimal active steering and return compressed observations.,Steam Wisp Elemental,"[""Summoner"", ""Elemental"", ""Steam"", ""Wisp"", ""scout / harrier"", ""Tiny""]",ALPHA candidate
SE-0052,Steam Hound,Elemental manifestation,pressurized water-vapor body,Non-sentient; autonomous within validated behavior/command architecture.,"[""Genesis Expression"", ""Resonance"", ""Chirality""]","[""follow summoner"", ""hold position"", ""return/recall"", ""select resolved hostile target"", ""avoid designated allies"", ""pursuit / interception""]",pursuit / interception,Small,ground sprint / leap,"[""pressure jet"", ""scalding vapor burst"", ""steam screen""]","[""coherent manifestation body; damage degrades structural resolution rather than biological tissue""]",moderate,"moderate initial formation load; exact fatigue depends on rank, competency, and current basin state.",moderate continuous sustain relative to ordinary manifestations of the same rank.,1–3 hours at baseline competent use; rank/competency can change this substantially.,"[""Orange"", ""Green""]","Structural identity only. Basin colors do not map to Transduction domains, elements, or a power hierarchy.","{""Orange"": ""light continuous"", ""Green"": ""light continuous""}","[""voluntary dismissal"", ""required-basin exhaustion"", ""loss of sufficient structural coherence"", ""unrecoverable leash/control failure""]",Executes simple validated commands and role behaviors autonomously; no human-like cognition or independent personhood.,Rank-dependent Builder variable.,"{""Red"": ""Baseline inefficient manifestation."", ""Orange"": ""Improved sustain/control."", ""Yellow"": ""Improved output/mobility."", ""Green"": ""Reliable combat-grade autonomy."", ""Blue"": ""Reduced cognitive steering and better leash."", ""Violet"": ""Elite persistence/control/output."", ""White"": ""Mature manifestation plus White secondary expression.""}",Relentless Intercept — dynamically reassign interception among resolved threats while preserving guard priority.,Steam Hound Elemental,"[""Summoner"", ""Elemental"", ""Steam"", ""Hound"", ""pursuit / interception"", ""Small""]",ALPHA candidate
SE-0053,Steam Raptor,Elemental manifestation,pressurized water-vapor body,Non-sentient; autonomous within validated behavior/command architecture.,"[""Genesis Expression"", ""Resonance"", ""Chirality""]","[""follow summoner"", ""hold position"", ""return/recall"", ""select resolved hostile target"", ""avoid designated allies"", ""aerial pursuit / strike""]",aerial pursuit / strike,Small,aerial flight,"[""pressure jet"", ""scalding vapor burst"", ""steam screen""]","[""coherent manifestation body; damage degrades structural resolution rather than biological tissue"", ""mobility/evasion bias""]",moderate,"moderate initial formation load; exact fatigue depends on rank, competency, and current basin state.",moderate continuous sustain relative to ordinary manifestations of the same rank.,45–120 minutes at baseline competent use; rank/competency can change this substantially.,"[""Orange"", ""Green""]","Structural identity only. Basin colors do not map to Transduction domains, elements, or a power hierarchy.","{""Orange"": ""light continuous"", ""Green"": ""light continuous""}","[""voluntary dismissal"", ""required-basin exhaustion"", ""loss of sufficient structural coherence"", ""unrecoverable leash/control failure""]",Executes simple validated commands and role behaviors autonomously; no human-like cognition or independent personhood.,Rank-dependent Builder variable.,"{""Red"": ""Baseline inefficient manifestation."", ""Orange"": ""Improved sustain/control."", ""Yellow"": ""Improved output/mobility."", ""Green"": ""Reliable combat-grade autonomy."", ""Blue"": ""Reduced cognitive steering and better leash."", ""Violet"": ""Elite persistence/control/output."", ""White"": ""Mature manifestation plus White secondary expression.""}",Vector Hunt — autonomous pursuit through complex three-dimensional movement until recall/leash limit.,Steam Raptor Elemental,"[""Summoner"", ""Elemental"", ""Steam"", ""Raptor"", ""aerial pursuit / strike"", ""Small""]",ALPHA candidate
SE-0054,Steam Serpent,Elemental manifestation,pressurized water-vapor body,Non-sentient; autonomous within validated behavior/command architecture.,"[""Genesis Expression"", ""Resonance"", ""Chirality""]","[""follow summoner"", ""hold position"", ""return/recall"", ""select resolved hostile target"", ""avoid designated allies"", ""constriction / lane control""]",constriction / lane control,Medium,ground slither / climbing,"[""pressure jet"", ""scalding vapor burst"", ""steam screen""]","[""coherent manifestation body; damage degrades structural resolution rather than biological tissue""]",moderate,"moderate initial formation load; exact fatigue depends on rank, competency, and current basin state.",moderate continuous sustain relative to ordinary manifestations of the same rank.,45–120 minutes at baseline competent use; rank/competency can change this substantially.,"[""Orange"", ""Green"", ""Red""]","Structural identity only. Basin colors do not map to Transduction domains, elements, or a power hierarchy.","{""Orange"": ""light continuous"", ""Green"": ""light continuous"", ""Red"": ""light continuous""}","[""voluntary dismissal"", ""required-basin exhaustion"", ""loss of sufficient structural coherence"", ""unrecoverable leash/control failure""]",Executes simple validated commands and role behaviors autonomously; no human-like cognition or independent personhood.,Rank-dependent Builder variable.,"{""Red"": ""Baseline inefficient manifestation."", ""Orange"": ""Improved sustain/control."", ""Yellow"": ""Improved output/mobility."", ""Green"": ""Reliable combat-grade autonomy."", ""Blue"": ""Reduced cognitive steering and better leash."", ""Violet"": ""Elite persistence/control/output."", ""White"": ""Mature manifestation plus White secondary expression.""}",Boundary Coil — establish a temporary movement-denial loop around a resolved locus.,Steam Serpent Elemental,"[""Summoner"", ""Elemental"", ""Steam"", ""Serpent"", ""constriction / lane control"", ""Medium""]",ALPHA candidate
SE-0055,Steam Sentinel,Elemental manifestation,pressurized water-vapor body,Non-sentient; autonomous within validated behavior/command architecture.,"[""Genesis Expression"", ""Resonance"", ""Chirality""]","[""follow summoner"", ""hold position"", ""return/recall"", ""select resolved hostile target"", ""avoid designated allies"", ""guard / intercept""]",guard / intercept,Medium,slow ground / stationary,"[""pressure jet"", ""scalding vapor burst"", ""steam screen""]","[""coherent manifestation body; damage degrades structural resolution rather than biological tissue"", ""reinforced chiral persistence"", ""interposition/body-block behavior""]",low-to-moderate,"low-to-moderate initial formation load; exact fatigue depends on rank, competency, and current basin state.",low-to-moderate continuous sustain relative to ordinary manifestations of the same rank.,2–6 hours at baseline competent use; rank/competency can change this substantially.,"[""Orange"", ""Green"", ""Blue""]","Structural identity only. Basin colors do not map to Transduction domains, elements, or a power hierarchy.","{""Orange"": ""continuous"", ""Green"": ""continuous"", ""Blue"": ""continuous""}","[""voluntary dismissal"", ""required-basin exhaustion"", ""loss of sufficient structural coherence"", ""unrecoverable leash/control failure""]",Executes simple validated commands and role behaviors autonomously; no human-like cognition or independent personhood.,Rank-dependent Builder variable.,"{""Red"": ""Baseline inefficient manifestation."", ""Orange"": ""Improved sustain/control."", ""Yellow"": ""Improved output/mobility."", ""Green"": ""Reliable combat-grade autonomy."", ""Blue"": ""Reduced cognitive steering and better leash."", ""Violet"": ""Elite persistence/control/output."", ""White"": ""Mature manifestation plus White secondary expression.""}",Autonomous Watch — maintain a validated guard protocol with sharply reduced cognitive steering.,Steam Sentinel Elemental,"[""Summoner"", ""Elemental"", ""Steam"", ""Sentinel"", ""guard / intercept"", ""Medium""]",ALPHA candidate
SE-0056,Steam Manta,Elemental manifestation,pressurized water-vapor body,Non-sentient; autonomous within validated behavior/command architecture.,"[""Genesis Expression"", ""Resonance"", ""Chirality""]","[""follow summoner"", ""hold position"", ""return/recall"", ""select resolved hostile target"", ""avoid designated allies"", ""screening / area control""]",screening / area control,Medium,aerial glide,"[""pressure jet"", ""scalding vapor burst"", ""steam screen""]","[""coherent manifestation body; damage degrades structural resolution rather than biological tissue"", ""mobility/evasion bias""]",moderate,"moderate initial formation load; exact fatigue depends on rank, competency, and current basin state.",moderate continuous sustain relative to ordinary manifestations of the same rank.,30–90 minutes at baseline competent use; rank/competency can change this substantially.,"[""Orange"", ""Green"", ""Violet""]","Structural identity only. Basin colors do not map to Transduction domains, elements, or a power hierarchy.","{""Orange"": ""continuous"", ""Green"": ""continuous"", ""Violet"": ""continuous""}","[""voluntary dismissal"", ""required-basin exhaustion"", ""loss of sufficient structural coherence"", ""unrecoverable leash/control failure""]",Executes simple validated commands and role behaviors autonomously; no human-like cognition or independent personhood.,Rank-dependent Builder variable.,"{""Red"": ""Baseline inefficient manifestation."", ""Orange"": ""Improved sustain/control."", ""Yellow"": ""Improved output/mobility."", ""Green"": ""Reliable combat-grade autonomy."", ""Blue"": ""Reduced cognitive steering and better leash."", ""Violet"": ""Elite persistence/control/output."", ""White"": ""Mature manifestation plus White secondary expression.""}",Protective Orbit — autonomously maintain a moving screening envelope around a designated ally/group.,Steam Manta Elemental,"[""Summoner"", ""Elemental"", ""Steam"", ""Manta"", ""screening / area control"", ""Medium""]",ALPHA candidate
SE-0057,Steam Swarm,Elemental manifestation,pressurized water-vapor body,Non-sentient; autonomous within validated behavior/command architecture.,"[""Genesis Expression"", ""Resonance"", ""Chirality""]","[""follow summoner"", ""hold position"", ""return/recall"", ""select resolved hostile target"", ""avoid designated allies"", ""harassment / saturation""]",harassment / saturation,Variable,distributed flight/ground motion,"[""pressure jet"", ""scalding vapor burst"", ""steam screen""]","[""coherent manifestation body; damage degrades structural resolution rather than biological tissue"", ""mobility/evasion bias""]",high,"high initial formation load; exact fatigue depends on rank, competency, and current basin state.",high continuous sustain relative to ordinary manifestations of the same rank.,15–45 minutes at baseline competent use; rank/competency can change this substantially.,"[""Orange"", ""Green"", ""Blue""]","Structural identity only. Basin colors do not map to Transduction domains, elements, or a power hierarchy.","{""Orange"": ""continuous"", ""Green"": ""continuous"", ""Blue"": ""continuous""}","[""voluntary dismissal"", ""required-basin exhaustion"", ""loss of sufficient structural coherence"", ""unrecoverable leash/control failure""]",Executes simple validated commands and role behaviors autonomously; no human-like cognition or independent personhood.,Rank-dependent Builder variable.,"{""Red"": ""Baseline inefficient manifestation."", ""Orange"": ""Improved sustain/control."", ""Yellow"": ""Improved output/mobility."", ""Green"": ""Reliable combat-grade autonomy."", ""Blue"": ""Reduced cognitive steering and better leash."", ""Violet"": ""Elite persistence/control/output."", ""White"": ""Mature manifestation plus White secondary expression.""}",Distributed Coordination — split/recombine subunits according to a validated target-priority rule.,Steam Swarm Elemental,"[""Summoner"", ""Elemental"", ""Steam"", ""Swarm"", ""harassment / saturation"", ""Variable""]",ALPHA candidate
SE-0058,Steam Stag,Elemental manifestation,pressurized water-vapor body,Non-sentient; autonomous within validated behavior/command architecture.,"[""Genesis Expression"", ""Resonance"", ""Chirality""]","[""follow summoner"", ""hold position"", ""return/recall"", ""select resolved hostile target"", ""avoid designated allies"", ""carrier / charge / extraction""]",carrier / charge / extraction,Large,ground sprint,"[""pressure jet"", ""scalding vapor burst"", ""steam screen""]","[""coherent manifestation body; damage degrades structural resolution rather than biological tissue"", ""reinforced chiral persistence"", ""interposition/body-block behavior""]",high,"high initial formation load; exact fatigue depends on rank, competency, and current basin state.",high continuous sustain relative to ordinary manifestations of the same rank.,20–60 minutes at baseline competent use; rank/competency can change this substantially.,"[""Orange"", ""Green"", ""Blue""]","Structural identity only. Basin colors do not map to Transduction domains, elements, or a power hierarchy.","{""Orange"": ""continuous"", ""Green"": ""continuous"", ""Blue"": ""continuous""}","[""voluntary dismissal"", ""required-basin exhaustion"", ""loss of sufficient structural coherence"", ""unrecoverable leash/control failure""]",Executes simple validated commands and role behaviors autonomously; no human-like cognition or independent personhood.,Rank-dependent Builder variable.,"{""Red"": ""Baseline inefficient manifestation."", ""Orange"": ""Improved sustain/control."", ""Yellow"": ""Improved output/mobility."", ""Green"": ""Reliable combat-grade autonomy."", ""Blue"": ""Reduced cognitive steering and better leash."", ""Violet"": ""Elite persistence/control/output."", ""White"": ""Mature manifestation plus White secondary expression.""}",Extraction Run — autonomously navigate a validated retreat corridor while carrying an ally/load.,Steam Stag Elemental,"[""Summoner"", ""Elemental"", ""Steam"", ""Stag"", ""carrier / charge / extraction"", ""Large""]",ALPHA candidate
SE-0059,Steam Colossus,Elemental manifestation,pressurized water-vapor body,Non-sentient; autonomous within validated behavior/command architecture.,"[""Genesis Expression"", ""Resonance"", ""Chirality""]","[""follow summoner"", ""hold position"", ""return/recall"", ""select resolved hostile target"", ""avoid designated allies"", ""breaker / siege / protection""]",breaker / siege / protection,Huge,slow ground,"[""pressure jet"", ""scalding vapor burst"", ""steam screen"", ""high-output mechanism-specific assault""]","[""coherent manifestation body; damage degrades structural resolution rather than biological tissue"", ""reinforced chiral persistence"", ""interposition/body-block behavior""]",very high,"very high initial formation load; exact fatigue depends on rank, competency, and current basin state.",very high continuous sustain relative to ordinary manifestations of the same rank.,2–10 minutes at baseline competent use; rank/competency can change this substantially.,"[""Orange"", ""Green"", ""Blue"", ""Violet""]","Structural identity only. Basin colors do not map to Transduction domains, elements, or a power hierarchy.","{""Orange"": ""continuous"", ""Green"": ""continuous"", ""Blue"": ""continuous"", ""Violet"": ""continuous""}","[""voluntary dismissal"", ""required-basin exhaustion"", ""loss of sufficient structural coherence"", ""unrecoverable leash/control failure""]",Executes simple validated commands and role behaviors autonomously; no human-like cognition or independent personhood.,Rank-dependent Builder variable.,"{""Red"": ""Baseline inefficient manifestation."", ""Orange"": ""Improved sustain/control."", ""Yellow"": ""Improved output/mobility."", ""Green"": ""Reliable combat-grade autonomy."", ""Blue"": ""Reduced cognitive steering and better leash."", ""Violet"": ""Elite persistence/control/output."", ""White"": ""Mature manifestation plus White secondary expression.""}",Last Bastion — redirect remaining reserve into a short-duration maximum-persistence defensive state.,Steam Colossus Elemental,"[""Summoner"", ""Elemental"", ""Steam"", ""Colossus"", ""breaker / siege / protection"", ""Huge""]",ALPHA candidate
SE-0060,Steam Drake,Elemental manifestation,pressurized water-vapor body,Non-sentient; autonomous within validated behavior/command architecture.,"[""Genesis Expression"", ""Resonance"", ""Chirality""]","[""follow summoner"", ""hold position"", ""return/recall"", ""select resolved hostile target"", ""avoid designated allies"", ""high-output assault""]",high-output assault,Huge,aerial / ground,"[""pressure jet"", ""scalding vapor burst"", ""steam screen"", ""high-output mechanism-specific assault""]","[""coherent manifestation body; damage degrades structural resolution rather than biological tissue"", ""reinforced chiral persistence"", ""interposition/body-block behavior""]",extreme,"extreme initial formation load; exact fatigue depends on rank, competency, and current basin state.",extreme continuous sustain relative to ordinary manifestations of the same rank.,30 seconds–5 minutes at baseline competent use; rank/competency can change this substantially.,"[""Orange"", ""Green"", ""Red"", ""Yellow""]","Structural identity only. Basin colors do not map to Transduction domains, elements, or a power hierarchy.","{""Orange"": ""continuous"", ""Green"": ""continuous"", ""Red"": ""continuous"", ""Yellow"": ""continuous""}","[""voluntary dismissal"", ""required-basin exhaustion"", ""loss of sufficient structural coherence"", ""unrecoverable leash/control failure""]",Executes simple validated commands and role behaviors autonomously; no human-like cognition or independent personhood.,Rank-dependent Builder variable.,"{""Red"": ""Baseline inefficient manifestation."", ""Orange"": ""Improved sustain/control."", ""Yellow"": ""Improved output/mobility."", ""Green"": ""Reliable combat-grade autonomy."", ""Blue"": ""Reduced cognitive steering and better leash."", ""Violet"": ""Elite persistence/control/output."", ""White"": ""Mature manifestation plus White secondary expression.""}",Catastrophic Exhalation — consume a major fraction of remaining reserve in one mechanism-specific high-output assault.,Steam Drake Elemental,"[""Summoner"", ""Elemental"", ""Steam"", ""Drake"", ""high-output assault"", ""Huge""]",ALPHA candidate
SE-0061,Atmospheric Wisp,Elemental manifestation,structured gas-flow / pressure body,Non-sentient; autonomous within validated behavior/command architecture.,"[""Genesis Expression"", ""Resonance"", ""Chirality""]","[""follow summoner"", ""hold position"", ""return/recall"", ""select resolved hostile target"", ""avoid designated allies"", ""scout / harrier""]",scout / harrier,Tiny,aerial drift,"[""pressure strike"", ""air jet""]","[""coherent manifestation body; damage degrades structural resolution rather than biological tissue"", ""mobility/evasion bias"", ""dispersal and re-resolution within sustain limits""]",low,"low initial formation load; exact fatigue depends on rank, competency, and current basin state.",low continuous sustain relative to ordinary manifestations of the same rank.,hours at baseline competent use; rank/competency can change this substantially.,"[""Green"", ""Blue""]","Structural identity only. Basin colors do not map to Transduction domains, elements, or a power hierarchy.","{""Green"": ""light continuous"", ""Blue"": ""light continuous""}","[""voluntary dismissal"", ""required-basin exhaustion"", ""loss of sufficient structural coherence"", ""unrecoverable leash/control failure""]",Executes simple validated commands and role behaviors autonomously; no human-like cognition or independent personhood.,Rank-dependent Builder variable.,"{""Red"": ""Baseline inefficient manifestation."", ""Orange"": ""Improved sustain/control."", ""Yellow"": ""Improved output/mobility."", ""Green"": ""Reliable combat-grade autonomy."", ""Blue"": ""Reduced cognitive steering and better leash."", ""Violet"": ""Elite persistence/control/output."", ""White"": ""Mature manifestation plus White secondary expression.""}",Independent Survey — continue a validated scouting route with minimal active steering and return compressed observations.,Atmospheric Wisp Elemental,"[""Summoner"", ""Elemental"", ""Atmospheric"", ""Wisp"", ""scout / harrier"", ""Tiny""]",ALPHA candidate
SE-0062,Atmospheric Hound,Elemental manifestation,structured gas-flow / pressure body,Non-sentient; autonomous within validated behavior/command architecture.,"[""Genesis Expression"", ""Resonance"", ""Chirality""]","[""follow summoner"", ""hold position"", ""return/recall"", ""select resolved hostile target"", ""avoid designated allies"", ""pursuit / interception""]",pursuit / interception,Small,ground sprint / leap,"[""pressure strike"", ""air jet"", ""vortex wake""]","[""coherent manifestation body; damage degrades structural resolution rather than biological tissue"", ""dispersal and re-resolution within sustain limits""]",moderate,"moderate initial formation load; exact fatigue depends on rank, competency, and current basin state.",moderate continuous sustain relative to ordinary manifestations of the same rank.,1–3 hours at baseline competent use; rank/competency can change this substantially.,"[""Green"", ""Blue""]","Structural identity only. Basin colors do not map to Transduction domains, elements, or a power hierarchy.","{""Green"": ""light continuous"", ""Blue"": ""light continuous""}","[""voluntary dismissal"", ""required-basin exhaustion"", ""loss of sufficient structural coherence"", ""unrecoverable leash/control failure""]",Executes simple validated commands and role behaviors autonomously; no human-like cognition or independent personhood.,Rank-dependent Builder variable.,"{""Red"": ""Baseline inefficient manifestation."", ""Orange"": ""Improved sustain/control."", ""Yellow"": ""Improved output/mobility."", ""Green"": ""Reliable combat-grade autonomy."", ""Blue"": ""Reduced cognitive steering and better leash."", ""Violet"": ""Elite persistence/control/output."", ""White"": ""Mature manifestation plus White secondary expression.""}",Relentless Intercept — dynamically reassign interception among resolved threats while preserving guard priority.,Atmospheric Hound Elemental,"[""Summoner"", ""Elemental"", ""Atmospheric"", ""Hound"", ""pursuit / interception"", ""Small""]",ALPHA candidate
SE-0063,Atmospheric Raptor,Elemental manifestation,structured gas-flow / pressure body,Non-sentient; autonomous within validated behavior/command architecture.,"[""Genesis Expression"", ""Resonance"", ""Chirality""]","[""follow summoner"", ""hold position"", ""return/recall"", ""select resolved hostile target"", ""avoid designated allies"", ""aerial pursuit / strike""]",aerial pursuit / strike,Small,aerial flight,"[""pressure strike"", ""air jet"", ""vortex wake""]","[""coherent manifestation body; damage degrades structural resolution rather than biological tissue"", ""mobility/evasion bias"", ""dispersal and re-resolution within sustain limits""]",moderate,"moderate initial formation load; exact fatigue depends on rank, competency, and current basin state.",moderate continuous sustain relative to ordinary manifestations of the same rank.,45–120 minutes at baseline competent use; rank/competency can change this substantially.,"[""Green"", ""Blue""]","Structural identity only. Basin colors do not map to Transduction domains, elements, or a power hierarchy.","{""Green"": ""light continuous"", ""Blue"": ""light continuous""}","[""voluntary dismissal"", ""required-basin exhaustion"", ""loss of sufficient structural coherence"", ""unrecoverable leash/control failure""]",Executes simple validated commands and role behaviors autonomously; no human-like cognition or independent personhood.,Rank-dependent Builder variable.,"{""Red"": ""Baseline inefficient manifestation."", ""Orange"": ""Improved sustain/control."", ""Yellow"": ""Improved output/mobility."", ""Green"": ""Reliable combat-grade autonomy."", ""Blue"": ""Reduced cognitive steering and better leash."", ""Violet"": ""Elite persistence/control/output."", ""White"": ""Mature manifestation plus White secondary expression.""}",Vector Hunt — autonomous pursuit through complex three-dimensional movement until recall/leash limit.,Atmospheric Raptor Elemental,"[""Summoner"", ""Elemental"", ""Atmospheric"", ""Raptor"", ""aerial pursuit / strike"", ""Small""]",ALPHA candidate
SE-0064,Atmospheric Serpent,Elemental manifestation,structured gas-flow / pressure body,Non-sentient; autonomous within validated behavior/command architecture.,"[""Genesis Expression"", ""Resonance"", ""Chirality""]","[""follow summoner"", ""hold position"", ""return/recall"", ""select resolved hostile target"", ""avoid designated allies"", ""constriction / lane control""]",constriction / lane control,Medium,ground slither / climbing,"[""pressure strike"", ""air jet"", ""vortex wake""]","[""coherent manifestation body; damage degrades structural resolution rather than biological tissue"", ""dispersal and re-resolution within sustain limits""]",moderate,"moderate initial formation load; exact fatigue depends on rank, competency, and current basin state.",moderate continuous sustain relative to ordinary manifestations of the same rank.,45–120 minutes at baseline competent use; rank/competency can change this substantially.,"[""Green"", ""Blue"", ""Orange""]","Structural identity only. Basin colors do not map to Transduction domains, elements, or a power hierarchy.","{""Green"": ""light continuous"", ""Blue"": ""light continuous"", ""Orange"": ""light continuous""}","[""voluntary dismissal"", ""required-basin exhaustion"", ""loss of sufficient structural coherence"", ""unrecoverable leash/control failure""]",Executes simple validated commands and role behaviors autonomously; no human-like cognition or independent personhood.,Rank-dependent Builder variable.,"{""Red"": ""Baseline inefficient manifestation."", ""Orange"": ""Improved sustain/control."", ""Yellow"": ""Improved output/mobility."", ""Green"": ""Reliable combat-grade autonomy."", ""Blue"": ""Reduced cognitive steering and better leash."", ""Violet"": ""Elite persistence/control/output."", ""White"": ""Mature manifestation plus White secondary expression.""}",Boundary Coil — establish a temporary movement-denial loop around a resolved locus.,Atmospheric Serpent Elemental,"[""Summoner"", ""Elemental"", ""Atmospheric"", ""Serpent"", ""constriction / lane control"", ""Medium""]",ALPHA candidate
SE-0065,Atmospheric Sentinel,Elemental manifestation,structured gas-flow / pressure body,Non-sentient; autonomous within validated behavior/command architecture.,"[""Genesis Expression"", ""Resonance"", ""Chirality""]","[""follow summoner"", ""hold position"", ""return/recall"", ""select resolved hostile target"", ""avoid designated allies"", ""guard / intercept""]",guard / intercept,Medium,slow ground / stationary,"[""pressure strike"", ""air jet"", ""vortex wake""]","[""coherent manifestation body; damage degrades structural resolution rather than biological tissue"", ""reinforced chiral persistence"", ""interposition/body-block behavior"", ""dispersal and re-resolution within sustain limits""]",low-to-moderate,"low-to-moderate initial formation load; exact fatigue depends on rank, competency, and current basin state.",low-to-moderate continuous sustain relative to ordinary manifestations of the same rank.,2–6 hours at baseline competent use; rank/competency can change this substantially.,"[""Green"", ""Blue"", ""Violet""]","Structural identity only. Basin colors do not map to Transduction domains, elements, or a power hierarchy.","{""Green"": ""continuous"", ""Blue"": ""continuous"", ""Violet"": ""continuous""}","[""voluntary dismissal"", ""required-basin exhaustion"", ""loss of sufficient structural coherence"", ""unrecoverable leash/control failure""]",Executes simple validated commands and role behaviors autonomously; no human-like cognition or independent personhood.,Rank-dependent Builder variable.,"{""Red"": ""Baseline inefficient manifestation."", ""Orange"": ""Improved sustain/control."", ""Yellow"": ""Improved output/mobility."", ""Green"": ""Reliable combat-grade autonomy."", ""Blue"": ""Reduced cognitive steering and better leash."", ""Violet"": ""Elite persistence/control/output."", ""White"": ""Mature manifestation plus White secondary expression.""}",Autonomous Watch — maintain a validated guard protocol with sharply reduced cognitive steering.,Atmospheric Sentinel Elemental,"[""Summoner"", ""Elemental"", ""Atmospheric"", ""Sentinel"", ""guard / intercept"", ""Medium""]",ALPHA candidate
SE-0066,Atmospheric Manta,Elemental manifestation,structured gas-flow / pressure body,Non-sentient; autonomous within validated behavior/command architecture.,"[""Genesis Expression"", ""Resonance"", ""Chirality""]","[""follow summoner"", ""hold position"", ""return/recall"", ""select resolved hostile target"", ""avoid designated allies"", ""screening / area control""]",screening / area control,Medium,aerial glide,"[""pressure strike"", ""air jet"", ""vortex wake""]","[""coherent manifestation body; damage degrades structural resolution rather than biological tissue"", ""mobility/evasion bias"", ""dispersal and re-resolution within sustain limits""]",moderate,"moderate initial formation load; exact fatigue depends on rank, competency, and current basin state.",moderate continuous sustain relative to ordinary manifestations of the same rank.,30–90 minutes at baseline competent use; rank/competency can change this substantially.,"[""Green"", ""Blue"", ""Red""]","Structural identity only. Basin colors do not map to Transduction domains, elements, or a power hierarchy.","{""Green"": ""continuous"", ""Blue"": ""continuous"", ""Red"": ""continuous""}","[""voluntary dismissal"", ""required-basin exhaustion"", ""loss of sufficient structural coherence"", ""unrecoverable leash/control failure""]",Executes simple validated commands and role behaviors autonomously; no human-like cognition or independent personhood.,Rank-dependent Builder variable.,"{""Red"": ""Baseline inefficient manifestation."", ""Orange"": ""Improved sustain/control."", ""Yellow"": ""Improved output/mobility."", ""Green"": ""Reliable combat-grade autonomy."", ""Blue"": ""Reduced cognitive steering and better leash."", ""Violet"": ""Elite persistence/control/output."", ""White"": ""Mature manifestation plus White secondary expression.""}",Protective Orbit — autonomously maintain a moving screening envelope around a designated ally/group.,Atmospheric Manta Elemental,"[""Summoner"", ""Elemental"", ""Atmospheric"", ""Manta"", ""screening / area control"", ""Medium""]",ALPHA candidate
SE-0067,Atmospheric Swarm,Elemental manifestation,structured gas-flow / pressure body,Non-sentient; autonomous within validated behavior/command architecture.,"[""Genesis Expression"", ""Resonance"", ""Chirality""]","[""follow summoner"", ""hold position"", ""return/recall"", ""select resolved hostile target"", ""avoid designated allies"", ""harassment / saturation""]",harassment / saturation,Variable,distributed flight/ground motion,"[""pressure strike"", ""air jet"", ""vortex wake""]","[""coherent manifestation body; damage degrades structural resolution rather than biological tissue"", ""mobility/evasion bias"", ""dispersal and re-resolution within sustain limits""]",high,"high initial formation load; exact fatigue depends on rank, competency, and current basin state.",high continuous sustain relative to ordinary manifestations of the same rank.,15–45 minutes at baseline competent use; rank/competency can change this substantially.,"[""Green"", ""Blue"", ""Red""]","Structural identity only. Basin colors do not map to Transduction domains, elements, or a power hierarchy.","{""Green"": ""continuous"", ""Blue"": ""continuous"", ""Red"": ""continuous""}","[""voluntary dismissal"", ""required-basin exhaustion"", ""loss of sufficient structural coherence"", ""unrecoverable leash/control failure""]",Executes simple validated commands and role behaviors autonomously; no human-like cognition or independent personhood.,Rank-dependent Builder variable.,"{""Red"": ""Baseline inefficient manifestation."", ""Orange"": ""Improved sustain/control."", ""Yellow"": ""Improved output/mobility."", ""Green"": ""Reliable combat-grade autonomy."", ""Blue"": ""Reduced cognitive steering and better leash."", ""Violet"": ""Elite persistence/control/output."", ""White"": ""Mature manifestation plus White secondary expression.""}",Distributed Coordination — split/recombine subunits according to a validated target-priority rule.,Atmospheric Swarm Elemental,"[""Summoner"", ""Elemental"", ""Atmospheric"", ""Swarm"", ""harassment / saturation"", ""Variable""]",ALPHA candidate
SE-0068,Atmospheric Stag,Elemental manifestation,structured gas-flow / pressure body,Non-sentient; autonomous within validated behavior/command architecture.,"[""Genesis Expression"", ""Resonance"", ""Chirality""]","[""follow summoner"", ""hold position"", ""return/recall"", ""select resolved hostile target"", ""avoid designated allies"", ""carrier / charge / extraction""]",carrier / charge / extraction,Large,ground sprint,"[""pressure strike"", ""air jet"", ""vortex wake""]","[""coherent manifestation body; damage degrades structural resolution rather than biological tissue"", ""reinforced chiral persistence"", ""interposition/body-block behavior"", ""dispersal and re-resolution within sustain limits""]",high,"high initial formation load; exact fatigue depends on rank, competency, and current basin state.",high continuous sustain relative to ordinary manifestations of the same rank.,20–60 minutes at baseline competent use; rank/competency can change this substantially.,"[""Green"", ""Blue"", ""Violet""]","Structural identity only. Basin colors do not map to Transduction domains, elements, or a power hierarchy.","{""Green"": ""continuous"", ""Blue"": ""continuous"", ""Violet"": ""continuous""}","[""voluntary dismissal"", ""required-basin exhaustion"", ""loss of sufficient structural coherence"", ""unrecoverable leash/control failure""]",Executes simple validated commands and role behaviors autonomously; no human-like cognition or independent personhood.,Rank-dependent Builder variable.,"{""Red"": ""Baseline inefficient manifestation."", ""Orange"": ""Improved sustain/control."", ""Yellow"": ""Improved output/mobility."", ""Green"": ""Reliable combat-grade autonomy."", ""Blue"": ""Reduced cognitive steering and better leash."", ""Violet"": ""Elite persistence/control/output."", ""White"": ""Mature manifestation plus White secondary expression.""}",Extraction Run — autonomously navigate a validated retreat corridor while carrying an ally/load.,Atmospheric Stag Elemental,"[""Summoner"", ""Elemental"", ""Atmospheric"", ""Stag"", ""carrier / charge / extraction"", ""Large""]",ALPHA candidate
SE-0069,Atmospheric Colossus,Elemental manifestation,structured gas-flow / pressure body,Non-sentient; autonomous within validated behavior/command architecture.,"[""Genesis Expression"", ""Resonance"", ""Chirality""]","[""follow summoner"", ""hold position"", ""return/recall"", ""select resolved hostile target"", ""avoid designated allies"", ""breaker / siege / protection""]",breaker / siege / protection,Huge,slow ground,"[""pressure strike"", ""air jet"", ""vortex wake"", ""high-output mechanism-specific assault""]","[""coherent manifestation body; damage degrades structural resolution rather than biological tissue"", ""reinforced chiral persistence"", ""interposition/body-block behavior"", ""dispersal and re-resolution within sustain limits""]",very high,"very high initial formation load; exact fatigue depends on rank, competency, and current basin state.",very high continuous sustain relative to ordinary manifestations of the same rank.,2–10 minutes at baseline competent use; rank/competency can change this substantially.,"[""Green"", ""Blue"", ""Red"", ""Orange""]","Structural identity only. Basin colors do not map to Transduction domains, elements, or a power hierarchy.","{""Green"": ""continuous"", ""Blue"": ""continuous"", ""Red"": ""continuous"", ""Orange"": ""continuous""}","[""voluntary dismissal"", ""required-basin exhaustion"", ""loss of sufficient structural coherence"", ""unrecoverable leash/control failure""]",Executes simple validated commands and role behaviors autonomously; no human-like cognition or independent personhood.,Rank-dependent Builder variable.,"{""Red"": ""Baseline inefficient manifestation."", ""Orange"": ""Improved sustain/control."", ""Yellow"": ""Improved output/mobility."", ""Green"": ""Reliable combat-grade autonomy."", ""Blue"": ""Reduced cognitive steering and better leash."", ""Violet"": ""Elite persistence/control/output."", ""White"": ""Mature manifestation plus White secondary expression.""}",Last Bastion — redirect remaining reserve into a short-duration maximum-persistence defensive state.,Atmospheric Colossus Elemental,"[""Summoner"", ""Elemental"", ""Atmospheric"", ""Colossus"", ""breaker / siege / protection"", ""Huge""]",ALPHA candidate
SE-0070,Atmospheric Drake,Elemental manifestation,structured gas-flow / pressure body,Non-sentient; autonomous within validated behavior/command architecture.,"[""Genesis Expression"", ""Resonance"", ""Chirality""]","[""follow summoner"", ""hold position"", ""return/recall"", ""select resolved hostile target"", ""avoid designated allies"", ""high-output assault""]",high-output assault,Huge,aerial / ground,"[""pressure strike"", ""air jet"", ""vortex wake"", ""high-output mechanism-specific assault""]","[""coherent manifestation body; damage degrades structural resolution rather than biological tissue"", ""reinforced chiral persistence"", ""interposition/body-block behavior"", ""dispersal and re-resolution within sustain limits""]",extreme,"extreme initial formation load; exact fatigue depends on rank, competency, and current basin state.",extreme continuous sustain relative to ordinary manifestations of the same rank.,30 seconds–5 minutes at baseline competent use; rank/competency can change this substantially.,"[""Green"", ""Blue"", ""Orange""]","Structural identity only. Basin colors do not map to Transduction domains, elements, or a power hierarchy.","{""Green"": ""continuous"", ""Blue"": ""continuous"", ""Orange"": ""continuous""}","[""voluntary dismissal"", ""required-basin exhaustion"", ""loss of sufficient structural coherence"", ""unrecoverable leash/control failure""]",Executes simple validated commands and role behaviors autonomously; no human-like cognition or independent personhood.,Rank-dependent Builder variable.,"{""Red"": ""Baseline inefficient manifestation."", ""Orange"": ""Improved sustain/control."", ""Yellow"": ""Improved output/mobility."", ""Green"": ""Reliable combat-grade autonomy."", ""Blue"": ""Reduced cognitive steering and better leash."", ""Violet"": ""Elite persistence/control/output."", ""White"": ""Mature manifestation plus White secondary expression.""}",Catastrophic Exhalation — consume a major fraction of remaining reserve in one mechanism-specific high-output assault.,Atmospheric Drake Elemental,"[""Summoner"", ""Elemental"", ""Atmospheric"", ""Drake"", ""high-output assault"", ""Huge""]",ALPHA candidate
SE-0071,Water Wisp,Elemental manifestation,coherent available-liquid body,Non-sentient; autonomous within validated behavior/command architecture.,"[""Genesis Expression"", ""Resonance"", ""Chirality""]","[""follow summoner"", ""hold position"", ""return/recall"", ""select resolved hostile target"", ""avoid designated allies"", ""scout / harrier""]",scout / harrier,Tiny,aerial drift,"[""high-pressure jet"", ""mass-impact surge""]","[""coherent manifestation body; damage degrades structural resolution rather than biological tissue"", ""mobility/evasion bias"", ""dispersal and re-resolution within sustain limits""]",low,"low initial formation load; exact fatigue depends on rank, competency, and current basin state.",low continuous sustain relative to ordinary manifestations of the same rank.,hours at baseline competent use; rank/competency can change this substantially.,"[""Green"", ""Blue""]","Structural identity only. Basin colors do not map to Transduction domains, elements, or a power hierarchy.","{""Green"": ""light continuous"", ""Blue"": ""light continuous""}","[""voluntary dismissal"", ""required-basin exhaustion"", ""loss of sufficient structural coherence"", ""unrecoverable leash/control failure""]",Executes simple validated commands and role behaviors autonomously; no human-like cognition or independent personhood.,Rank-dependent Builder variable.,"{""Red"": ""Baseline inefficient manifestation."", ""Orange"": ""Improved sustain/control."", ""Yellow"": ""Improved output/mobility."", ""Green"": ""Reliable combat-grade autonomy."", ""Blue"": ""Reduced cognitive steering and better leash."", ""Violet"": ""Elite persistence/control/output."", ""White"": ""Mature manifestation plus White secondary expression.""}",Independent Survey — continue a validated scouting route with minimal active steering and return compressed observations.,Water Wisp Elemental,"[""Summoner"", ""Elemental"", ""Water"", ""Wisp"", ""scout / harrier"", ""Tiny""]",ALPHA candidate
SE-0072,Water Hound,Elemental manifestation,coherent available-liquid body,Non-sentient; autonomous within validated behavior/command architecture.,"[""Genesis Expression"", ""Resonance"", ""Chirality""]","[""follow summoner"", ""hold position"", ""return/recall"", ""select resolved hostile target"", ""avoid designated allies"", ""pursuit / interception""]",pursuit / interception,Small,ground sprint / leap,"[""high-pressure jet"", ""mass-impact surge"", ""water screen""]","[""coherent manifestation body; damage degrades structural resolution rather than biological tissue"", ""dispersal and re-resolution within sustain limits""]",moderate,"moderate initial formation load; exact fatigue depends on rank, competency, and current basin state.",moderate continuous sustain relative to ordinary manifestations of the same rank.,1–3 hours at baseline competent use; rank/competency can change this substantially.,"[""Green"", ""Blue""]","Structural identity only. Basin colors do not map to Transduction domains, elements, or a power hierarchy.","{""Green"": ""light continuous"", ""Blue"": ""light continuous""}","[""voluntary dismissal"", ""required-basin exhaustion"", ""loss of sufficient structural coherence"", ""unrecoverable leash/control failure""]",Executes simple validated commands and role behaviors autonomously; no human-like cognition or independent personhood.,Rank-dependent Builder variable.,"{""Red"": ""Baseline inefficient manifestation."", ""Orange"": ""Improved sustain/control."", ""Yellow"": ""Improved output/mobility."", ""Green"": ""Reliable combat-grade autonomy."", ""Blue"": ""Reduced cognitive steering and better leash."", ""Violet"": ""Elite persistence/control/output."", ""White"": ""Mature manifestation plus White secondary expression.""}",Relentless Intercept — dynamically reassign interception among resolved threats while preserving guard priority.,Water Hound Elemental,"[""Summoner"", ""Elemental"", ""Water"", ""Hound"", ""pursuit / interception"", ""Small""]",ALPHA candidate
SE-0073,Water Raptor,Elemental manifestation,coherent available-liquid body,Non-sentient; autonomous within validated behavior/command architecture.,"[""Genesis Expression"", ""Resonance"", ""Chirality""]","[""follow summoner"", ""hold position"", ""return/recall"", ""select resolved hostile target"", ""avoid designated allies"", ""aerial pursuit / strike""]",aerial pursuit / strike,Small,aerial flight,"[""high-pressure jet"", ""mass-impact surge"", ""water screen""]","[""coherent manifestation body; damage degrades structural resolution rather than biological tissue"", ""mobility/evasion bias"", ""dispersal and re-resolution within sustain limits""]",moderate,"moderate initial formation load; exact fatigue depends on rank, competency, and current basin state.",moderate continuous sustain relative to ordinary manifestations of the same rank.,45–120 minutes at baseline competent use; rank/competency can change this substantially.,"[""Green"", ""Blue""]","Structural identity only. Basin colors do not map to Transduction domains, elements, or a power hierarchy.","{""Green"": ""light continuous"", ""Blue"": ""light continuous""}","[""voluntary dismissal"", ""required-basin exhaustion"", ""loss of sufficient structural coherence"", ""unrecoverable leash/control failure""]",Executes simple validated commands and role behaviors autonomously; no human-like cognition or independent personhood.,Rank-dependent Builder variable.,"{""Red"": ""Baseline inefficient manifestation."", ""Orange"": ""Improved sustain/control."", ""Yellow"": ""Improved output/mobility."", ""Green"": ""Reliable combat-grade autonomy."", ""Blue"": ""Reduced cognitive steering and better leash."", ""Violet"": ""Elite persistence/control/output."", ""White"": ""Mature manifestation plus White secondary expression.""}",Vector Hunt — autonomous pursuit through complex three-dimensional movement until recall/leash limit.,Water Raptor Elemental,"[""Summoner"", ""Elemental"", ""Water"", ""Raptor"", ""aerial pursuit / strike"", ""Small""]",ALPHA candidate
SE-0074,Water Serpent,Elemental manifestation,coherent available-liquid body,Non-sentient; autonomous within validated behavior/command architecture.,"[""Genesis Expression"", ""Resonance"", ""Chirality""]","[""follow summoner"", ""hold position"", ""return/recall"", ""select resolved hostile target"", ""avoid designated allies"", ""constriction / lane control""]",constriction / lane control,Medium,ground slither / climbing,"[""high-pressure jet"", ""mass-impact surge"", ""water screen""]","[""coherent manifestation body; damage degrades structural resolution rather than biological tissue"", ""dispersal and re-resolution within sustain limits""]",moderate,"moderate initial formation load; exact fatigue depends on rank, competency, and current basin state.",moderate continuous sustain relative to ordinary manifestations of the same rank.,45–120 minutes at baseline competent use; rank/competency can change this substantially.,"[""Green"", ""Blue"", ""Violet""]","Structural identity only. Basin colors do not map to Transduction domains, elements, or a power hierarchy.","{""Green"": ""light continuous"", ""Blue"": ""light continuous"", ""Violet"": ""light continuous""}","[""voluntary dismissal"", ""required-basin exhaustion"", ""loss of sufficient structural coherence"", ""unrecoverable leash/control failure""]",Executes simple validated commands and role behaviors autonomously; no human-like cognition or independent personhood.,Rank-dependent Builder variable.,"{""Red"": ""Baseline inefficient manifestation."", ""Orange"": ""Improved sustain/control."", ""Yellow"": ""Improved output/mobility."", ""Green"": ""Reliable combat-grade autonomy."", ""Blue"": ""Reduced cognitive steering and better leash."", ""Violet"": ""Elite persistence/control/output."", ""White"": ""Mature manifestation plus White secondary expression.""}",Boundary Coil — establish a temporary movement-denial loop around a resolved locus.,Water Serpent Elemental,"[""Summoner"", ""Elemental"", ""Water"", ""Serpent"", ""constriction / lane control"", ""Medium""]",ALPHA candidate
SE-0075,Water Sentinel,Elemental manifestation,coherent available-liquid body,Non-sentient; autonomous within validated behavior/command architecture.,"[""Genesis Expression"", ""Resonance"", ""Chirality""]","[""follow summoner"", ""hold position"", ""return/recall"", ""select resolved hostile target"", ""avoid designated allies"", ""guard / intercept""]",guard / intercept,Medium,slow ground / stationary,"[""high-pressure jet"", ""mass-impact surge"", ""water screen""]","[""coherent manifestation body; damage degrades structural resolution rather than biological tissue"", ""reinforced chiral persistence"", ""interposition/body-block behavior"", ""dispersal and re-resolution within sustain limits""]",low-to-moderate,"low-to-moderate initial formation load; exact fatigue depends on rank, competency, and current basin state.",low-to-moderate continuous sustain relative to ordinary manifestations of the same rank.,2–6 hours at baseline competent use; rank/competency can change this substantially.,"[""Green"", ""Blue"", ""Yellow""]","Structural identity only. Basin colors do not map to Transduction domains, elements, or a power hierarchy.","{""Green"": ""continuous"", ""Blue"": ""continuous"", ""Yellow"": ""continuous""}","[""voluntary dismissal"", ""required-basin exhaustion"", ""loss of sufficient structural coherence"", ""unrecoverable leash/control failure""]",Executes simple validated commands and role behaviors autonomously; no human-like cognition or independent personhood.,Rank-dependent Builder variable.,"{""Red"": ""Baseline inefficient manifestation."", ""Orange"": ""Improved sustain/control."", ""Yellow"": ""Improved output/mobility."", ""Green"": ""Reliable combat-grade autonomy."", ""Blue"": ""Reduced cognitive steering and better leash."", ""Violet"": ""Elite persistence/control/output."", ""White"": ""Mature manifestation plus White secondary expression.""}",Autonomous Watch — maintain a validated guard protocol with sharply reduced cognitive steering.,Water Sentinel Elemental,"[""Summoner"", ""Elemental"", ""Water"", ""Sentinel"", ""guard / intercept"", ""Medium""]",ALPHA candidate
SE-0076,Water Manta,Elemental manifestation,coherent available-liquid body,Non-sentient; autonomous within validated behavior/command architecture.,"[""Genesis Expression"", ""Resonance"", ""Chirality""]","[""follow summoner"", ""hold position"", ""return/recall"", ""select resolved hostile target"", ""avoid designated allies"", ""screening / area control""]",screening / area control,Medium,aerial glide,"[""high-pressure jet"", ""mass-impact surge"", ""water screen""]","[""coherent manifestation body; damage degrades structural resolution rather than biological tissue"", ""mobility/evasion bias"", ""dispersal and re-resolution within sustain limits""]",moderate,"moderate initial formation load; exact fatigue depends on rank, competency, and current basin state.",moderate continuous sustain relative to ordinary manifestations of the same rank.,30–90 minutes at baseline competent use; rank/competency can change this substantially.,"[""Green"", ""Blue"", ""Violet""]","Structural identity only. Basin colors do not map to Transduction domains, elements, or a power hierarchy.","{""Green"": ""continuous"", ""Blue"": ""continuous"", ""Violet"": ""continuous""}","[""voluntary dismissal"", ""required-basin exhaustion"", ""loss of sufficient structural coherence"", ""unrecoverable leash/control failure""]",Executes simple validated commands and role behaviors autonomously; no human-like cognition or independent personhood.,Rank-dependent Builder variable.,"{""Red"": ""Baseline inefficient manifestation."", ""Orange"": ""Improved sustain/control."", ""Yellow"": ""Improved output/mobility."", ""Green"": ""Reliable combat-grade autonomy."", ""Blue"": ""Reduced cognitive steering and better leash."", ""Violet"": ""Elite persistence/control/output."", ""White"": ""Mature manifestation plus White secondary expression.""}",Protective Orbit — autonomously maintain a moving screening envelope around a designated ally/group.,Water Manta Elemental,"[""Summoner"", ""Elemental"", ""Water"", ""Manta"", ""screening / area control"", ""Medium""]",ALPHA candidate
SE-0077,Water Swarm,Elemental manifestation,coherent available-liquid body,Non-sentient; autonomous within validated behavior/command architecture.,"[""Genesis Expression"", ""Resonance"", ""Chirality""]","[""follow summoner"", ""hold position"", ""return/recall"", ""select resolved hostile target"", ""avoid designated allies"", ""harassment / saturation""]",harassment / saturation,Variable,distributed flight/ground motion,"[""high-pressure jet"", ""mass-impact surge"", ""water screen""]","[""coherent manifestation body; damage degrades structural resolution rather than biological tissue"", ""mobility/evasion bias"", ""dispersal and re-resolution within sustain limits""]",high,"high initial formation load; exact fatigue depends on rank, competency, and current basin state.",high continuous sustain relative to ordinary manifestations of the same rank.,15–45 minutes at baseline competent use; rank/competency can change this substantially.,"[""Green"", ""Blue"", ""Yellow""]","Structural identity only. Basin colors do not map to Transduction domains, elements, or a power hierarchy.","{""Green"": ""continuous"", ""Blue"": ""continuous"", ""Yellow"": ""continuous""}","[""voluntary dismissal"", ""required-basin exhaustion"", ""loss of sufficient structural coherence"", ""unrecoverable leash/control failure""]",Executes simple validated commands and role behaviors autonomously; no human-like cognition or independent personhood.,Rank-dependent Builder variable.,"{""Red"": ""Baseline inefficient manifestation."", ""Orange"": ""Improved sustain/control."", ""Yellow"": ""Improved output/mobility."", ""Green"": ""Reliable combat-grade autonomy."", ""Blue"": ""Reduced cognitive steering and better leash."", ""Violet"": ""Elite persistence/control/output."", ""White"": ""Mature manifestation plus White secondary expression.""}",Distributed Coordination — split/recombine subunits according to a validated target-priority rule.,Water Swarm Elemental,"[""Summoner"", ""Elemental"", ""Water"", ""Swarm"", ""harassment / saturation"", ""Variable""]",ALPHA candidate
SE-0078,Water Stag,Elemental manifestation,coherent available-liquid body,Non-sentient; autonomous within validated behavior/command architecture.,"[""Genesis Expression"", ""Resonance"", ""Chirality""]","[""follow summoner"", ""hold position"", ""return/recall"", ""select resolved hostile target"", ""avoid designated allies"", ""carrier / charge / extraction""]",carrier / charge / extraction,Large,ground sprint,"[""high-pressure jet"", ""mass-impact surge"", ""water screen""]","[""coherent manifestation body; damage degrades structural resolution rather than biological tissue"", ""reinforced chiral persistence"", ""interposition/body-block behavior"", ""dispersal and re-resolution within sustain limits""]",high,"high initial formation load; exact fatigue depends on rank, competency, and current basin state.",high continuous sustain relative to ordinary manifestations of the same rank.,20–60 minutes at baseline competent use; rank/competency can change this substantially.,"[""Green"", ""Blue"", ""Violet""]","Structural identity only. Basin colors do not map to Transduction domains, elements, or a power hierarchy.","{""Green"": ""continuous"", ""Blue"": ""continuous"", ""Violet"": ""continuous""}","[""voluntary dismissal"", ""required-basin exhaustion"", ""loss of sufficient structural coherence"", ""unrecoverable leash/control failure""]",Executes simple validated commands and role behaviors autonomously; no human-like cognition or independent personhood.,Rank-dependent Builder variable.,"{""Red"": ""Baseline inefficient manifestation."", ""Orange"": ""Improved sustain/control."", ""Yellow"": ""Improved output/mobility."", ""Green"": ""Reliable combat-grade autonomy."", ""Blue"": ""Reduced cognitive steering and better leash."", ""Violet"": ""Elite persistence/control/output."", ""White"": ""Mature manifestation plus White secondary expression.""}",Extraction Run — autonomously navigate a validated retreat corridor while carrying an ally/load.,Water Stag Elemental,"[""Summoner"", ""Elemental"", ""Water"", ""Stag"", ""carrier / charge / extraction"", ""Large""]",ALPHA candidate
SE-0079,Water Colossus,Elemental manifestation,coherent available-liquid body,Non-sentient; autonomous within validated behavior/command architecture.,"[""Genesis Expression"", ""Resonance"", ""Chirality""]","[""follow summoner"", ""hold position"", ""return/recall"", ""select resolved hostile target"", ""avoid designated allies"", ""breaker / siege / protection""]",breaker / siege / protection,Huge,slow ground,"[""high-pressure jet"", ""mass-impact surge"", ""water screen"", ""high-output mechanism-specific assault""]","[""coherent manifestation body; damage degrades structural resolution rather than biological tissue"", ""reinforced chiral persistence"", ""interposition/body-block behavior"", ""dispersal and re-resolution within sustain limits""]",very high,"very high initial formation load; exact fatigue depends on rank, competency, and current basin state.",very high continuous sustain relative to ordinary manifestations of the same rank.,2–10 minutes at baseline competent use; rank/competency can change this substantially.,"[""Green"", ""Blue"", ""Yellow""]","Structural identity only. Basin colors do not map to Transduction domains, elements, or a power hierarchy.","{""Green"": ""continuous"", ""Blue"": ""continuous"", ""Yellow"": ""continuous""}","[""voluntary dismissal"", ""required-basin exhaustion"", ""loss of sufficient structural coherence"", ""unrecoverable leash/control failure""]",Executes simple validated commands and role behaviors autonomously; no human-like cognition or independent personhood.,Rank-dependent Builder variable.,"{""Red"": ""Baseline inefficient manifestation."", ""Orange"": ""Improved sustain/control."", ""Yellow"": ""Improved output/mobility."", ""Green"": ""Reliable combat-grade autonomy."", ""Blue"": ""Reduced cognitive steering and better leash."", ""Violet"": ""Elite persistence/control/output."", ""White"": ""Mature manifestation plus White secondary expression.""}",Last Bastion — redirect remaining reserve into a short-duration maximum-persistence defensive state.,Water Colossus Elemental,"[""Summoner"", ""Elemental"", ""Water"", ""Colossus"", ""breaker / siege / protection"", ""Huge""]",ALPHA candidate
SE-0080,Water Drake,Elemental manifestation,coherent available-liquid body,Non-sentient; autonomous within validated behavior/command architecture.,"[""Genesis Expression"", ""Resonance"", ""Chirality""]","[""follow summoner"", ""hold position"", ""return/recall"", ""select resolved hostile target"", ""avoid designated allies"", ""high-output assault""]",high-output assault,Huge,aerial / ground,"[""high-pressure jet"", ""mass-impact surge"", ""water screen"", ""high-output mechanism-specific assault""]","[""coherent manifestation body; damage degrades structural resolution rather than biological tissue"", ""reinforced chiral persistence"", ""interposition/body-block behavior"", ""dispersal and re-resolution within sustain limits""]",extreme,"extreme initial formation load; exact fatigue depends on rank, competency, and current basin state.",extreme continuous sustain relative to ordinary manifestations of the same rank.,30 seconds–5 minutes at baseline competent use; rank/competency can change this substantially.,"[""Green"", ""Blue"", ""Violet"", ""Yellow""]","Structural identity only. Basin colors do not map to Transduction domains, elements, or a power hierarchy.","{""Green"": ""continuous"", ""Blue"": ""continuous"", ""Violet"": ""continuous"", ""Yellow"": ""continuous""}","[""voluntary dismissal"", ""required-basin exhaustion"", ""loss of sufficient structural coherence"", ""unrecoverable leash/control failure""]",Executes simple validated commands and role behaviors autonomously; no human-like cognition or independent personhood.,Rank-dependent Builder variable.,"{""Red"": ""Baseline inefficient manifestation."", ""Orange"": ""Improved sustain/control."", ""Yellow"": ""Improved output/mobility."", ""Green"": ""Reliable combat-grade autonomy."", ""Blue"": ""Reduced cognitive steering and better leash."", ""Violet"": ""Elite persistence/control/output."", ""White"": ""Mature manifestation plus White secondary expression.""}",Catastrophic Exhalation — consume a major fraction of remaining reserve in one mechanism-specific high-output assault.,Water Drake Elemental,"[""Summoner"", ""Elemental"", ""Water"", ""Drake"", ""high-output assault"", ""Huge""]",ALPHA candidate
SE-0081,Mineral Wisp,Elemental manifestation,available mineral particulate / aggregate body,Non-sentient; autonomous within validated behavior/command architecture.,"[""Genesis Expression"", ""Resonance"", ""Chirality""]","[""follow summoner"", ""hold position"", ""return/recall"", ""select resolved hostile target"", ""avoid designated allies"", ""scout / harrier""]",scout / harrier,Tiny,aerial drift,"[""mass-impact strike"", ""particulate burst""]","[""coherent manifestation body; damage degrades structural resolution rather than biological tissue"", ""mobility/evasion bias""]",low,"low initial formation load; exact fatigue depends on rank, competency, and current basin state.",low continuous sustain relative to ordinary manifestations of the same rank.,hours at baseline competent use; rank/competency can change this substantially.,"[""Orange"", ""Green""]","Structural identity only. Basin colors do not map to Transduction domains, elements, or a power hierarchy.","{""Orange"": ""light continuous"", ""Green"": ""light continuous""}","[""voluntary dismissal"", ""required-basin exhaustion"", ""loss of sufficient structural coherence"", ""unrecoverable leash/control failure""]",Executes simple validated commands and role behaviors autonomously; no human-like cognition or independent personhood.,Rank-dependent Builder variable.,"{""Red"": ""Baseline inefficient manifestation."", ""Orange"": ""Improved sustain/control."", ""Yellow"": ""Improved output/mobility."", ""Green"": ""Reliable combat-grade autonomy."", ""Blue"": ""Reduced cognitive steering and better leash."", ""Violet"": ""Elite persistence/control/output."", ""White"": ""Mature manifestation plus White secondary expression.""}",Independent Survey — continue a validated scouting route with minimal active steering and return compressed observations.,Mineral Wisp Elemental,"[""Summoner"", ""Elemental"", ""Mineral"", ""Wisp"", ""scout / harrier"", ""Tiny""]",ALPHA candidate
SE-0082,Mineral Hound,Elemental manifestation,available mineral particulate / aggregate body,Non-sentient; autonomous within validated behavior/command architecture.,"[""Genesis Expression"", ""Resonance"", ""Chirality""]","[""follow summoner"", ""hold position"", ""return/recall"", ""select resolved hostile target"", ""avoid designated allies"", ""pursuit / interception""]",pursuit / interception,Small,ground sprint / leap,"[""mass-impact strike"", ""particulate burst"", ""abrasive screen""]","[""coherent manifestation body; damage degrades structural resolution rather than biological tissue""]",moderate,"moderate initial formation load; exact fatigue depends on rank, competency, and current basin state.",moderate continuous sustain relative to ordinary manifestations of the same rank.,1–3 hours at baseline competent use; rank/competency can change this substantially.,"[""Orange"", ""Green""]","Structural identity only. Basin colors do not map to Transduction domains, elements, or a power hierarchy.","{""Orange"": ""light continuous"", ""Green"": ""light continuous""}","[""voluntary dismissal"", ""required-basin exhaustion"", ""loss of sufficient structural coherence"", ""unrecoverable leash/control failure""]",Executes simple validated commands and role behaviors autonomously; no human-like cognition or independent personhood.,Rank-dependent Builder variable.,"{""Red"": ""Baseline inefficient manifestation."", ""Orange"": ""Improved sustain/control."", ""Yellow"": ""Improved output/mobility."", ""Green"": ""Reliable combat-grade autonomy."", ""Blue"": ""Reduced cognitive steering and better leash."", ""Violet"": ""Elite persistence/control/output."", ""White"": ""Mature manifestation plus White secondary expression.""}",Relentless Intercept — dynamically reassign interception among resolved threats while preserving guard priority.,Mineral Hound Elemental,"[""Summoner"", ""Elemental"", ""Mineral"", ""Hound"", ""pursuit / interception"", ""Small""]",ALPHA candidate
SE-0083,Mineral Raptor,Elemental manifestation,available mineral particulate / aggregate body,Non-sentient; autonomous within validated behavior/command architecture.,"[""Genesis Expression"", ""Resonance"", ""Chirality""]","[""follow summoner"", ""hold position"", ""return/recall"", ""select resolved hostile target"", ""avoid designated allies"", ""aerial pursuit / strike""]",aerial pursuit / strike,Small,aerial flight,"[""mass-impact strike"", ""particulate burst"", ""abrasive screen""]","[""coherent manifestation body; damage degrades structural resolution rather than biological tissue"", ""mobility/evasion bias""]",moderate,"moderate initial formation load; exact fatigue depends on rank, competency, and current basin state.",moderate continuous sustain relative to ordinary manifestations of the same rank.,45–120 minutes at baseline competent use; rank/competency can change this substantially.,"[""Orange"", ""Violet""]","Structural identity only. Basin colors do not map to Transduction domains, elements, or a power hierarchy.","{""Orange"": ""light continuous"", ""Violet"": ""light continuous""}","[""voluntary dismissal"", ""required-basin exhaustion"", ""loss of sufficient structural coherence"", ""unrecoverable leash/control failure""]",Executes simple validated commands and role behaviors autonomously; no human-like cognition or independent personhood.,Rank-dependent Builder variable.,"{""Red"": ""Baseline inefficient manifestation."", ""Orange"": ""Improved sustain/control."", ""Yellow"": ""Improved output/mobility."", ""Green"": ""Reliable combat-grade autonomy."", ""Blue"": ""Reduced cognitive steering and better leash."", ""Violet"": ""Elite persistence/control/output."", ""White"": ""Mature manifestation plus White secondary expression.""}",Vector Hunt — autonomous pursuit through complex three-dimensional movement until recall/leash limit.,Mineral Raptor Elemental,"[""Summoner"", ""Elemental"", ""Mineral"", ""Raptor"", ""aerial pursuit / strike"", ""Small""]",ALPHA candidate
SE-0084,Mineral Serpent,Elemental manifestation,available mineral particulate / aggregate body,Non-sentient; autonomous within validated behavior/command architecture.,"[""Genesis Expression"", ""Resonance"", ""Chirality""]","[""follow summoner"", ""hold position"", ""return/recall"", ""select resolved hostile target"", ""avoid designated allies"", ""constriction / lane control""]",constriction / lane control,Medium,ground slither / climbing,"[""mass-impact strike"", ""particulate burst"", ""abrasive screen""]","[""coherent manifestation body; damage degrades structural resolution rather than biological tissue""]",moderate,"moderate initial formation load; exact fatigue depends on rank, competency, and current basin state.",moderate continuous sustain relative to ordinary manifestations of the same rank.,45–120 minutes at baseline competent use; rank/competency can change this substantially.,"[""Orange"", ""Green"", ""Red""]","Structural identity only. Basin colors do not map to Transduction domains, elements, or a power hierarchy.","{""Orange"": ""light continuous"", ""Green"": ""light continuous"", ""Red"": ""light continuous""}","[""voluntary dismissal"", ""required-basin exhaustion"", ""loss of sufficient structural coherence"", ""unrecoverable leash/control failure""]",Executes simple validated commands and role behaviors autonomously; no human-like cognition or independent personhood.,Rank-dependent Builder variable.,"{""Red"": ""Baseline inefficient manifestation."", ""Orange"": ""Improved sustain/control."", ""Yellow"": ""Improved output/mobility."", ""Green"": ""Reliable combat-grade autonomy."", ""Blue"": ""Reduced cognitive steering and better leash."", ""Violet"": ""Elite persistence/control/output."", ""White"": ""Mature manifestation plus White secondary expression.""}",Boundary Coil — establish a temporary movement-denial loop around a resolved locus.,Mineral Serpent Elemental,"[""Summoner"", ""Elemental"", ""Mineral"", ""Serpent"", ""constriction / lane control"", ""Medium""]",ALPHA candidate
SE-0085,Mineral Sentinel,Elemental manifestation,available mineral particulate / aggregate body,Non-sentient; autonomous within validated behavior/command architecture.,"[""Genesis Expression"", ""Resonance"", ""Chirality""]","[""follow summoner"", ""hold position"", ""return/recall"", ""select resolved hostile target"", ""avoid designated allies"", ""guard / intercept""]",guard / intercept,Medium,slow ground / stationary,"[""mass-impact strike"", ""particulate burst"", ""abrasive screen""]","[""coherent manifestation body; damage degrades structural resolution rather than biological tissue"", ""reinforced chiral persistence"", ""interposition/body-block behavior""]",low-to-moderate,"low-to-moderate initial formation load; exact fatigue depends on rank, competency, and current basin state.",low-to-moderate continuous sustain relative to ordinary manifestations of the same rank.,2–6 hours at baseline competent use; rank/competency can change this substantially.,"[""Orange"", ""Green"", ""Blue""]","Structural identity only. Basin colors do not map to Transduction domains, elements, or a power hierarchy.","{""Orange"": ""continuous"", ""Green"": ""continuous"", ""Blue"": ""continuous""}","[""voluntary dismissal"", ""required-basin exhaustion"", ""loss of sufficient structural coherence"", ""unrecoverable leash/control failure""]",Executes simple validated commands and role behaviors autonomously; no human-like cognition or independent personhood.,Rank-dependent Builder variable.,"{""Red"": ""Baseline inefficient manifestation."", ""Orange"": ""Improved sustain/control."", ""Yellow"": ""Improved output/mobility."", ""Green"": ""Reliable combat-grade autonomy."", ""Blue"": ""Reduced cognitive steering and better leash."", ""Violet"": ""Elite persistence/control/output."", ""White"": ""Mature manifestation plus White secondary expression.""}",Autonomous Watch — maintain a validated guard protocol with sharply reduced cognitive steering.,Mineral Sentinel Elemental,"[""Summoner"", ""Elemental"", ""Mineral"", ""Sentinel"", ""guard / intercept"", ""Medium""]",ALPHA candidate
SE-0086,Mineral Manta,Elemental manifestation,available mineral particulate / aggregate body,Non-sentient; autonomous within validated behavior/command architecture.,"[""Genesis Expression"", ""Resonance"", ""Chirality""]","[""follow summoner"", ""hold position"", ""return/recall"", ""select resolved hostile target"", ""avoid designated allies"", ""screening / area control""]",screening / area control,Medium,aerial glide,"[""mass-impact strike"", ""particulate burst"", ""abrasive screen""]","[""coherent manifestation body; damage degrades structural resolution rather than biological tissue"", ""mobility/evasion bias""]",moderate,"moderate initial formation load; exact fatigue depends on rank, competency, and current basin state.",moderate continuous sustain relative to ordinary manifestations of the same rank.,30–90 minutes at baseline competent use; rank/competency can change this substantially.,"[""Orange"", ""Green"", ""Violet""]","Structural identity only. Basin colors do not map to Transduction domains, elements, or a power hierarchy.","{""Orange"": ""continuous"", ""Green"": ""continuous"", ""Violet"": ""continuous""}","[""voluntary dismissal"", ""required-basin exhaustion"", ""loss of sufficient structural coherence"", ""unrecoverable leash/control failure""]",Executes simple validated commands and role behaviors autonomously; no human-like cognition or independent personhood.,Rank-dependent Builder variable.,"{""Red"": ""Baseline inefficient manifestation."", ""Orange"": ""Improved sustain/control."", ""Yellow"": ""Improved output/mobility."", ""Green"": ""Reliable combat-grade autonomy."", ""Blue"": ""Reduced cognitive steering and better leash."", ""Violet"": ""Elite persistence/control/output."", ""White"": ""Mature manifestation plus White secondary expression.""}",Protective Orbit — autonomously maintain a moving screening envelope around a designated ally/group.,Mineral Manta Elemental,"[""Summoner"", ""Elemental"", ""Mineral"", ""Manta"", ""screening / area control"", ""Medium""]",ALPHA candidate
SE-0087,Mineral Swarm,Elemental manifestation,available mineral particulate / aggregate body,Non-sentient; autonomous within validated behavior/command architecture.,"[""Genesis Expression"", ""Resonance"", ""Chirality""]","[""follow summoner"", ""hold position"", ""return/recall"", ""select resolved hostile target"", ""avoid designated allies"", ""harassment / saturation""]",harassment / saturation,Variable,distributed flight/ground motion,"[""mass-impact strike"", ""particulate burst"", ""abrasive screen""]","[""coherent manifestation body; damage degrades structural resolution rather than biological tissue"", ""mobility/evasion bias""]",high,"high initial formation load; exact fatigue depends on rank, competency, and current basin state.",high continuous sustain relative to ordinary manifestations of the same rank.,15–45 minutes at baseline competent use; rank/competency can change this substantially.,"[""Orange"", ""Green"", ""Blue""]","Structural identity only. Basin colors do not map to Transduction domains, elements, or a power hierarchy.","{""Orange"": ""continuous"", ""Green"": ""continuous"", ""Blue"": ""continuous""}","[""voluntary dismissal"", ""required-basin exhaustion"", ""loss of sufficient structural coherence"", ""unrecoverable leash/control failure""]",Executes simple validated commands and role behaviors autonomously; no human-like cognition or independent personhood.,Rank-dependent Builder variable.,"{""Red"": ""Baseline inefficient manifestation."", ""Orange"": ""Improved sustain/control."", ""Yellow"": ""Improved output/mobility."", ""Green"": ""Reliable combat-grade autonomy."", ""Blue"": ""Reduced cognitive steering and better leash."", ""Violet"": ""Elite persistence/control/output."", ""White"": ""Mature manifestation plus White secondary expression.""}",Distributed Coordination — split/recombine subunits according to a validated target-priority rule.,Mineral Swarm Elemental,"[""Summoner"", ""Elemental"", ""Mineral"", ""Swarm"", ""harassment / saturation"", ""Variable""]",ALPHA candidate
SE-0088,Mineral Stag,Elemental manifestation,available mineral particulate / aggregate body,Non-sentient; autonomous within validated behavior/command architecture.,"[""Genesis Expression"", ""Resonance"", ""Chirality""]","[""follow summoner"", ""hold position"", ""return/recall"", ""select resolved hostile target"", ""avoid designated allies"", ""carrier / charge / extraction""]",carrier / charge / extraction,Large,ground sprint,"[""mass-impact strike"", ""particulate burst"", ""abrasive screen""]","[""coherent manifestation body; damage degrades structural resolution rather than biological tissue"", ""reinforced chiral persistence"", ""interposition/body-block behavior""]",high,"high initial formation load; exact fatigue depends on rank, competency, and current basin state.",high continuous sustain relative to ordinary manifestations of the same rank.,20–60 minutes at baseline competent use; rank/competency can change this substantially.,"[""Orange"", ""Green"", ""Blue""]","Structural identity only. Basin colors do not map to Transduction domains, elements, or a power hierarchy.","{""Orange"": ""continuous"", ""Green"": ""continuous"", ""Blue"": ""continuous""}","[""voluntary dismissal"", ""required-basin exhaustion"", ""loss of sufficient structural coherence"", ""unrecoverable leash/control failure""]",Executes simple validated commands and role behaviors autonomously; no human-like cognition or independent personhood.,Rank-dependent Builder variable.,"{""Red"": ""Baseline inefficient manifestation."", ""Orange"": ""Improved sustain/control."", ""Yellow"": ""Improved output/mobility."", ""Green"": ""Reliable combat-grade autonomy."", ""Blue"": ""Reduced cognitive steering and better leash."", ""Violet"": ""Elite persistence/control/output."", ""White"": ""Mature manifestation plus White secondary expression.""}",Extraction Run — autonomously navigate a validated retreat corridor while carrying an ally/load.,Mineral Stag Elemental,"[""Summoner"", ""Elemental"", ""Mineral"", ""Stag"", ""carrier / charge / extraction"", ""Large""]",ALPHA candidate
SE-0089,Mineral Colossus,Elemental manifestation,available mineral particulate / aggregate body,Non-sentient; autonomous within validated behavior/command architecture.,"[""Genesis Expression"", ""Resonance"", ""Chirality""]","[""follow summoner"", ""hold position"", ""return/recall"", ""select resolved hostile target"", ""avoid designated allies"", ""breaker / siege / protection""]",breaker / siege / protection,Huge,slow ground,"[""mass-impact strike"", ""particulate burst"", ""abrasive screen"", ""high-output mechanism-specific assault""]","[""coherent manifestation body; damage degrades structural resolution rather than biological tissue"", ""reinforced chiral persistence"", ""interposition/body-block behavior""]",very high,"very high initial formation load; exact fatigue depends on rank, competency, and current basin state.",very high continuous sustain relative to ordinary manifestations of the same rank.,2–10 minutes at baseline competent use; rank/competency can change this substantially.,"[""Orange"", ""Green"", ""Blue"", ""Yellow""]","Structural identity only. Basin colors do not map to Transduction domains, elements, or a power hierarchy.","{""Orange"": ""continuous"", ""Green"": ""continuous"", ""Blue"": ""continuous"", ""Yellow"": ""continuous""}","[""voluntary dismissal"", ""required-basin exhaustion"", ""loss of sufficient structural coherence"", ""unrecoverable leash/control failure""]",Executes simple validated commands and role behaviors autonomously; no human-like cognition or independent personhood.,Rank-dependent Builder variable.,"{""Red"": ""Baseline inefficient manifestation."", ""Orange"": ""Improved sustain/control."", ""Yellow"": ""Improved output/mobility."", ""Green"": ""Reliable combat-grade autonomy."", ""Blue"": ""Reduced cognitive steering and better leash."", ""Violet"": ""Elite persistence/control/output."", ""White"": ""Mature manifestation plus White secondary expression.""}",Last Bastion — redirect remaining reserve into a short-duration maximum-persistence defensive state.,Mineral Colossus Elemental,"[""Summoner"", ""Elemental"", ""Mineral"", ""Colossus"", ""breaker / siege / protection"", ""Huge""]",ALPHA candidate
SE-0090,Mineral Drake,Elemental manifestation,available mineral particulate / aggregate body,Non-sentient; autonomous within validated behavior/command architecture.,"[""Genesis Expression"", ""Resonance"", ""Chirality""]","[""follow summoner"", ""hold position"", ""return/recall"", ""select resolved hostile target"", ""avoid designated allies"", ""high-output assault""]",high-output assault,Huge,aerial / ground,"[""mass-impact strike"", ""particulate burst"", ""abrasive screen"", ""high-output mechanism-specific assault""]","[""coherent manifestation body; damage degrades structural resolution rather than biological tissue"", ""reinforced chiral persistence"", ""interposition/body-block behavior""]",extreme,"extreme initial formation load; exact fatigue depends on rank, competency, and current basin state.",extreme continuous sustain relative to ordinary manifestations of the same rank.,30 seconds–5 minutes at baseline competent use; rank/competency can change this substantially.,"[""Orange"", ""Green"", ""Red"", ""Yellow""]","Structural identity only. Basin colors do not map to Transduction domains, elements, or a power hierarchy.","{""Orange"": ""continuous"", ""Green"": ""continuous"", ""Red"": ""continuous"", ""Yellow"": ""continuous""}","[""voluntary dismissal"", ""required-basin exhaustion"", ""loss of sufficient structural coherence"", ""unrecoverable leash/control failure""]",Executes simple validated commands and role behaviors autonomously; no human-like cognition or independent personhood.,Rank-dependent Builder variable.,"{""Red"": ""Baseline inefficient manifestation."", ""Orange"": ""Improved sustain/control."", ""Yellow"": ""Improved output/mobility."", ""Green"": ""Reliable combat-grade autonomy."", ""Blue"": ""Reduced cognitive steering and better leash."", ""Violet"": ""Elite persistence/control/output."", ""White"": ""Mature manifestation plus White secondary expression.""}",Catastrophic Exhalation — consume a major fraction of remaining reserve in one mechanism-specific high-output assault.,Mineral Drake Elemental,"[""Summoner"", ""Elemental"", ""Mineral"", ""Drake"", ""high-output assault"", ""Huge""]",ALPHA candidate
SE-0091,Sand Wisp,Elemental manifestation,granular mineral particulate body,Non-sentient; autonomous within validated behavior/command architecture.,"[""Genesis Expression"", ""Resonance"", ""Chirality""]","[""follow summoner"", ""hold position"", ""return/recall"", ""select resolved hostile target"", ""avoid designated allies"", ""scout / harrier""]",scout / harrier,Tiny,aerial drift,"[""abrasive jet"", ""particulate cloud""]","[""coherent manifestation body; damage degrades structural resolution rather than biological tissue"", ""mobility/evasion bias"", ""dispersal and re-resolution within sustain limits""]",low,"low initial formation load; exact fatigue depends on rank, competency, and current basin state.",low continuous sustain relative to ordinary manifestations of the same rank.,hours at baseline competent use; rank/competency can change this substantially.,"[""Orange"", ""Green""]","Structural identity only. Basin colors do not map to Transduction domains, elements, or a power hierarchy.","{""Orange"": ""light continuous"", ""Green"": ""light continuous""}","[""voluntary dismissal"", ""required-basin exhaustion"", ""loss of sufficient structural coherence"", ""unrecoverable leash/control failure""]",Executes simple validated commands and role behaviors autonomously; no human-like cognition or independent personhood.,Rank-dependent Builder variable.,"{""Red"": ""Baseline inefficient manifestation."", ""Orange"": ""Improved sustain/control."", ""Yellow"": ""Improved output/mobility."", ""Green"": ""Reliable combat-grade autonomy."", ""Blue"": ""Reduced cognitive steering and better leash."", ""Violet"": ""Elite persistence/control/output."", ""White"": ""Mature manifestation plus White secondary expression.""}",Independent Survey — continue a validated scouting route with minimal active steering and return compressed observations.,Sand Wisp Elemental,"[""Summoner"", ""Elemental"", ""Sand"", ""Wisp"", ""scout / harrier"", ""Tiny""]",ALPHA candidate
SE-0092,Sand Hound,Elemental manifestation,granular mineral particulate body,Non-sentient; autonomous within validated behavior/command architecture.,"[""Genesis Expression"", ""Resonance"", ""Chirality""]","[""follow summoner"", ""hold position"", ""return/recall"", ""select resolved hostile target"", ""avoid designated allies"", ""pursuit / interception""]",pursuit / interception,Small,ground sprint / leap,"[""abrasive jet"", ""particulate cloud"", ""granular impact""]","[""coherent manifestation body; damage degrades structural resolution rather than biological tissue"", ""dispersal and re-resolution within sustain limits""]",moderate,"moderate initial formation load; exact fatigue depends on rank, competency, and current basin state.",moderate continuous sustain relative to ordinary manifestations of the same rank.,1–3 hours at baseline competent use; rank/competency can change this substantially.,"[""Orange"", ""Violet""]","Structural identity only. Basin colors do not map to Transduction domains, elements, or a power hierarchy.","{""Orange"": ""light continuous"", ""Violet"": ""light continuous""}","[""voluntary dismissal"", ""required-basin exhaustion"", ""loss of sufficient structural coherence"", ""unrecoverable leash/control failure""]",Executes simple validated commands and role behaviors autonomously; no human-like cognition or independent personhood.,Rank-dependent Builder variable.,"{""Red"": ""Baseline inefficient manifestation."", ""Orange"": ""Improved sustain/control."", ""Yellow"": ""Improved output/mobility."", ""Green"": ""Reliable combat-grade autonomy."", ""Blue"": ""Reduced cognitive steering and better leash."", ""Violet"": ""Elite persistence/control/output."", ""White"": ""Mature manifestation plus White secondary expression.""}",Relentless Intercept — dynamically reassign interception among resolved threats while preserving guard priority.,Sand Hound Elemental,"[""Summoner"", ""Elemental"", ""Sand"", ""Hound"", ""pursuit / interception"", ""Small""]",ALPHA candidate
SE-0093,Sand Raptor,Elemental manifestation,granular mineral particulate body,Non-sentient; autonomous within validated behavior/command architecture.,"[""Genesis Expression"", ""Resonance"", ""Chirality""]","[""follow summoner"", ""hold position"", ""return/recall"", ""select resolved hostile target"", ""avoid designated allies"", ""aerial pursuit / strike""]",aerial pursuit / strike,Small,aerial flight,"[""abrasive jet"", ""particulate cloud"", ""granular impact""]","[""coherent manifestation body; damage degrades structural resolution rather than biological tissue"", ""mobility/evasion bias"", ""dispersal and re-resolution within sustain limits""]",moderate,"moderate initial formation load; exact fatigue depends on rank, competency, and current basin state.",moderate continuous sustain relative to ordinary manifestations of the same rank.,45–120 minutes at baseline competent use; rank/competency can change this substantially.,"[""Orange"", ""Green""]","Structural identity only. Basin colors do not map to Transduction domains, elements, or a power hierarchy.","{""Orange"": ""light continuous"", ""Green"": ""light continuous""}","[""voluntary dismissal"", ""required-basin exhaustion"", ""loss of sufficient structural coherence"", ""unrecoverable leash/control failure""]",Executes simple validated commands and role behaviors autonomously; no human-like cognition or independent personhood.,Rank-dependent Builder variable.,"{""Red"": ""Baseline inefficient manifestation."", ""Orange"": ""Improved sustain/control."", ""Yellow"": ""Improved output/mobility."", ""Green"": ""Reliable combat-grade autonomy."", ""Blue"": ""Reduced cognitive steering and better leash."", ""Violet"": ""Elite persistence/control/output."", ""White"": ""Mature manifestation plus White secondary expression.""}",Vector Hunt — autonomous pursuit through complex three-dimensional movement until recall/leash limit.,Sand Raptor Elemental,"[""Summoner"", ""Elemental"", ""Sand"", ""Raptor"", ""aerial pursuit / strike"", ""Small""]",ALPHA candidate
SE-0094,Sand Serpent,Elemental manifestation,granular mineral particulate body,Non-sentient; autonomous within validated behavior/command architecture.,"[""Genesis Expression"", ""Resonance"", ""Chirality""]","[""follow summoner"", ""hold position"", ""return/recall"", ""select resolved hostile target"", ""avoid designated allies"", ""constriction / lane control""]",constriction / lane control,Medium,ground slither / climbing,"[""abrasive jet"", ""particulate cloud"", ""granular impact""]","[""coherent manifestation body; damage degrades structural resolution rather than biological tissue"", ""dispersal and re-resolution within sustain limits""]",moderate,"moderate initial formation load; exact fatigue depends on rank, competency, and current basin state.",moderate continuous sustain relative to ordinary manifestations of the same rank.,45–120 minutes at baseline competent use; rank/competency can change this substantially.,"[""Orange"", ""Green"", ""Blue""]","Structural identity only. Basin colors do not map to Transduction domains, elements, or a power hierarchy.","{""Orange"": ""light continuous"", ""Green"": ""light continuous"", ""Blue"": ""light continuous""}","[""voluntary dismissal"", ""required-basin exhaustion"", ""loss of sufficient structural coherence"", ""unrecoverable leash/control failure""]",Executes simple validated commands and role behaviors autonomously; no human-like cognition or independent personhood.,Rank-dependent Builder variable.,"{""Red"": ""Baseline inefficient manifestation."", ""Orange"": ""Improved sustain/control."", ""Yellow"": ""Improved output/mobility."", ""Green"": ""Reliable combat-grade autonomy."", ""Blue"": ""Reduced cognitive steering and better leash."", ""Violet"": ""Elite persistence/control/output."", ""White"": ""Mature manifestation plus White secondary expression.""}",Boundary Coil — establish a temporary movement-denial loop around a resolved locus.,Sand Serpent Elemental,"[""Summoner"", ""Elemental"", ""Sand"", ""Serpent"", ""constriction / lane control"", ""Medium""]",ALPHA candidate
SE-0095,Sand Sentinel,Elemental manifestation,granular mineral particulate body,Non-sentient; autonomous within validated behavior/command architecture.,"[""Genesis Expression"", ""Resonance"", ""Chirality""]","[""follow summoner"", ""hold position"", ""return/recall"", ""select resolved hostile target"", ""avoid designated allies"", ""guard / intercept""]",guard / intercept,Medium,slow ground / stationary,"[""abrasive jet"", ""particulate cloud"", ""granular impact""]","[""coherent manifestation body; damage degrades structural resolution rather than biological tissue"", ""reinforced chiral persistence"", ""interposition/body-block behavior"", ""dispersal and re-resolution within sustain limits""]",low-to-moderate,"low-to-moderate initial formation load; exact fatigue depends on rank, competency, and current basin state.",low-to-moderate continuous sustain relative to ordinary manifestations of the same rank.,2–6 hours at baseline competent use; rank/competency can change this substantially.,"[""Orange"", ""Green"", ""Red""]","Structural identity only. Basin colors do not map to Transduction domains, elements, or a power hierarchy.","{""Orange"": ""continuous"", ""Green"": ""continuous"", ""Red"": ""continuous""}","[""voluntary dismissal"", ""required-basin exhaustion"", ""loss of sufficient structural coherence"", ""unrecoverable leash/control failure""]",Executes simple validated commands and role behaviors autonomously; no human-like cognition or independent personhood.,Rank-dependent Builder variable.,"{""Red"": ""Baseline inefficient manifestation."", ""Orange"": ""Improved sustain/control."", ""Yellow"": ""Improved output/mobility."", ""Green"": ""Reliable combat-grade autonomy."", ""Blue"": ""Reduced cognitive steering and better leash."", ""Violet"": ""Elite persistence/control/output."", ""White"": ""Mature manifestation plus White secondary expression.""}",Autonomous Watch — maintain a validated guard protocol with sharply reduced cognitive steering.,Sand Sentinel Elemental,"[""Summoner"", ""Elemental"", ""Sand"", ""Sentinel"", ""guard / intercept"", ""Medium""]",ALPHA candidate
SE-0096,Sand Manta,Elemental manifestation,granular mineral particulate body,Non-sentient; autonomous within validated behavior/command architecture.,"[""Genesis Expression"", ""Resonance"", ""Chirality""]","[""follow summoner"", ""hold position"", ""return/recall"", ""select resolved hostile target"", ""avoid designated allies"", ""screening / area control""]",screening / area control,Medium,aerial glide,"[""abrasive jet"", ""particulate cloud"", ""granular impact""]","[""coherent manifestation body; damage degrades structural resolution rather than biological tissue"", ""mobility/evasion bias"", ""dispersal and re-resolution within sustain limits""]",moderate,"moderate initial formation load; exact fatigue depends on rank, competency, and current basin state.",moderate continuous sustain relative to ordinary manifestations of the same rank.,30–90 minutes at baseline competent use; rank/competency can change this substantially.,"[""Orange"", ""Green"", ""Red""]","Structural identity only. Basin colors do not map to Transduction domains, elements, or a power hierarchy.","{""Orange"": ""continuous"", ""Green"": ""continuous"", ""Red"": ""continuous""}","[""voluntary dismissal"", ""required-basin exhaustion"", ""loss of sufficient structural coherence"", ""unrecoverable leash/control failure""]",Executes simple validated commands and role behaviors autonomously; no human-like cognition or independent personhood.,Rank-dependent Builder variable.,"{""Red"": ""Baseline inefficient manifestation."", ""Orange"": ""Improved sustain/control."", ""Yellow"": ""Improved output/mobility."", ""Green"": ""Reliable combat-grade autonomy."", ""Blue"": ""Reduced cognitive steering and better leash."", ""Violet"": ""Elite persistence/control/output."", ""White"": ""Mature manifestation plus White secondary expression.""}",Protective Orbit — autonomously maintain a moving screening envelope around a designated ally/group.,Sand Manta Elemental,"[""Summoner"", ""Elemental"", ""Sand"", ""Manta"", ""screening / area control"", ""Medium""]",ALPHA candidate
SE-0097,Sand Swarm,Elemental manifestation,granular mineral particulate body,Non-sentient; autonomous within validated behavior/command architecture.,"[""Genesis Expression"", ""Resonance"", ""Chirality""]","[""follow summoner"", ""hold position"", ""return/recall"", ""select resolved hostile target"", ""avoid designated allies"", ""harassment / saturation""]",harassment / saturation,Variable,distributed flight/ground motion,"[""abrasive jet"", ""particulate cloud"", ""granular impact""]","[""coherent manifestation body; damage degrades structural resolution rather than biological tissue"", ""mobility/evasion bias"", ""dispersal and re-resolution within sustain limits""]",high,"high initial formation load; exact fatigue depends on rank, competency, and current basin state.",high continuous sustain relative to ordinary manifestations of the same rank.,15–45 minutes at baseline competent use; rank/competency can change this substantially.,"[""Orange"", ""Green"", ""Blue""]","Structural identity only. Basin colors do not map to Transduction domains, elements, or a power hierarchy.","{""Orange"": ""continuous"", ""Green"": ""continuous"", ""Blue"": ""continuous""}","[""voluntary dismissal"", ""required-basin exhaustion"", ""loss of sufficient structural coherence"", ""unrecoverable leash/control failure""]",Executes simple validated commands and role behaviors autonomously; no human-like cognition or independent personhood.,Rank-dependent Builder variable.,"{""Red"": ""Baseline inefficient manifestation."", ""Orange"": ""Improved sustain/control."", ""Yellow"": ""Improved output/mobility."", ""Green"": ""Reliable combat-grade autonomy."", ""Blue"": ""Reduced cognitive steering and better leash."", ""Violet"": ""Elite persistence/control/output."", ""White"": ""Mature manifestation plus White secondary expression.""}",Distributed Coordination — split/recombine subunits according to a validated target-priority rule.,Sand Swarm Elemental,"[""Summoner"", ""Elemental"", ""Sand"", ""Swarm"", ""harassment / saturation"", ""Variable""]",ALPHA candidate
SE-0098,Sand Stag,Elemental manifestation,granular mineral particulate body,Non-sentient; autonomous within validated behavior/command architecture.,"[""Genesis Expression"", ""Resonance"", ""Chirality""]","[""follow summoner"", ""hold position"", ""return/recall"", ""select resolved hostile target"", ""avoid designated allies"", ""carrier / charge / extraction""]",carrier / charge / extraction,Large,ground sprint,"[""abrasive jet"", ""particulate cloud"", ""granular impact""]","[""coherent manifestation body; damage degrades structural resolution rather than biological tissue"", ""reinforced chiral persistence"", ""interposition/body-block behavior"", ""dispersal and re-resolution within sustain limits""]",high,"high initial formation load; exact fatigue depends on rank, competency, and current basin state.",high continuous sustain relative to ordinary manifestations of the same rank.,20–60 minutes at baseline competent use; rank/competency can change this substantially.,"[""Orange"", ""Green"", ""Yellow""]","Structural identity only. Basin colors do not map to Transduction domains, elements, or a power hierarchy.","{""Orange"": ""continuous"", ""Green"": ""continuous"", ""Yellow"": ""continuous""}","[""voluntary dismissal"", ""required-basin exhaustion"", ""loss of sufficient structural coherence"", ""unrecoverable leash/control failure""]",Executes simple validated commands and role behaviors autonomously; no human-like cognition or independent personhood.,Rank-dependent Builder variable.,"{""Red"": ""Baseline inefficient manifestation."", ""Orange"": ""Improved sustain/control."", ""Yellow"": ""Improved output/mobility."", ""Green"": ""Reliable combat-grade autonomy."", ""Blue"": ""Reduced cognitive steering and better leash."", ""Violet"": ""Elite persistence/control/output."", ""White"": ""Mature manifestation plus White secondary expression.""}",Extraction Run — autonomously navigate a validated retreat corridor while carrying an ally/load.,Sand Stag Elemental,"[""Summoner"", ""Elemental"", ""Sand"", ""Stag"", ""carrier / charge / extraction"", ""Large""]",ALPHA candidate
SE-0099,Sand Colossus,Elemental manifestation,granular mineral particulate body,Non-sentient; autonomous within validated behavior/command architecture.,"[""Genesis Expression"", ""Resonance"", ""Chirality""]","[""follow summoner"", ""hold position"", ""return/recall"", ""select resolved hostile target"", ""avoid designated allies"", ""breaker / siege / protection""]",breaker / siege / protection,Huge,slow ground,"[""abrasive jet"", ""particulate cloud"", ""granular impact"", ""high-output mechanism-specific assault""]","[""coherent manifestation body; damage degrades structural resolution rather than biological tissue"", ""reinforced chiral persistence"", ""interposition/body-block behavior"", ""dispersal and re-resolution within sustain limits""]",very high,"very high initial formation load; exact fatigue depends on rank, competency, and current basin state.",very high continuous sustain relative to ordinary manifestations of the same rank.,2–10 minutes at baseline competent use; rank/competency can change this substantially.,"[""Orange"", ""Green"", ""Red"", ""Yellow""]","Structural identity only. Basin colors do not map to Transduction domains, elements, or a power hierarchy.","{""Orange"": ""continuous"", ""Green"": ""continuous"", ""Red"": ""continuous"", ""Yellow"": ""continuous""}","[""voluntary dismissal"", ""required-basin exhaustion"", ""loss of sufficient structural coherence"", ""unrecoverable leash/control failure""]",Executes simple validated commands and role behaviors autonomously; no human-like cognition or independent personhood.,Rank-dependent Builder variable.,"{""Red"": ""Baseline inefficient manifestation."", ""Orange"": ""Improved sustain/control."", ""Yellow"": ""Improved output/mobility."", ""Green"": ""Reliable combat-grade autonomy."", ""Blue"": ""Reduced cognitive steering and better leash."", ""Violet"": ""Elite persistence/control/output."", ""White"": ""Mature manifestation plus White secondary expression.""}",Last Bastion — redirect remaining reserve into a short-duration maximum-persistence defensive state.,Sand Colossus Elemental,"[""Summoner"", ""Elemental"", ""Sand"", ""Colossus"", ""breaker / siege / protection"", ""Huge""]",ALPHA candidate
SE-0100,Sand Drake,Elemental manifestation,granular mineral particulate body,Non-sentient; autonomous within validated behavior/command architecture.,"[""Genesis Expression"", ""Resonance"", ""Chirality""]","[""follow summoner"", ""hold position"", ""return/recall"", ""select resolved hostile target"", ""avoid designated allies"", ""high-output assault""]",high-output assault,Huge,aerial / ground,"[""abrasive jet"", ""particulate cloud"", ""granular impact"", ""high-output mechanism-specific assault""]","[""coherent manifestation body; damage degrades structural resolution rather than biological tissue"", ""reinforced chiral persistence"", ""interposition/body-block behavior"", ""dispersal and re-resolution within sustain limits""]",extreme,"extreme initial formation load; exact fatigue depends on rank, competency, and current basin state.",extreme continuous sustain relative to ordinary manifestations of the same rank.,30 seconds–5 minutes at baseline competent use; rank/competency can change this substantially.,"[""Orange"", ""Green"", ""Blue"", ""Red""]","Structural identity only. Basin colors do not map to Transduction domains, elements, or a power hierarchy.","{""Orange"": ""continuous"", ""Green"": ""continuous"", ""Blue"": ""continuous"", ""Red"": ""continuous""}","[""voluntary dismissal"", ""required-basin exhaustion"", ""loss of sufficient structural coherence"", ""unrecoverable leash/control failure""]",Executes simple validated commands and role behaviors autonomously; no human-like cognition or independent personhood.,Rank-dependent Builder variable.,"{""Red"": ""Baseline inefficient manifestation."", ""Orange"": ""Improved sustain/control."", ""Yellow"": ""Improved output/mobility."", ""Green"": ""Reliable combat-grade autonomy."", ""Blue"": ""Reduced cognitive steering and better leash."", ""Violet"": ""Elite persistence/control/output."", ""White"": ""Mature manifestation plus White secondary expression.""}",Catastrophic Exhalation — consume a major fraction of remaining reserve in one mechanism-specific high-output assault.,Sand Drake Elemental,"[""Summoner"", ""Elemental"", ""Sand"", ""Drake"", ""high-output assault"", ""Huge""]",ALPHA candidate
SE-0101,Glass Wisp,Elemental manifestation,silicate/glass particulate and fracture-controlled body,Non-sentient; autonomous within validated behavior/command architecture.,"[""Genesis Expression"", ""Resonance"", ""Chirality""]","[""follow summoner"", ""hold position"", ""return/recall"", ""select resolved hostile target"", ""avoid designated allies"", ""scout / harrier""]",scout / harrier,Tiny,aerial drift,"[""cutting particulate stream"", ""fracture burst""]","[""coherent manifestation body; damage degrades structural resolution rather than biological tissue"", ""mobility/evasion bias""]",low,"low initial formation load; exact fatigue depends on rank, competency, and current basin state.",low continuous sustain relative to ordinary manifestations of the same rank.,hours at baseline competent use; rank/competency can change this substantially.,"[""Orange"", ""Violet""]","Structural identity only. Basin colors do not map to Transduction domains, elements, or a power hierarchy.","{""Orange"": ""light continuous"", ""Violet"": ""light continuous""}","[""voluntary dismissal"", ""required-basin exhaustion"", ""loss of sufficient structural coherence"", ""unrecoverable leash/control failure""]",Executes simple validated commands and role behaviors autonomously; no human-like cognition or independent personhood.,Rank-dependent Builder variable.,"{""Red"": ""Baseline inefficient manifestation."", ""Orange"": ""Improved sustain/control."", ""Yellow"": ""Improved output/mobility."", ""Green"": ""Reliable combat-grade autonomy."", ""Blue"": ""Reduced cognitive steering and better leash."", ""Violet"": ""Elite persistence/control/output."", ""White"": ""Mature manifestation plus White secondary expression.""}",Independent Survey — continue a validated scouting route with minimal active steering and return compressed observations.,Glass Wisp Elemental,"[""Summoner"", ""Elemental"", ""Glass"", ""Wisp"", ""scout / harrier"", ""Tiny""]",ALPHA candidate
SE-0102,Glass Hound,Elemental manifestation,silicate/glass particulate and fracture-controlled body,Non-sentient; autonomous within validated behavior/command architecture.,"[""Genesis Expression"", ""Resonance"", ""Chirality""]","[""follow summoner"", ""hold position"", ""return/recall"", ""select resolved hostile target"", ""avoid designated allies"", ""pursuit / interception""]",pursuit / interception,Small,ground sprint / leap,"[""cutting particulate stream"", ""fracture burst"", ""reflective screen""]","[""coherent manifestation body; damage degrades structural resolution rather than biological tissue""]",moderate,"moderate initial formation load; exact fatigue depends on rank, competency, and current basin state.",moderate continuous sustain relative to ordinary manifestations of the same rank.,1–3 hours at baseline competent use; rank/competency can change this substantially.,"[""Orange"", ""Violet""]","Structural identity only. Basin colors do not map to Transduction domains, elements, or a power hierarchy.","{""Orange"": ""light continuous"", ""Violet"": ""light continuous""}","[""voluntary dismissal"", ""required-basin exhaustion"", ""loss of sufficient structural coherence"", ""unrecoverable leash/control failure""]",Executes simple validated commands and role behaviors autonomously; no human-like cognition or independent personhood.,Rank-dependent Builder variable.,"{""Red"": ""Baseline inefficient manifestation."", ""Orange"": ""Improved sustain/control."", ""Yellow"": ""Improved output/mobility."", ""Green"": ""Reliable combat-grade autonomy."", ""Blue"": ""Reduced cognitive steering and better leash."", ""Violet"": ""Elite persistence/control/output."", ""White"": ""Mature manifestation plus White secondary expression.""}",Relentless Intercept — dynamically reassign interception among resolved threats while preserving guard priority.,Glass Hound Elemental,"[""Summoner"", ""Elemental"", ""Glass"", ""Hound"", ""pursuit / interception"", ""Small""]",ALPHA candidate
SE-0103,Glass Raptor,Elemental manifestation,silicate/glass particulate and fracture-controlled body,Non-sentient; autonomous within validated behavior/command architecture.,"[""Genesis Expression"", ""Resonance"", ""Chirality""]","[""follow summoner"", ""hold position"", ""return/recall"", ""select resolved hostile target"", ""avoid designated allies"", ""aerial pursuit / strike""]",aerial pursuit / strike,Small,aerial flight,"[""cutting particulate stream"", ""fracture burst"", ""reflective screen""]","[""coherent manifestation body; damage degrades structural resolution rather than biological tissue"", ""mobility/evasion bias""]",moderate,"moderate initial formation load; exact fatigue depends on rank, competency, and current basin state.",moderate continuous sustain relative to ordinary manifestations of the same rank.,45–120 minutes at baseline competent use; rank/competency can change this substantially.,"[""Orange"", ""Violet""]","Structural identity only. Basin colors do not map to Transduction domains, elements, or a power hierarchy.","{""Orange"": ""light continuous"", ""Violet"": ""light continuous""}","[""voluntary dismissal"", ""required-basin exhaustion"", ""loss of sufficient structural coherence"", ""unrecoverable leash/control failure""]",Executes simple validated commands and role behaviors autonomously; no human-like cognition or independent personhood.,Rank-dependent Builder variable.,"{""Red"": ""Baseline inefficient manifestation."", ""Orange"": ""Improved sustain/control."", ""Yellow"": ""Improved output/mobility."", ""Green"": ""Reliable combat-grade autonomy."", ""Blue"": ""Reduced cognitive steering and better leash."", ""Violet"": ""Elite persistence/control/output."", ""White"": ""Mature manifestation plus White secondary expression.""}",Vector Hunt — autonomous pursuit through complex three-dimensional movement until recall/leash limit.,Glass Raptor Elemental,"[""Summoner"", ""Elemental"", ""Glass"", ""Raptor"", ""aerial pursuit / strike"", ""Small""]",ALPHA candidate
SE-0104,Glass Serpent,Elemental manifestation,silicate/glass particulate and fracture-controlled body,Non-sentient; autonomous within validated behavior/command architecture.,"[""Genesis Expression"", ""Resonance"", ""Chirality""]","[""follow summoner"", ""hold position"", ""return/recall"", ""select resolved hostile target"", ""avoid designated allies"", ""constriction / lane control""]",constriction / lane control,Medium,ground slither / climbing,"[""cutting particulate stream"", ""fracture burst"", ""reflective screen""]","[""coherent manifestation body; damage degrades structural resolution rather than biological tissue""]",moderate,"moderate initial formation load; exact fatigue depends on rank, competency, and current basin state.",moderate continuous sustain relative to ordinary manifestations of the same rank.,45–120 minutes at baseline competent use; rank/competency can change this substantially.,"[""Orange"", ""Violet"", ""Red""]","Structural identity only. Basin colors do not map to Transduction domains, elements, or a power hierarchy.","{""Orange"": ""light continuous"", ""Violet"": ""light continuous"", ""Red"": ""light continuous""}","[""voluntary dismissal"", ""required-basin exhaustion"", ""loss of sufficient structural coherence"", ""unrecoverable leash/control failure""]",Executes simple validated commands and role behaviors autonomously; no human-like cognition or independent personhood.,Rank-dependent Builder variable.,"{""Red"": ""Baseline inefficient manifestation."", ""Orange"": ""Improved sustain/control."", ""Yellow"": ""Improved output/mobility."", ""Green"": ""Reliable combat-grade autonomy."", ""Blue"": ""Reduced cognitive steering and better leash."", ""Violet"": ""Elite persistence/control/output."", ""White"": ""Mature manifestation plus White secondary expression.""}",Boundary Coil — establish a temporary movement-denial loop around a resolved locus.,Glass Serpent Elemental,"[""Summoner"", ""Elemental"", ""Glass"", ""Serpent"", ""constriction / lane control"", ""Medium""]",ALPHA candidate
SE-0105,Glass Sentinel,Elemental manifestation,silicate/glass particulate and fracture-controlled body,Non-sentient; autonomous within validated behavior/command architecture.,"[""Genesis Expression"", ""Resonance"", ""Chirality""]","[""follow summoner"", ""hold position"", ""return/recall"", ""select resolved hostile target"", ""avoid designated allies"", ""guard / intercept""]",guard / intercept,Medium,slow ground / stationary,"[""cutting particulate stream"", ""fracture burst"", ""reflective screen""]","[""coherent manifestation body; damage degrades structural resolution rather than biological tissue"", ""reinforced chiral persistence"", ""interposition/body-block behavior""]",low-to-moderate,"low-to-moderate initial formation load; exact fatigue depends on rank, competency, and current basin state.",low-to-moderate continuous sustain relative to ordinary manifestations of the same rank.,2–6 hours at baseline competent use; rank/competency can change this substantially.,"[""Orange"", ""Violet"", ""Yellow""]","Structural identity only. Basin colors do not map to Transduction domains, elements, or a power hierarchy.","{""Orange"": ""continuous"", ""Violet"": ""continuous"", ""Yellow"": ""continuous""}","[""voluntary dismissal"", ""required-basin exhaustion"", ""loss of sufficient structural coherence"", ""unrecoverable leash/control failure""]",Executes simple validated commands and role behaviors autonomously; no human-like cognition or independent personhood.,Rank-dependent Builder variable.,"{""Red"": ""Baseline inefficient manifestation."", ""Orange"": ""Improved sustain/control."", ""Yellow"": ""Improved output/mobility."", ""Green"": ""Reliable combat-grade autonomy."", ""Blue"": ""Reduced cognitive steering and better leash."", ""Violet"": ""Elite persistence/control/output."", ""White"": ""Mature manifestation plus White secondary expression.""}",Autonomous Watch — maintain a validated guard protocol with sharply reduced cognitive steering.,Glass Sentinel Elemental,"[""Summoner"", ""Elemental"", ""Glass"", ""Sentinel"", ""guard / intercept"", ""Medium""]",ALPHA candidate
SE-0106,Glass Manta,Elemental manifestation,silicate/glass particulate and fracture-controlled body,Non-sentient; autonomous within validated behavior/command architecture.,"[""Genesis Expression"", ""Resonance"", ""Chirality""]","[""follow summoner"", ""hold position"", ""return/recall"", ""select resolved hostile target"", ""avoid designated allies"", ""screening / area control""]",screening / area control,Medium,aerial glide,"[""cutting particulate stream"", ""fracture burst"", ""reflective screen""]","[""coherent manifestation body; damage degrades structural resolution rather than biological tissue"", ""mobility/evasion bias""]",moderate,"moderate initial formation load; exact fatigue depends on rank, competency, and current basin state.",moderate continuous sustain relative to ordinary manifestations of the same rank.,30–90 minutes at baseline competent use; rank/competency can change this substantially.,"[""Orange"", ""Violet"", ""Blue""]","Structural identity only. Basin colors do not map to Transduction domains, elements, or a power hierarchy.","{""Orange"": ""continuous"", ""Violet"": ""continuous"", ""Blue"": ""continuous""}","[""voluntary dismissal"", ""required-basin exhaustion"", ""loss of sufficient structural coherence"", ""unrecoverable leash/control failure""]",Executes simple validated commands and role behaviors autonomously; no human-like cognition or independent personhood.,Rank-dependent Builder variable.,"{""Red"": ""Baseline inefficient manifestation."", ""Orange"": ""Improved sustain/control."", ""Yellow"": ""Improved output/mobility."", ""Green"": ""Reliable combat-grade autonomy."", ""Blue"": ""Reduced cognitive steering and better leash."", ""Violet"": ""Elite persistence/control/output."", ""White"": ""Mature manifestation plus White secondary expression.""}",Protective Orbit — autonomously maintain a moving screening envelope around a designated ally/group.,Glass Manta Elemental,"[""Summoner"", ""Elemental"", ""Glass"", ""Manta"", ""screening / area control"", ""Medium""]",ALPHA candidate
SE-0107,Glass Swarm,Elemental manifestation,silicate/glass particulate and fracture-controlled body,Non-sentient; autonomous within validated behavior/command architecture.,"[""Genesis Expression"", ""Resonance"", ""Chirality""]","[""follow summoner"", ""hold position"", ""return/recall"", ""select resolved hostile target"", ""avoid designated allies"", ""harassment / saturation""]",harassment / saturation,Variable,distributed flight/ground motion,"[""cutting particulate stream"", ""fracture burst"", ""reflective screen""]","[""coherent manifestation body; damage degrades structural resolution rather than biological tissue"", ""mobility/evasion bias""]",high,"high initial formation load; exact fatigue depends on rank, competency, and current basin state.",high continuous sustain relative to ordinary manifestations of the same rank.,15–45 minutes at baseline competent use; rank/competency can change this substantially.,"[""Orange"", ""Violet"", ""Yellow""]","Structural identity only. Basin colors do not map to Transduction domains, elements, or a power hierarchy.","{""Orange"": ""continuous"", ""Violet"": ""continuous"", ""Yellow"": ""continuous""}","[""voluntary dismissal"", ""required-basin exhaustion"", ""loss of sufficient structural coherence"", ""unrecoverable leash/control failure""]",Executes simple validated commands and role behaviors autonomously; no human-like cognition or independent personhood.,Rank-dependent Builder variable.,"{""Red"": ""Baseline inefficient manifestation."", ""Orange"": ""Improved sustain/control."", ""Yellow"": ""Improved output/mobility."", ""Green"": ""Reliable combat-grade autonomy."", ""Blue"": ""Reduced cognitive steering and better leash."", ""Violet"": ""Elite persistence/control/output."", ""White"": ""Mature manifestation plus White secondary expression.""}",Distributed Coordination — split/recombine subunits according to a validated target-priority rule.,Glass Swarm Elemental,"[""Summoner"", ""Elemental"", ""Glass"", ""Swarm"", ""harassment / saturation"", ""Variable""]",ALPHA candidate
SE-0108,Glass Stag,Elemental manifestation,silicate/glass particulate and fracture-controlled body,Non-sentient; autonomous within validated behavior/command architecture.,"[""Genesis Expression"", ""Resonance"", ""Chirality""]","[""follow summoner"", ""hold position"", ""return/recall"", ""select resolved hostile target"", ""avoid designated allies"", ""carrier / charge / extraction""]",carrier / charge / extraction,Large,ground sprint,"[""cutting particulate stream"", ""fracture burst"", ""reflective screen""]","[""coherent manifestation body; damage degrades structural resolution rather than biological tissue"", ""reinforced chiral persistence"", ""interposition/body-block behavior""]",high,"high initial formation load; exact fatigue depends on rank, competency, and current basin state.",high continuous sustain relative to ordinary manifestations of the same rank.,20–60 minutes at baseline competent use; rank/competency can change this substantially.,"[""Orange"", ""Violet"", ""Green""]","Structural identity only. Basin colors do not map to Transduction domains, elements, or a power hierarchy.","{""Orange"": ""continuous"", ""Violet"": ""continuous"", ""Green"": ""continuous""}","[""voluntary dismissal"", ""required-basin exhaustion"", ""loss of sufficient structural coherence"", ""unrecoverable leash/control failure""]",Executes simple validated commands and role behaviors autonomously; no human-like cognition or independent personhood.,Rank-dependent Builder variable.,"{""Red"": ""Baseline inefficient manifestation."", ""Orange"": ""Improved sustain/control."", ""Yellow"": ""Improved output/mobility."", ""Green"": ""Reliable combat-grade autonomy."", ""Blue"": ""Reduced cognitive steering and better leash."", ""Violet"": ""Elite persistence/control/output."", ""White"": ""Mature manifestation plus White secondary expression.""}",Extraction Run — autonomously navigate a validated retreat corridor while carrying an ally/load.,Glass Stag Elemental,"[""Summoner"", ""Elemental"", ""Glass"", ""Stag"", ""carrier / charge / extraction"", ""Large""]",ALPHA candidate
SE-0109,Glass Colossus,Elemental manifestation,silicate/glass particulate and fracture-controlled body,Non-sentient; autonomous within validated behavior/command architecture.,"[""Genesis Expression"", ""Resonance"", ""Chirality""]","[""follow summoner"", ""hold position"", ""return/recall"", ""select resolved hostile target"", ""avoid designated allies"", ""breaker / siege / protection""]",breaker / siege / protection,Huge,slow ground,"[""cutting particulate stream"", ""fracture burst"", ""reflective screen"", ""high-output mechanism-specific assault""]","[""coherent manifestation body; damage degrades structural resolution rather than biological tissue"", ""reinforced chiral persistence"", ""interposition/body-block behavior""]",very high,"very high initial formation load; exact fatigue depends on rank, competency, and current basin state.",very high continuous sustain relative to ordinary manifestations of the same rank.,2–10 minutes at baseline competent use; rank/competency can change this substantially.,"[""Orange"", ""Violet"", ""Yellow"", ""Blue""]","Structural identity only. Basin colors do not map to Transduction domains, elements, or a power hierarchy.","{""Orange"": ""continuous"", ""Violet"": ""continuous"", ""Yellow"": ""continuous"", ""Blue"": ""continuous""}","[""voluntary dismissal"", ""required-basin exhaustion"", ""loss of sufficient structural coherence"", ""unrecoverable leash/control failure""]",Executes simple validated commands and role behaviors autonomously; no human-like cognition or independent personhood.,Rank-dependent Builder variable.,"{""Red"": ""Baseline inefficient manifestation."", ""Orange"": ""Improved sustain/control."", ""Yellow"": ""Improved output/mobility."", ""Green"": ""Reliable combat-grade autonomy."", ""Blue"": ""Reduced cognitive steering and better leash."", ""Violet"": ""Elite persistence/control/output."", ""White"": ""Mature manifestation plus White secondary expression.""}",Last Bastion — redirect remaining reserve into a short-duration maximum-persistence defensive state.,Glass Colossus Elemental,"[""Summoner"", ""Elemental"", ""Glass"", ""Colossus"", ""breaker / siege / protection"", ""Huge""]",ALPHA candidate
SE-0110,Glass Drake,Elemental manifestation,silicate/glass particulate and fracture-controlled body,Non-sentient; autonomous within validated behavior/command architecture.,"[""Genesis Expression"", ""Resonance"", ""Chirality""]","[""follow summoner"", ""hold position"", ""return/recall"", ""select resolved hostile target"", ""avoid designated allies"", ""high-output assault""]",high-output assault,Huge,aerial / ground,"[""cutting particulate stream"", ""fracture burst"", ""reflective screen"", ""high-output mechanism-specific assault""]","[""coherent manifestation body; damage degrades structural resolution rather than biological tissue"", ""reinforced chiral persistence"", ""interposition/body-block behavior""]",extreme,"extreme initial formation load; exact fatigue depends on rank, competency, and current basin state.",extreme continuous sustain relative to ordinary manifestations of the same rank.,30 seconds–5 minutes at baseline competent use; rank/competency can change this substantially.,"[""Orange"", ""Violet"", ""Red"", ""Yellow""]","Structural identity only. Basin colors do not map to Transduction domains, elements, or a power hierarchy.","{""Orange"": ""continuous"", ""Violet"": ""continuous"", ""Red"": ""continuous"", ""Yellow"": ""continuous""}","[""voluntary dismissal"", ""required-basin exhaustion"", ""loss of sufficient structural coherence"", ""unrecoverable leash/control failure""]",Executes simple validated commands and role behaviors autonomously; no human-like cognition or independent personhood.,Rank-dependent Builder variable.,"{""Red"": ""Baseline inefficient manifestation."", ""Orange"": ""Improved sustain/control."", ""Yellow"": ""Improved output/mobility."", ""Green"": ""Reliable combat-grade autonomy."", ""Blue"": ""Reduced cognitive steering and better leash."", ""Violet"": ""Elite persistence/control/output."", ""White"": ""Mature manifestation plus White secondary expression.""}",Catastrophic Exhalation — consume a major fraction of remaining reserve in one mechanism-specific high-output assault.,Glass Drake Elemental,"[""Summoner"", ""Elemental"", ""Glass"", ""Drake"", ""high-output assault"", ""Huge""]",ALPHA candidate
SE-0111,Iron Wisp,Elemental manifestation,iron-rich particulate/aggregate body,Non-sentient; autonomous within validated behavior/command architecture.,"[""Genesis Expression"", ""Resonance"", ""Chirality""]","[""follow summoner"", ""hold position"", ""return/recall"", ""select resolved hostile target"", ""avoid designated allies"", ""scout / harrier""]",scout / harrier,Tiny,aerial drift,"[""mass-impact strike"", ""metal particulate volley""]","[""coherent manifestation body; damage degrades structural resolution rather than biological tissue"", ""mobility/evasion bias""]",low,"low initial formation load; exact fatigue depends on rank, competency, and current basin state.",low continuous sustain relative to ordinary manifestations of the same rank.,hours at baseline competent use; rank/competency can change this substantially.,"[""Orange"", ""Green""]","Structural identity only. Basin colors do not map to Transduction domains, elements, or a power hierarchy.","{""Orange"": ""light continuous"", ""Green"": ""light continuous""}","[""voluntary dismissal"", ""required-basin exhaustion"", ""loss of sufficient structural coherence"", ""unrecoverable leash/control failure""]",Executes simple validated commands and role behaviors autonomously; no human-like cognition or independent personhood.,Rank-dependent Builder variable.,"{""Red"": ""Baseline inefficient manifestation."", ""Orange"": ""Improved sustain/control."", ""Yellow"": ""Improved output/mobility."", ""Green"": ""Reliable combat-grade autonomy."", ""Blue"": ""Reduced cognitive steering and better leash."", ""Violet"": ""Elite persistence/control/output."", ""White"": ""Mature manifestation plus White secondary expression.""}",Independent Survey — continue a validated scouting route with minimal active steering and return compressed observations.,Iron Wisp Elemental,"[""Summoner"", ""Elemental"", ""Iron"", ""Wisp"", ""scout / harrier"", ""Tiny""]",ALPHA candidate
SE-0112,Iron Hound,Elemental manifestation,iron-rich particulate/aggregate body,Non-sentient; autonomous within validated behavior/command architecture.,"[""Genesis Expression"", ""Resonance"", ""Chirality""]","[""follow summoner"", ""hold position"", ""return/recall"", ""select resolved hostile target"", ""avoid designated allies"", ""pursuit / interception""]",pursuit / interception,Small,ground sprint / leap,"[""mass-impact strike"", ""metal particulate volley"", ""body slam""]","[""coherent manifestation body; damage degrades structural resolution rather than biological tissue""]",moderate,"moderate initial formation load; exact fatigue depends on rank, competency, and current basin state.",moderate continuous sustain relative to ordinary manifestations of the same rank.,1–3 hours at baseline competent use; rank/competency can change this substantially.,"[""Orange"", ""Green""]","Structural identity only. Basin colors do not map to Transduction domains, elements, or a power hierarchy.","{""Orange"": ""light continuous"", ""Green"": ""light continuous""}","[""voluntary dismissal"", ""required-basin exhaustion"", ""loss of sufficient structural coherence"", ""unrecoverable leash/control failure""]",Executes simple validated commands and role behaviors autonomously; no human-like cognition or independent personhood.,Rank-dependent Builder variable.,"{""Red"": ""Baseline inefficient manifestation."", ""Orange"": ""Improved sustain/control."", ""Yellow"": ""Improved output/mobility."", ""Green"": ""Reliable combat-grade autonomy."", ""Blue"": ""Reduced cognitive steering and better leash."", ""Violet"": ""Elite persistence/control/output."", ""White"": ""Mature manifestation plus White secondary expression.""}",Relentless Intercept — dynamically reassign interception among resolved threats while preserving guard priority.,Iron Hound Elemental,"[""Summoner"", ""Elemental"", ""Iron"", ""Hound"", ""pursuit / interception"", ""Small""]",ALPHA candidate
SE-0113,Iron Raptor,Elemental manifestation,iron-rich particulate/aggregate body,Non-sentient; autonomous within validated behavior/command architecture.,"[""Genesis Expression"", ""Resonance"", ""Chirality""]","[""follow summoner"", ""hold position"", ""return/recall"", ""select resolved hostile target"", ""avoid designated allies"", ""aerial pursuit / strike""]",aerial pursuit / strike,Small,aerial flight,"[""mass-impact strike"", ""metal particulate volley"", ""body slam""]","[""coherent manifestation body; damage degrades structural resolution rather than biological tissue"", ""mobility/evasion bias""]",moderate,"moderate initial formation load; exact fatigue depends on rank, competency, and current basin state.",moderate continuous sustain relative to ordinary manifestations of the same rank.,45–120 minutes at baseline competent use; rank/competency can change this substantially.,"[""Orange"", ""Green""]","Structural identity only. Basin colors do not map to Transduction domains, elements, or a power hierarchy.","{""Orange"": ""light continuous"", ""Green"": ""light continuous""}","[""voluntary dismissal"", ""required-basin exhaustion"", ""loss of sufficient structural coherence"", ""unrecoverable leash/control failure""]",Executes simple validated commands and role behaviors autonomously; no human-like cognition or independent personhood.,Rank-dependent Builder variable.,"{""Red"": ""Baseline inefficient manifestation."", ""Orange"": ""Improved sustain/control."", ""Yellow"": ""Improved output/mobility."", ""Green"": ""Reliable combat-grade autonomy."", ""Blue"": ""Reduced cognitive steering and better leash."", ""Violet"": ""Elite persistence/control/output."", ""White"": ""Mature manifestation plus White secondary expression.""}",Vector Hunt — autonomous pursuit through complex three-dimensional movement until recall/leash limit.,Iron Raptor Elemental,"[""Summoner"", ""Elemental"", ""Iron"", ""Raptor"", ""aerial pursuit / strike"", ""Small""]",ALPHA candidate
SE-0114,Iron Serpent,Elemental manifestation,iron-rich particulate/aggregate body,Non-sentient; autonomous within validated behavior/command architecture.,"[""Genesis Expression"", ""Resonance"", ""Chirality""]","[""follow summoner"", ""hold position"", ""return/recall"", ""select resolved hostile target"", ""avoid designated allies"", ""constriction / lane control""]",constriction / lane control,Medium,ground slither / climbing,"[""mass-impact strike"", ""metal particulate volley"", ""body slam""]","[""coherent manifestation body; damage degrades structural resolution rather than biological tissue""]",moderate,"moderate initial formation load; exact fatigue depends on rank, competency, and current basin state.",moderate continuous sustain relative to ordinary manifestations of the same rank.,45–120 minutes at baseline competent use; rank/competency can change this substantially.,"[""Orange"", ""Green"", ""Red""]","Structural identity only. Basin colors do not map to Transduction domains, elements, or a power hierarchy.","{""Orange"": ""light continuous"", ""Green"": ""light continuous"", ""Red"": ""light continuous""}","[""voluntary dismissal"", ""required-basin exhaustion"", ""loss of sufficient structural coherence"", ""unrecoverable leash/control failure""]",Executes simple validated commands and role behaviors autonomously; no human-like cognition or independent personhood.,Rank-dependent Builder variable.,"{""Red"": ""Baseline inefficient manifestation."", ""Orange"": ""Improved sustain/control."", ""Yellow"": ""Improved output/mobility."", ""Green"": ""Reliable combat-grade autonomy."", ""Blue"": ""Reduced cognitive steering and better leash."", ""Violet"": ""Elite persistence/control/output."", ""White"": ""Mature manifestation plus White secondary expression.""}",Boundary Coil — establish a temporary movement-denial loop around a resolved locus.,Iron Serpent Elemental,"[""Summoner"", ""Elemental"", ""Iron"", ""Serpent"", ""constriction / lane control"", ""Medium""]",ALPHA candidate
SE-0115,Iron Sentinel,Elemental manifestation,iron-rich particulate/aggregate body,Non-sentient; autonomous within validated behavior/command architecture.,"[""Genesis Expression"", ""Resonance"", ""Chirality""]","[""follow summoner"", ""hold position"", ""return/recall"", ""select resolved hostile target"", ""avoid designated allies"", ""guard / intercept""]",guard / intercept,Medium,slow ground / stationary,"[""mass-impact strike"", ""metal particulate volley"", ""body slam""]","[""coherent manifestation body; damage degrades structural resolution rather than biological tissue"", ""reinforced chiral persistence"", ""interposition/body-block behavior""]",low-to-moderate,"low-to-moderate initial formation load; exact fatigue depends on rank, competency, and current basin state.",low-to-moderate continuous sustain relative to ordinary manifestations of the same rank.,2–6 hours at baseline competent use; rank/competency can change this substantially.,"[""Orange"", ""Green"", ""Blue""]","Structural identity only. Basin colors do not map to Transduction domains, elements, or a power hierarchy.","{""Orange"": ""continuous"", ""Green"": ""continuous"", ""Blue"": ""continuous""}","[""voluntary dismissal"", ""required-basin exhaustion"", ""loss of sufficient structural coherence"", ""unrecoverable leash/control failure""]",Executes simple validated commands and role behaviors autonomously; no human-like cognition or independent personhood.,Rank-dependent Builder variable.,"{""Red"": ""Baseline inefficient manifestation."", ""Orange"": ""Improved sustain/control."", ""Yellow"": ""Improved output/mobility."", ""Green"": ""Reliable combat-grade autonomy."", ""Blue"": ""Reduced cognitive steering and better leash."", ""Violet"": ""Elite persistence/control/output."", ""White"": ""Mature manifestation plus White secondary expression.""}",Autonomous Watch — maintain a validated guard protocol with sharply reduced cognitive steering.,Iron Sentinel Elemental,"[""Summoner"", ""Elemental"", ""Iron"", ""Sentinel"", ""guard / intercept"", ""Medium""]",ALPHA candidate
SE-0116,Iron Manta,Elemental manifestation,iron-rich particulate/aggregate body,Non-sentient; autonomous within validated behavior/command architecture.,"[""Genesis Expression"", ""Resonance"", ""Chirality""]","[""follow summoner"", ""hold position"", ""return/recall"", ""select resolved hostile target"", ""avoid designated allies"", ""screening / area control""]",screening / area control,Medium,aerial glide,"[""mass-impact strike"", ""metal particulate volley"", ""body slam""]","[""coherent manifestation body; damage degrades structural resolution rather than biological tissue"", ""mobility/evasion bias""]",moderate,"moderate initial formation load; exact fatigue depends on rank, competency, and current basin state.",moderate continuous sustain relative to ordinary manifestations of the same rank.,30–90 minutes at baseline competent use; rank/competency can change this substantially.,"[""Orange"", ""Green"", ""Yellow""]","Structural identity only. Basin colors do not map to Transduction domains, elements, or a power hierarchy.","{""Orange"": ""continuous"", ""Green"": ""continuous"", ""Yellow"": ""continuous""}","[""voluntary dismissal"", ""required-basin exhaustion"", ""loss of sufficient structural coherence"", ""unrecoverable leash/control failure""]",Executes simple validated commands and role behaviors autonomously; no human-like cognition or independent personhood.,Rank-dependent Builder variable.,"{""Red"": ""Baseline inefficient manifestation."", ""Orange"": ""Improved sustain/control."", ""Yellow"": ""Improved output/mobility."", ""Green"": ""Reliable combat-grade autonomy."", ""Blue"": ""Reduced cognitive steering and better leash."", ""Violet"": ""Elite persistence/control/output."", ""White"": ""Mature manifestation plus White secondary expression.""}",Protective Orbit — autonomously maintain a moving screening envelope around a designated ally/group.,Iron Manta Elemental,"[""Summoner"", ""Elemental"", ""Iron"", ""Manta"", ""screening / area control"", ""Medium""]",ALPHA candidate
SE-0117,Iron Swarm,Elemental manifestation,iron-rich particulate/aggregate body,Non-sentient; autonomous within validated behavior/command architecture.,"[""Genesis Expression"", ""Resonance"", ""Chirality""]","[""follow summoner"", ""hold position"", ""return/recall"", ""select resolved hostile target"", ""avoid designated allies"", ""harassment / saturation""]",harassment / saturation,Variable,distributed flight/ground motion,"[""mass-impact strike"", ""metal particulate volley"", ""body slam""]","[""coherent manifestation body; damage degrades structural resolution rather than biological tissue"", ""mobility/evasion bias""]",high,"high initial formation load; exact fatigue depends on rank, competency, and current basin state.",high continuous sustain relative to ordinary manifestations of the same rank.,15–45 minutes at baseline competent use; rank/competency can change this substantially.,"[""Orange"", ""Green"", ""Blue""]","Structural identity only. Basin colors do not map to Transduction domains, elements, or a power hierarchy.","{""Orange"": ""continuous"", ""Green"": ""continuous"", ""Blue"": ""continuous""}","[""voluntary dismissal"", ""required-basin exhaustion"", ""loss of sufficient structural coherence"", ""unrecoverable leash/control failure""]",Executes simple validated commands and role behaviors autonomously; no human-like cognition or independent personhood.,Rank-dependent Builder variable.,"{""Red"": ""Baseline inefficient manifestation."", ""Orange"": ""Improved sustain/control."", ""Yellow"": ""Improved output/mobility."", ""Green"": ""Reliable combat-grade autonomy."", ""Blue"": ""Reduced cognitive steering and better leash."", ""Violet"": ""Elite persistence/control/output."", ""White"": ""Mature manifestation plus White secondary expression.""}",Distributed Coordination — split/recombine subunits according to a validated target-priority rule.,Iron Swarm Elemental,"[""Summoner"", ""Elemental"", ""Iron"", ""Swarm"", ""harassment / saturation"", ""Variable""]",ALPHA candidate
SE-0118,Iron Stag,Elemental manifestation,iron-rich particulate/aggregate body,Non-sentient; autonomous within validated behavior/command architecture.,"[""Genesis Expression"", ""Resonance"", ""Chirality""]","[""follow summoner"", ""hold position"", ""return/recall"", ""select resolved hostile target"", ""avoid designated allies"", ""carrier / charge / extraction""]",carrier / charge / extraction,Large,ground sprint,"[""mass-impact strike"", ""metal particulate volley"", ""body slam""]","[""coherent manifestation body; damage degrades structural resolution rather than biological tissue"", ""reinforced chiral persistence"", ""interposition/body-block behavior""]",high,"high initial formation load; exact fatigue depends on rank, competency, and current basin state.",high continuous sustain relative to ordinary manifestations of the same rank.,20–60 minutes at baseline competent use; rank/competency can change this substantially.,"[""Orange"", ""Green"", ""Blue""]","Structural identity only. Basin colors do not map to Transduction domains, elements, or a power hierarchy.","{""Orange"": ""continuous"", ""Green"": ""continuous"", ""Blue"": ""continuous""}","[""voluntary dismissal"", ""required-basin exhaustion"", ""loss of sufficient structural coherence"", ""unrecoverable leash/control failure""]",Executes simple validated commands and role behaviors autonomously; no human-like cognition or independent personhood.,Rank-dependent Builder variable.,"{""Red"": ""Baseline inefficient manifestation."", ""Orange"": ""Improved sustain/control."", ""Yellow"": ""Improved output/mobility."", ""Green"": ""Reliable combat-grade autonomy."", ""Blue"": ""Reduced cognitive steering and better leash."", ""Violet"": ""Elite persistence/control/output."", ""White"": ""Mature manifestation plus White secondary expression.""}",Extraction Run — autonomously navigate a validated retreat corridor while carrying an ally/load.,Iron Stag Elemental,"[""Summoner"", ""Elemental"", ""Iron"", ""Stag"", ""carrier / charge / extraction"", ""Large""]",ALPHA candidate
SE-0119,Iron Colossus,Elemental manifestation,iron-rich particulate/aggregate body,Non-sentient; autonomous within validated behavior/command architecture.,"[""Genesis Expression"", ""Resonance"", ""Chirality""]","[""follow summoner"", ""hold position"", ""return/recall"", ""select resolved hostile target"", ""avoid designated allies"", ""breaker / siege / protection""]",breaker / siege / protection,Huge,slow ground,"[""mass-impact strike"", ""metal particulate volley"", ""body slam"", ""high-output mechanism-specific assault""]","[""coherent manifestation body; damage degrades structural resolution rather than biological tissue"", ""reinforced chiral persistence"", ""interposition/body-block behavior""]",very high,"very high initial formation load; exact fatigue depends on rank, competency, and current basin state.",very high continuous sustain relative to ordinary manifestations of the same rank.,2–10 minutes at baseline competent use; rank/competency can change this substantially.,"[""Orange"", ""Green"", ""Blue"", ""Violet""]","Structural identity only. Basin colors do not map to Transduction domains, elements, or a power hierarchy.","{""Orange"": ""continuous"", ""Green"": ""continuous"", ""Blue"": ""continuous"", ""Violet"": ""continuous""}","[""voluntary dismissal"", ""required-basin exhaustion"", ""loss of sufficient structural coherence"", ""unrecoverable leash/control failure""]",Executes simple validated commands and role behaviors autonomously; no human-like cognition or independent personhood.,Rank-dependent Builder variable.,"{""Red"": ""Baseline inefficient manifestation."", ""Orange"": ""Improved sustain/control."", ""Yellow"": ""Improved output/mobility."", ""Green"": ""Reliable combat-grade autonomy."", ""Blue"": ""Reduced cognitive steering and better leash."", ""Violet"": ""Elite persistence/control/output."", ""White"": ""Mature manifestation plus White secondary expression.""}",Last Bastion — redirect remaining reserve into a short-duration maximum-persistence defensive state.,Iron Colossus Elemental,"[""Summoner"", ""Elemental"", ""Iron"", ""Colossus"", ""breaker / siege / protection"", ""Huge""]",ALPHA candidate
SE-0120,Iron Drake,Elemental manifestation,iron-rich particulate/aggregate body,Non-sentient; autonomous within validated behavior/command architecture.,"[""Genesis Expression"", ""Resonance"", ""Chirality""]","[""follow summoner"", ""hold position"", ""return/recall"", ""select resolved hostile target"", ""avoid designated allies"", ""high-output assault""]",high-output assault,Huge,aerial / ground,"[""mass-impact strike"", ""metal particulate volley"", ""body slam"", ""high-output mechanism-specific assault""]","[""coherent manifestation body; damage degrades structural resolution rather than biological tissue"", ""reinforced chiral persistence"", ""interposition/body-block behavior""]",extreme,"extreme initial formation load; exact fatigue depends on rank, competency, and current basin state.",extreme continuous sustain relative to ordinary manifestations of the same rank.,30 seconds–5 minutes at baseline competent use; rank/competency can change this substantially.,"[""Orange"", ""Green"", ""Red""]","Structural identity only. Basin colors do not map to Transduction domains, elements, or a power hierarchy.","{""Orange"": ""continuous"", ""Green"": ""continuous"", ""Red"": ""continuous""}","[""voluntary dismissal"", ""required-basin exhaustion"", ""loss of sufficient structural coherence"", ""unrecoverable leash/control failure""]",Executes simple validated commands and role behaviors autonomously; no human-like cognition or independent personhood.,Rank-dependent Builder variable.,"{""Red"": ""Baseline inefficient manifestation."", ""Orange"": ""Improved sustain/control."", ""Yellow"": ""Improved output/mobility."", ""Green"": ""Reliable combat-grade autonomy."", ""Blue"": ""Reduced cognitive steering and better leash."", ""Violet"": ""Elite persistence/control/output."", ""White"": ""Mature manifestation plus White secondary expression.""}",Catastrophic Exhalation — consume a major fraction of remaining reserve in one mechanism-specific high-output assault.,Iron Drake Elemental,"[""Summoner"", ""Elemental"", ""Iron"", ""Drake"", ""high-output assault"", ""Huge""]",ALPHA candidate
SE-0121,Copper Wisp,Elemental manifestation,copper-rich conductive particulate body,Non-sentient; autonomous within validated behavior/command architecture.,"[""Genesis Expression"", ""Resonance"", ""Chirality""]","[""follow summoner"", ""hold position"", ""return/recall"", ""select resolved hostile target"", ""avoid designated allies"", ""scout / harrier""]",scout / harrier,Tiny,aerial drift,"[""conductive strike"", ""metal particulate burst""]","[""coherent manifestation body; damage degrades structural resolution rather than biological tissue"", ""mobility/evasion bias""]",low,"low initial formation load; exact fatigue depends on rank, competency, and current basin state.",low continuous sustain relative to ordinary manifestations of the same rank.,hours at baseline competent use; rank/competency can change this substantially.,"[""Yellow"", ""Green""]","Structural identity only. Basin colors do not map to Transduction domains, elements, or a power hierarchy.","{""Yellow"": ""light continuous"", ""Green"": ""light continuous""}","[""voluntary dismissal"", ""required-basin exhaustion"", ""loss of sufficient structural coherence"", ""unrecoverable leash/control failure""]",Executes simple validated commands and role behaviors autonomously; no human-like cognition or independent personhood.,Rank-dependent Builder variable.,"{""Red"": ""Baseline inefficient manifestation."", ""Orange"": ""Improved sustain/control."", ""Yellow"": ""Improved output/mobility."", ""Green"": ""Reliable combat-grade autonomy."", ""Blue"": ""Reduced cognitive steering and better leash."", ""Violet"": ""Elite persistence/control/output."", ""White"": ""Mature manifestation plus White secondary expression.""}",Independent Survey — continue a validated scouting route with minimal active steering and return compressed observations.,Copper Wisp Elemental,"[""Summoner"", ""Elemental"", ""Copper"", ""Wisp"", ""scout / harrier"", ""Tiny""]",ALPHA candidate
SE-0122,Copper Hound,Elemental manifestation,copper-rich conductive particulate body,Non-sentient; autonomous within validated behavior/command architecture.,"[""Genesis Expression"", ""Resonance"", ""Chirality""]","[""follow summoner"", ""hold position"", ""return/recall"", ""select resolved hostile target"", ""avoid designated allies"", ""pursuit / interception""]",pursuit / interception,Small,ground sprint / leap,"[""conductive strike"", ""metal particulate burst"", ""electrical coupling assist""]","[""coherent manifestation body; damage degrades structural resolution rather than biological tissue""]",moderate,"moderate initial formation load; exact fatigue depends on rank, competency, and current basin state.",moderate continuous sustain relative to ordinary manifestations of the same rank.,1–3 hours at baseline competent use; rank/competency can change this substantially.,"[""Yellow"", ""Green""]","Structural identity only. Basin colors do not map to Transduction domains, elements, or a power hierarchy.","{""Yellow"": ""light continuous"", ""Green"": ""light continuous""}","[""voluntary dismissal"", ""required-basin exhaustion"", ""loss of sufficient structural coherence"", ""unrecoverable leash/control failure""]",Executes simple validated commands and role behaviors autonomously; no human-like cognition or independent personhood.,Rank-dependent Builder variable.,"{""Red"": ""Baseline inefficient manifestation."", ""Orange"": ""Improved sustain/control."", ""Yellow"": ""Improved output/mobility."", ""Green"": ""Reliable combat-grade autonomy."", ""Blue"": ""Reduced cognitive steering and better leash."", ""Violet"": ""Elite persistence/control/output."", ""White"": ""Mature manifestation plus White secondary expression.""}",Relentless Intercept — dynamically reassign interception among resolved threats while preserving guard priority.,Copper Hound Elemental,"[""Summoner"", ""Elemental"", ""Copper"", ""Hound"", ""pursuit / interception"", ""Small""]",ALPHA candidate
SE-0123,Copper Raptor,Elemental manifestation,copper-rich conductive particulate body,Non-sentient; autonomous within validated behavior/command architecture.,"[""Genesis Expression"", ""Resonance"", ""Chirality""]","[""follow summoner"", ""hold position"", ""return/recall"", ""select resolved hostile target"", ""avoid designated allies"", ""aerial pursuit / strike""]",aerial pursuit / strike,Small,aerial flight,"[""conductive strike"", ""metal particulate burst"", ""electrical coupling assist""]","[""coherent manifestation body; damage degrades structural resolution rather than biological tissue"", ""mobility/evasion bias""]",moderate,"moderate initial formation load; exact fatigue depends on rank, competency, and current basin state.",moderate continuous sustain relative to ordinary manifestations of the same rank.,45–120 minutes at baseline competent use; rank/competency can change this substantially.,"[""Yellow"", ""Green""]","Structural identity only. Basin colors do not map to Transduction domains, elements, or a power hierarchy.","{""Yellow"": ""light continuous"", ""Green"": ""light continuous""}","[""voluntary dismissal"", ""required-basin exhaustion"", ""loss of sufficient structural coherence"", ""unrecoverable leash/control failure""]",Executes simple validated commands and role behaviors autonomously; no human-like cognition or independent personhood.,Rank-dependent Builder variable.,"{""Red"": ""Baseline inefficient manifestation."", ""Orange"": ""Improved sustain/control."", ""Yellow"": ""Improved output/mobility."", ""Green"": ""Reliable combat-grade autonomy."", ""Blue"": ""Reduced cognitive steering and better leash."", ""Violet"": ""Elite persistence/control/output."", ""White"": ""Mature manifestation plus White secondary expression.""}",Vector Hunt — autonomous pursuit through complex three-dimensional movement until recall/leash limit.,Copper Raptor Elemental,"[""Summoner"", ""Elemental"", ""Copper"", ""Raptor"", ""aerial pursuit / strike"", ""Small""]",ALPHA candidate
SE-0124,Copper Serpent,Elemental manifestation,copper-rich conductive particulate body,Non-sentient; autonomous within validated behavior/command architecture.,"[""Genesis Expression"", ""Resonance"", ""Chirality""]","[""follow summoner"", ""hold position"", ""return/recall"", ""select resolved hostile target"", ""avoid designated allies"", ""constriction / lane control""]",constriction / lane control,Medium,ground slither / climbing,"[""conductive strike"", ""metal particulate burst"", ""electrical coupling assist""]","[""coherent manifestation body; damage degrades structural resolution rather than biological tissue""]",moderate,"moderate initial formation load; exact fatigue depends on rank, competency, and current basin state.",moderate continuous sustain relative to ordinary manifestations of the same rank.,45–120 minutes at baseline competent use; rank/competency can change this substantially.,"[""Yellow"", ""Green"", ""Blue""]","Structural identity only. Basin colors do not map to Transduction domains, elements, or a power hierarchy.","{""Yellow"": ""light continuous"", ""Green"": ""light continuous"", ""Blue"": ""light continuous""}","[""voluntary dismissal"", ""required-basin exhaustion"", ""loss of sufficient structural coherence"", ""unrecoverable leash/control failure""]",Executes simple validated commands and role behaviors autonomously; no human-like cognition or independent personhood.,Rank-dependent Builder variable.,"{""Red"": ""Baseline inefficient manifestation."", ""Orange"": ""Improved sustain/control."", ""Yellow"": ""Improved output/mobility."", ""Green"": ""Reliable combat-grade autonomy."", ""Blue"": ""Reduced cognitive steering and better leash."", ""Violet"": ""Elite persistence/control/output."", ""White"": ""Mature manifestation plus White secondary expression.""}",Boundary Coil — establish a temporary movement-denial loop around a resolved locus.,Copper Serpent Elemental,"[""Summoner"", ""Elemental"", ""Copper"", ""Serpent"", ""constriction / lane control"", ""Medium""]",ALPHA candidate
SE-0125,Copper Sentinel,Elemental manifestation,copper-rich conductive particulate body,Non-sentient; autonomous within validated behavior/command architecture.,"[""Genesis Expression"", ""Resonance"", ""Chirality""]","[""follow summoner"", ""hold position"", ""return/recall"", ""select resolved hostile target"", ""avoid designated allies"", ""guard / intercept""]",guard / intercept,Medium,slow ground / stationary,"[""conductive strike"", ""metal particulate burst"", ""electrical coupling assist""]","[""coherent manifestation body; damage degrades structural resolution rather than biological tissue"", ""reinforced chiral persistence"", ""interposition/body-block behavior""]",low-to-moderate,"low-to-moderate initial formation load; exact fatigue depends on rank, competency, and current basin state.",low-to-moderate continuous sustain relative to ordinary manifestations of the same rank.,2–6 hours at baseline competent use; rank/competency can change this substantially.,"[""Yellow"", ""Green"", ""Red""]","Structural identity only. Basin colors do not map to Transduction domains, elements, or a power hierarchy.","{""Yellow"": ""continuous"", ""Green"": ""continuous"", ""Red"": ""continuous""}","[""voluntary dismissal"", ""required-basin exhaustion"", ""loss of sufficient structural coherence"", ""unrecoverable leash/control failure""]",Executes simple validated commands and role behaviors autonomously; no human-like cognition or independent personhood.,Rank-dependent Builder variable.,"{""Red"": ""Baseline inefficient manifestation."", ""Orange"": ""Improved sustain/control."", ""Yellow"": ""Improved output/mobility."", ""Green"": ""Reliable combat-grade autonomy."", ""Blue"": ""Reduced cognitive steering and better leash."", ""Violet"": ""Elite persistence/control/output."", ""White"": ""Mature manifestation plus White secondary expression.""}",Autonomous Watch — maintain a validated guard protocol with sharply reduced cognitive steering.,Copper Sentinel Elemental,"[""Summoner"", ""Elemental"", ""Copper"", ""Sentinel"", ""guard / intercept"", ""Medium""]",ALPHA candidate
SE-0126,Copper Manta,Elemental manifestation,copper-rich conductive particulate body,Non-sentient; autonomous within validated behavior/command architecture.,"[""Genesis Expression"", ""Resonance"", ""Chirality""]","[""follow summoner"", ""hold position"", ""return/recall"", ""select resolved hostile target"", ""avoid designated allies"", ""screening / area control""]",screening / area control,Medium,aerial glide,"[""conductive strike"", ""metal particulate burst"", ""electrical coupling assist""]","[""coherent manifestation body; damage degrades structural resolution rather than biological tissue"", ""mobility/evasion bias""]",moderate,"moderate initial formation load; exact fatigue depends on rank, competency, and current basin state.",moderate continuous sustain relative to ordinary manifestations of the same rank.,30–90 minutes at baseline competent use; rank/competency can change this substantially.,"[""Yellow"", ""Green"", ""Red""]","Structural identity only. Basin colors do not map to Transduction domains, elements, or a power hierarchy.","{""Yellow"": ""continuous"", ""Green"": ""continuous"", ""Red"": ""continuous""}","[""voluntary dismissal"", ""required-basin exhaustion"", ""loss of sufficient structural coherence"", ""unrecoverable leash/control failure""]",Executes simple validated commands and role behaviors autonomously; no human-like cognition or independent personhood.,Rank-dependent Builder variable.,"{""Red"": ""Baseline inefficient manifestation."", ""Orange"": ""Improved sustain/control."", ""Yellow"": ""Improved output/mobility."", ""Green"": ""Reliable combat-grade autonomy."", ""Blue"": ""Reduced cognitive steering and better leash."", ""Violet"": ""Elite persistence/control/output."", ""White"": ""Mature manifestation plus White secondary expression.""}",Protective Orbit — autonomously maintain a moving screening envelope around a designated ally/group.,Copper Manta Elemental,"[""Summoner"", ""Elemental"", ""Copper"", ""Manta"", ""screening / area control"", ""Medium""]",ALPHA candidate
SE-0127,Copper Swarm,Elemental manifestation,copper-rich conductive particulate body,Non-sentient; autonomous within validated behavior/command architecture.,"[""Genesis Expression"", ""Resonance"", ""Chirality""]","[""follow summoner"", ""hold position"", ""return/recall"", ""select resolved hostile target"", ""avoid designated allies"", ""harassment / saturation""]",harassment / saturation,Variable,distributed flight/ground motion,"[""conductive strike"", ""metal particulate burst"", ""electrical coupling assist""]","[""coherent manifestation body; damage degrades structural resolution rather than biological tissue"", ""mobility/evasion bias""]",high,"high initial formation load; exact fatigue depends on rank, competency, and current basin state.",high continuous sustain relative to ordinary manifestations of the same rank.,15–45 minutes at baseline competent use; rank/competency can change this substantially.,"[""Yellow"", ""Green"", ""Red""]","Structural identity only. Basin colors do not map to Transduction domains, elements, or a power hierarchy.","{""Yellow"": ""continuous"", ""Green"": ""continuous"", ""Red"": ""continuous""}","[""voluntary dismissal"", ""required-basin exhaustion"", ""loss of sufficient structural coherence"", ""unrecoverable leash/control failure""]",Executes simple validated commands and role behaviors autonomously; no human-like cognition or independent personhood.,Rank-dependent Builder variable.,"{""Red"": ""Baseline inefficient manifestation."", ""Orange"": ""Improved sustain/control."", ""Yellow"": ""Improved output/mobility."", ""Green"": ""Reliable combat-grade autonomy."", ""Blue"": ""Reduced cognitive steering and better leash."", ""Violet"": ""Elite persistence/control/output."", ""White"": ""Mature manifestation plus White secondary expression.""}",Distributed Coordination — split/recombine subunits according to a validated target-priority rule.,Copper Swarm Elemental,"[""Summoner"", ""Elemental"", ""Copper"", ""Swarm"", ""harassment / saturation"", ""Variable""]",ALPHA candidate
SE-0128,Copper Stag,Elemental manifestation,copper-rich conductive particulate body,Non-sentient; autonomous within validated behavior/command architecture.,"[""Genesis Expression"", ""Resonance"", ""Chirality""]","[""follow summoner"", ""hold position"", ""return/recall"", ""select resolved hostile target"", ""avoid designated allies"", ""carrier / charge / extraction""]",carrier / charge / extraction,Large,ground sprint,"[""conductive strike"", ""metal particulate burst"", ""electrical coupling assist""]","[""coherent manifestation body; damage degrades structural resolution rather than biological tissue"", ""reinforced chiral persistence"", ""interposition/body-block behavior""]",high,"high initial formation load; exact fatigue depends on rank, competency, and current basin state.",high continuous sustain relative to ordinary manifestations of the same rank.,20–60 minutes at baseline competent use; rank/competency can change this substantially.,"[""Yellow"", ""Green"", ""Violet""]","Structural identity only. Basin colors do not map to Transduction domains, elements, or a power hierarchy.","{""Yellow"": ""continuous"", ""Green"": ""continuous"", ""Violet"": ""continuous""}","[""voluntary dismissal"", ""required-basin exhaustion"", ""loss of sufficient structural coherence"", ""unrecoverable leash/control failure""]",Executes simple validated commands and role behaviors autonomously; no human-like cognition or independent personhood.,Rank-dependent Builder variable.,"{""Red"": ""Baseline inefficient manifestation."", ""Orange"": ""Improved sustain/control."", ""Yellow"": ""Improved output/mobility."", ""Green"": ""Reliable combat-grade autonomy."", ""Blue"": ""Reduced cognitive steering and better leash."", ""Violet"": ""Elite persistence/control/output."", ""White"": ""Mature manifestation plus White secondary expression.""}",Extraction Run — autonomously navigate a validated retreat corridor while carrying an ally/load.,Copper Stag Elemental,"[""Summoner"", ""Elemental"", ""Copper"", ""Stag"", ""carrier / charge / extraction"", ""Large""]",ALPHA candidate
SE-0129,Copper Colossus,Elemental manifestation,copper-rich conductive particulate body,Non-sentient; autonomous within validated behavior/command architecture.,"[""Genesis Expression"", ""Resonance"", ""Chirality""]","[""follow summoner"", ""hold position"", ""return/recall"", ""select resolved hostile target"", ""avoid designated allies"", ""breaker / siege / protection""]",breaker / siege / protection,Huge,slow ground,"[""conductive strike"", ""metal particulate burst"", ""electrical coupling assist"", ""high-output mechanism-specific assault""]","[""coherent manifestation body; damage degrades structural resolution rather than biological tissue"", ""reinforced chiral persistence"", ""interposition/body-block behavior""]",very high,"very high initial formation load; exact fatigue depends on rank, competency, and current basin state.",very high continuous sustain relative to ordinary manifestations of the same rank.,2–10 minutes at baseline competent use; rank/competency can change this substantially.,"[""Yellow"", ""Green"", ""Red""]","Structural identity only. Basin colors do not map to Transduction domains, elements, or a power hierarchy.","{""Yellow"": ""continuous"", ""Green"": ""continuous"", ""Red"": ""continuous""}","[""voluntary dismissal"", ""required-basin exhaustion"", ""loss of sufficient structural coherence"", ""unrecoverable leash/control failure""]",Executes simple validated commands and role behaviors autonomously; no human-like cognition or independent personhood.,Rank-dependent Builder variable.,"{""Red"": ""Baseline inefficient manifestation."", ""Orange"": ""Improved sustain/control."", ""Yellow"": ""Improved output/mobility."", ""Green"": ""Reliable combat-grade autonomy."", ""Blue"": ""Reduced cognitive steering and better leash."", ""Violet"": ""Elite persistence/control/output."", ""White"": ""Mature manifestation plus White secondary expression.""}",Last Bastion — redirect remaining reserve into a short-duration maximum-persistence defensive state.,Copper Colossus Elemental,"[""Summoner"", ""Elemental"", ""Copper"", ""Colossus"", ""breaker / siege / protection"", ""Huge""]",ALPHA candidate
SE-0130,Copper Drake,Elemental manifestation,copper-rich conductive particulate body,Non-sentient; autonomous within validated behavior/command architecture.,"[""Genesis Expression"", ""Resonance"", ""Chirality""]","[""follow summoner"", ""hold position"", ""return/recall"", ""select resolved hostile target"", ""avoid designated allies"", ""high-output assault""]",high-output assault,Huge,aerial / ground,"[""conductive strike"", ""metal particulate burst"", ""electrical coupling assist"", ""high-output mechanism-specific assault""]","[""coherent manifestation body; damage degrades structural resolution rather than biological tissue"", ""reinforced chiral persistence"", ""interposition/body-block behavior""]",extreme,"extreme initial formation load; exact fatigue depends on rank, competency, and current basin state.",extreme continuous sustain relative to ordinary manifestations of the same rank.,30 seconds–5 minutes at baseline competent use; rank/competency can change this substantially.,"[""Yellow"", ""Green"", ""Orange"", ""Red""]","Structural identity only. Basin colors do not map to Transduction domains, elements, or a power hierarchy.","{""Yellow"": ""continuous"", ""Green"": ""continuous"", ""Orange"": ""continuous"", ""Red"": ""continuous""}","[""voluntary dismissal"", ""required-basin exhaustion"", ""loss of sufficient structural coherence"", ""unrecoverable leash/control failure""]",Executes simple validated commands and role behaviors autonomously; no human-like cognition or independent personhood.,Rank-dependent Builder variable.,"{""Red"": ""Baseline inefficient manifestation."", ""Orange"": ""Improved sustain/control."", ""Yellow"": ""Improved output/mobility."", ""Green"": ""Reliable combat-grade autonomy."", ""Blue"": ""Reduced cognitive steering and better leash."", ""Violet"": ""Elite persistence/control/output."", ""White"": ""Mature manifestation plus White secondary expression.""}",Catastrophic Exhalation — consume a major fraction of remaining reserve in one mechanism-specific high-output assault.,Copper Drake Elemental,"[""Summoner"", ""Elemental"", ""Copper"", ""Drake"", ""high-output assault"", ""Huge""]",ALPHA candidate
SE-0131,Magnetic Wisp,Elemental manifestation,field-coupled compatible-matter body,Non-sentient; autonomous within validated behavior/command architecture.,"[""Genesis Expression"", ""Resonance"", ""Chirality""]","[""follow summoner"", ""hold position"", ""return/recall"", ""select resolved hostile target"", ""avoid designated allies"", ""scout / harrier""]",scout / harrier,Tiny,aerial drift,"[""compatible-matter pull/push"", ""field-coupled deflection""]","[""coherent manifestation body; damage degrades structural resolution rather than biological tissue"", ""mobility/evasion bias""]",low,"low initial formation load; exact fatigue depends on rank, competency, and current basin state.",low continuous sustain relative to ordinary manifestations of the same rank.,hours at baseline competent use; rank/competency can change this substantially.,"[""Blue"", ""Violet""]","Structural identity only. Basin colors do not map to Transduction domains, elements, or a power hierarchy.","{""Blue"": ""light continuous"", ""Violet"": ""light continuous""}","[""voluntary dismissal"", ""required-basin exhaustion"", ""loss of sufficient structural coherence"", ""unrecoverable leash/control failure""]",Executes simple validated commands and role behaviors autonomously; no human-like cognition or independent personhood.,Rank-dependent Builder variable.,"{""Red"": ""Baseline inefficient manifestation."", ""Orange"": ""Improved sustain/control."", ""Yellow"": ""Improved output/mobility."", ""Green"": ""Reliable combat-grade autonomy."", ""Blue"": ""Reduced cognitive steering and better leash."", ""Violet"": ""Elite persistence/control/output."", ""White"": ""Mature manifestation plus White secondary expression.""}",Independent Survey — continue a validated scouting route with minimal active steering and return compressed observations.,Magnetic Wisp Elemental,"[""Summoner"", ""Elemental"", ""Magnetic"", ""Wisp"", ""scout / harrier"", ""Tiny""]",ALPHA candidate
SE-0132,Magnetic Hound,Elemental manifestation,field-coupled compatible-matter body,Non-sentient; autonomous within validated behavior/command architecture.,"[""Genesis Expression"", ""Resonance"", ""Chirality""]","[""follow summoner"", ""hold position"", ""return/recall"", ""select resolved hostile target"", ""avoid designated allies"", ""pursuit / interception""]",pursuit / interception,Small,ground sprint / leap,"[""compatible-matter pull/push"", ""field-coupled deflection"", ""magnetic pressure""]","[""coherent manifestation body; damage degrades structural resolution rather than biological tissue""]",moderate,"moderate initial formation load; exact fatigue depends on rank, competency, and current basin state.",moderate continuous sustain relative to ordinary manifestations of the same rank.,1–3 hours at baseline competent use; rank/competency can change this substantially.,"[""Blue"", ""Violet""]","Structural identity only. Basin colors do not map to Transduction domains, elements, or a power hierarchy.","{""Blue"": ""light continuous"", ""Violet"": ""light continuous""}","[""voluntary dismissal"", ""required-basin exhaustion"", ""loss of sufficient structural coherence"", ""unrecoverable leash/control failure""]",Executes simple validated commands and role behaviors autonomously; no human-like cognition or independent personhood.,Rank-dependent Builder variable.,"{""Red"": ""Baseline inefficient manifestation."", ""Orange"": ""Improved sustain/control."", ""Yellow"": ""Improved output/mobility."", ""Green"": ""Reliable combat-grade autonomy."", ""Blue"": ""Reduced cognitive steering and better leash."", ""Violet"": ""Elite persistence/control/output."", ""White"": ""Mature manifestation plus White secondary expression.""}",Relentless Intercept — dynamically reassign interception among resolved threats while preserving guard priority.,Magnetic Hound Elemental,"[""Summoner"", ""Elemental"", ""Magnetic"", ""Hound"", ""pursuit / interception"", ""Small""]",ALPHA candidate
SE-0133,Magnetic Raptor,Elemental manifestation,field-coupled compatible-matter body,Non-sentient; autonomous within validated behavior/command architecture.,"[""Genesis Expression"", ""Resonance"", ""Chirality""]","[""follow summoner"", ""hold position"", ""return/recall"", ""select resolved hostile target"", ""avoid designated allies"", ""aerial pursuit / strike""]",aerial pursuit / strike,Small,aerial flight,"[""compatible-matter pull/push"", ""field-coupled deflection"", ""magnetic pressure""]","[""coherent manifestation body; damage degrades structural resolution rather than biological tissue"", ""mobility/evasion bias""]",moderate,"moderate initial formation load; exact fatigue depends on rank, competency, and current basin state.",moderate continuous sustain relative to ordinary manifestations of the same rank.,45–120 minutes at baseline competent use; rank/competency can change this substantially.,"[""Blue""]","Structural identity only. Basin colors do not map to Transduction domains, elements, or a power hierarchy.","{""Blue"": ""light continuous""}","[""voluntary dismissal"", ""required-basin exhaustion"", ""loss of sufficient structural coherence"", ""unrecoverable leash/control failure""]",Executes simple validated commands and role behaviors autonomously; no human-like cognition or independent personhood.,Rank-dependent Builder variable.,"{""Red"": ""Baseline inefficient manifestation."", ""Orange"": ""Improved sustain/control."", ""Yellow"": ""Improved output/mobility."", ""Green"": ""Reliable combat-grade autonomy."", ""Blue"": ""Reduced cognitive steering and better leash."", ""Violet"": ""Elite persistence/control/output."", ""White"": ""Mature manifestation plus White secondary expression.""}",Vector Hunt — autonomous pursuit through complex three-dimensional movement until recall/leash limit.,Magnetic Raptor Elemental,"[""Summoner"", ""Elemental"", ""Magnetic"", ""Raptor"", ""aerial pursuit / strike"", ""Small""]",ALPHA candidate
SE-0134,Magnetic Serpent,Elemental manifestation,field-coupled compatible-matter body,Non-sentient; autonomous within validated behavior/command architecture.,"[""Genesis Expression"", ""Resonance"", ""Chirality""]","[""follow summoner"", ""hold position"", ""return/recall"", ""select resolved hostile target"", ""avoid designated allies"", ""constriction / lane control""]",constriction / lane control,Medium,ground slither / climbing,"[""compatible-matter pull/push"", ""field-coupled deflection"", ""magnetic pressure""]","[""coherent manifestation body; damage degrades structural resolution rather than biological tissue""]",moderate,"moderate initial formation load; exact fatigue depends on rank, competency, and current basin state.",moderate continuous sustain relative to ordinary manifestations of the same rank.,45–120 minutes at baseline competent use; rank/competency can change this substantially.,"[""Blue"", ""Violet"", ""Yellow""]","Structural identity only. Basin colors do not map to Transduction domains, elements, or a power hierarchy.","{""Blue"": ""light continuous"", ""Violet"": ""light continuous"", ""Yellow"": ""light continuous""}","[""voluntary dismissal"", ""required-basin exhaustion"", ""loss of sufficient structural coherence"", ""unrecoverable leash/control failure""]",Executes simple validated commands and role behaviors autonomously; no human-like cognition or independent personhood.,Rank-dependent Builder variable.,"{""Red"": ""Baseline inefficient manifestation."", ""Orange"": ""Improved sustain/control."", ""Yellow"": ""Improved output/mobility."", ""Green"": ""Reliable combat-grade autonomy."", ""Blue"": ""Reduced cognitive steering and better leash."", ""Violet"": ""Elite persistence/control/output."", ""White"": ""Mature manifestation plus White secondary expression.""}",Boundary Coil — establish a temporary movement-denial loop around a resolved locus.,Magnetic Serpent Elemental,"[""Summoner"", ""Elemental"", ""Magnetic"", ""Serpent"", ""constriction / lane control"", ""Medium""]",ALPHA candidate
SE-0135,Magnetic Sentinel,Elemental manifestation,field-coupled compatible-matter body,Non-sentient; autonomous within validated behavior/command architecture.,"[""Genesis Expression"", ""Resonance"", ""Chirality""]","[""follow summoner"", ""hold position"", ""return/recall"", ""select resolved hostile target"", ""avoid designated allies"", ""guard / intercept""]",guard / intercept,Medium,slow ground / stationary,"[""compatible-matter pull/push"", ""field-coupled deflection"", ""magnetic pressure""]","[""coherent manifestation body; damage degrades structural resolution rather than biological tissue"", ""reinforced chiral persistence"", ""interposition/body-block behavior""]",low-to-moderate,"low-to-moderate initial formation load; exact fatigue depends on rank, competency, and current basin state.",low-to-moderate continuous sustain relative to ordinary manifestations of the same rank.,2–6 hours at baseline competent use; rank/competency can change this substantially.,"[""Blue"", ""Violet"", ""Yellow""]","Structural identity only. Basin colors do not map to Transduction domains, elements, or a power hierarchy.","{""Blue"": ""continuous"", ""Violet"": ""continuous"", ""Yellow"": ""continuous""}","[""voluntary dismissal"", ""required-basin exhaustion"", ""loss of sufficient structural coherence"", ""unrecoverable leash/control failure""]",Executes simple validated commands and role behaviors autonomously; no human-like cognition or independent personhood.,Rank-dependent Builder variable.,"{""Red"": ""Baseline inefficient manifestation."", ""Orange"": ""Improved sustain/control."", ""Yellow"": ""Improved output/mobility."", ""Green"": ""Reliable combat-grade autonomy."", ""Blue"": ""Reduced cognitive steering and better leash."", ""Violet"": ""Elite persistence/control/output."", ""White"": ""Mature manifestation plus White secondary expression.""}",Autonomous Watch — maintain a validated guard protocol with sharply reduced cognitive steering.,Magnetic Sentinel Elemental,"[""Summoner"", ""Elemental"", ""Magnetic"", ""Sentinel"", ""guard / intercept"", ""Medium""]",ALPHA candidate
SE-0136,Magnetic Manta,Elemental manifestation,field-coupled compatible-matter body,Non-sentient; autonomous within validated behavior/command architecture.,"[""Genesis Expression"", ""Resonance"", ""Chirality""]","[""follow summoner"", ""hold position"", ""return/recall"", ""select resolved hostile target"", ""avoid designated allies"", ""screening / area control""]",screening / area control,Medium,aerial glide,"[""compatible-matter pull/push"", ""field-coupled deflection"", ""magnetic pressure""]","[""coherent manifestation body; damage degrades structural resolution rather than biological tissue"", ""mobility/evasion bias""]",moderate,"moderate initial formation load; exact fatigue depends on rank, competency, and current basin state.",moderate continuous sustain relative to ordinary manifestations of the same rank.,30–90 minutes at baseline competent use; rank/competency can change this substantially.,"[""Blue"", ""Violet"", ""Red""]","Structural identity only. Basin colors do not map to Transduction domains, elements, or a power hierarchy.","{""Blue"": ""continuous"", ""Violet"": ""continuous"", ""Red"": ""continuous""}","[""voluntary dismissal"", ""required-basin exhaustion"", ""loss of sufficient structural coherence"", ""unrecoverable leash/control failure""]",Executes simple validated commands and role behaviors autonomously; no human-like cognition or independent personhood.,Rank-dependent Builder variable.,"{""Red"": ""Baseline inefficient manifestation."", ""Orange"": ""Improved sustain/control."", ""Yellow"": ""Improved output/mobility."", ""Green"": ""Reliable combat-grade autonomy."", ""Blue"": ""Reduced cognitive steering and better leash."", ""Violet"": ""Elite persistence/control/output."", ""White"": ""Mature manifestation plus White secondary expression.""}",Protective Orbit — autonomously maintain a moving screening envelope around a designated ally/group.,Magnetic Manta Elemental,"[""Summoner"", ""Elemental"", ""Magnetic"", ""Manta"", ""screening / area control"", ""Medium""]",ALPHA candidate
SE-0137,Magnetic Swarm,Elemental manifestation,field-coupled compatible-matter body,Non-sentient; autonomous within validated behavior/command architecture.,"[""Genesis Expression"", ""Resonance"", ""Chirality""]","[""follow summoner"", ""hold position"", ""return/recall"", ""select resolved hostile target"", ""avoid designated allies"", ""harassment / saturation""]",harassment / saturation,Variable,distributed flight/ground motion,"[""compatible-matter pull/push"", ""field-coupled deflection"", ""magnetic pressure""]","[""coherent manifestation body; damage degrades structural resolution rather than biological tissue"", ""mobility/evasion bias""]",high,"high initial formation load; exact fatigue depends on rank, competency, and current basin state.",high continuous sustain relative to ordinary manifestations of the same rank.,15–45 minutes at baseline competent use; rank/competency can change this substantially.,"[""Blue"", ""Violet"", ""Yellow""]","Structural identity only. Basin colors do not map to Transduction domains, elements, or a power hierarchy.","{""Blue"": ""continuous"", ""Violet"": ""continuous"", ""Yellow"": ""continuous""}","[""voluntary dismissal"", ""required-basin exhaustion"", ""loss of sufficient structural coherence"", ""unrecoverable leash/control failure""]",Executes simple validated commands and role behaviors autonomously; no human-like cognition or independent personhood.,Rank-dependent Builder variable.,"{""Red"": ""Baseline inefficient manifestation."", ""Orange"": ""Improved sustain/control."", ""Yellow"": ""Improved output/mobility."", ""Green"": ""Reliable combat-grade autonomy."", ""Blue"": ""Reduced cognitive steering and better leash."", ""Violet"": ""Elite persistence/control/output."", ""White"": ""Mature manifestation plus White secondary expression.""}",Distributed Coordination — split/recombine subunits according to a validated target-priority rule.,Magnetic Swarm Elemental,"[""Summoner"", ""Elemental"", ""Magnetic"", ""Swarm"", ""harassment / saturation"", ""Variable""]",ALPHA candidate
SE-0138,Magnetic Stag,Elemental manifestation,field-coupled compatible-matter body,Non-sentient; autonomous within validated behavior/command architecture.,"[""Genesis Expression"", ""Resonance"", ""Chirality""]","[""follow summoner"", ""hold position"", ""return/recall"", ""select resolved hostile target"", ""avoid designated allies"", ""carrier / charge / extraction""]",carrier / charge / extraction,Large,ground sprint,"[""compatible-matter pull/push"", ""field-coupled deflection"", ""magnetic pressure""]","[""coherent manifestation body; damage degrades structural resolution rather than biological tissue"", ""reinforced chiral persistence"", ""interposition/body-block behavior""]",high,"high initial formation load; exact fatigue depends on rank, competency, and current basin state.",high continuous sustain relative to ordinary manifestations of the same rank.,20–60 minutes at baseline competent use; rank/competency can change this substantially.,"[""Blue"", ""Violet"", ""Green""]","Structural identity only. Basin colors do not map to Transduction domains, elements, or a power hierarchy.","{""Blue"": ""continuous"", ""Violet"": ""continuous"", ""Green"": ""continuous""}","[""voluntary dismissal"", ""required-basin exhaustion"", ""loss of sufficient structural coherence"", ""unrecoverable leash/control failure""]",Executes simple validated commands and role behaviors autonomously; no human-like cognition or independent personhood.,Rank-dependent Builder variable.,"{""Red"": ""Baseline inefficient manifestation."", ""Orange"": ""Improved sustain/control."", ""Yellow"": ""Improved output/mobility."", ""Green"": ""Reliable combat-grade autonomy."", ""Blue"": ""Reduced cognitive steering and better leash."", ""Violet"": ""Elite persistence/control/output."", ""White"": ""Mature manifestation plus White secondary expression.""}",Extraction Run — autonomously navigate a validated retreat corridor while carrying an ally/load.,Magnetic Stag Elemental,"[""Summoner"", ""Elemental"", ""Magnetic"", ""Stag"", ""carrier / charge / extraction"", ""Large""]",ALPHA candidate
SE-0139,Magnetic Colossus,Elemental manifestation,field-coupled compatible-matter body,Non-sentient; autonomous within validated behavior/command architecture.,"[""Genesis Expression"", ""Resonance"", ""Chirality""]","[""follow summoner"", ""hold position"", ""return/recall"", ""select resolved hostile target"", ""avoid designated allies"", ""breaker / siege / protection""]",breaker / siege / protection,Huge,slow ground,"[""compatible-matter pull/push"", ""field-coupled deflection"", ""magnetic pressure"", ""high-output mechanism-specific assault""]","[""coherent manifestation body; damage degrades structural resolution rather than biological tissue"", ""reinforced chiral persistence"", ""interposition/body-block behavior""]",very high,"very high initial formation load; exact fatigue depends on rank, competency, and current basin state.",very high continuous sustain relative to ordinary manifestations of the same rank.,2–10 minutes at baseline competent use; rank/competency can change this substantially.,"[""Blue"", ""Violet"", ""Yellow"", ""Orange""]","Structural identity only. Basin colors do not map to Transduction domains, elements, or a power hierarchy.","{""Blue"": ""continuous"", ""Violet"": ""continuous"", ""Yellow"": ""continuous"", ""Orange"": ""continuous""}","[""voluntary dismissal"", ""required-basin exhaustion"", ""loss of sufficient structural coherence"", ""unrecoverable leash/control failure""]",Executes simple validated commands and role behaviors autonomously; no human-like cognition or independent personhood.,Rank-dependent Builder variable.,"{""Red"": ""Baseline inefficient manifestation."", ""Orange"": ""Improved sustain/control."", ""Yellow"": ""Improved output/mobility."", ""Green"": ""Reliable combat-grade autonomy."", ""Blue"": ""Reduced cognitive steering and better leash."", ""Violet"": ""Elite persistence/control/output."", ""White"": ""Mature manifestation plus White secondary expression.""}",Last Bastion — redirect remaining reserve into a short-duration maximum-persistence defensive state.,Magnetic Colossus Elemental,"[""Summoner"", ""Elemental"", ""Magnetic"", ""Colossus"", ""breaker / siege / protection"", ""Huge""]",ALPHA candidate
SE-0140,Magnetic Drake,Elemental manifestation,field-coupled compatible-matter body,Non-sentient; autonomous within validated behavior/command architecture.,"[""Genesis Expression"", ""Resonance"", ""Chirality""]","[""follow summoner"", ""hold position"", ""return/recall"", ""select resolved hostile target"", ""avoid designated allies"", ""high-output assault""]",high-output assault,Huge,aerial / ground,"[""compatible-matter pull/push"", ""field-coupled deflection"", ""magnetic pressure"", ""high-output mechanism-specific assault""]","[""coherent manifestation body; damage degrades structural resolution rather than biological tissue"", ""reinforced chiral persistence"", ""interposition/body-block behavior""]",extreme,"extreme initial formation load; exact fatigue depends on rank, competency, and current basin state.",extreme continuous sustain relative to ordinary manifestations of the same rank.,30 seconds–5 minutes at baseline competent use; rank/competency can change this substantially.,"[""Blue"", ""Violet"", ""Yellow"", ""Red""]","Structural identity only. Basin colors do not map to Transduction domains, elements, or a power hierarchy.","{""Blue"": ""continuous"", ""Violet"": ""continuous"", ""Yellow"": ""continuous"", ""Red"": ""continuous""}","[""voluntary dismissal"", ""required-basin exhaustion"", ""loss of sufficient structural coherence"", ""unrecoverable leash/control failure""]",Executes simple validated commands and role behaviors autonomously; no human-like cognition or independent personhood.,Rank-dependent Builder variable.,"{""Red"": ""Baseline inefficient manifestation."", ""Orange"": ""Improved sustain/control."", ""Yellow"": ""Improved output/mobility."", ""Green"": ""Reliable combat-grade autonomy."", ""Blue"": ""Reduced cognitive steering and better leash."", ""Violet"": ""Elite persistence/control/output."", ""White"": ""Mature manifestation plus White secondary expression.""}",Catastrophic Exhalation — consume a major fraction of remaining reserve in one mechanism-specific high-output assault.,Magnetic Drake Elemental,"[""Summoner"", ""Elemental"", ""Magnetic"", ""Drake"", ""high-output assault"", ""Huge""]",ALPHA candidate
SE-0141,Photonic Wisp,Elemental manifestation,coherent luminous/electromagnetic expression body,Non-sentient; autonomous within validated behavior/command architecture.,"[""Genesis Expression"", ""Resonance"", ""Chirality""]","[""follow summoner"", ""hold position"", ""return/recall"", ""select resolved hostile target"", ""avoid designated allies"", ""scout / harrier""]",scout / harrier,Tiny,aerial drift,"[""high-intensity flash"", ""focused luminous beam""]","[""coherent manifestation body; damage degrades structural resolution rather than biological tissue"", ""mobility/evasion bias""]",low,"low initial formation load; exact fatigue depends on rank, competency, and current basin state.",low continuous sustain relative to ordinary manifestations of the same rank.,hours at baseline competent use; rank/competency can change this substantially.,"[""Yellow"", ""Violet""]","Structural identity only. Basin colors do not map to Transduction domains, elements, or a power hierarchy.","{""Yellow"": ""light continuous"", ""Violet"": ""light continuous""}","[""voluntary dismissal"", ""required-basin exhaustion"", ""loss of sufficient structural coherence"", ""unrecoverable leash/control failure""]",Executes simple validated commands and role behaviors autonomously; no human-like cognition or independent personhood.,Rank-dependent Builder variable.,"{""Red"": ""Baseline inefficient manifestation."", ""Orange"": ""Improved sustain/control."", ""Yellow"": ""Improved output/mobility."", ""Green"": ""Reliable combat-grade autonomy."", ""Blue"": ""Reduced cognitive steering and better leash."", ""Violet"": ""Elite persistence/control/output."", ""White"": ""Mature manifestation plus White secondary expression.""}",Independent Survey — continue a validated scouting route with minimal active steering and return compressed observations.,Photonic Wisp Elemental,"[""Summoner"", ""Elemental"", ""Photonic"", ""Wisp"", ""scout / harrier"", ""Tiny""]",ALPHA candidate
SE-0142,Photonic Hound,Elemental manifestation,coherent luminous/electromagnetic expression body,Non-sentient; autonomous within validated behavior/command architecture.,"[""Genesis Expression"", ""Resonance"", ""Chirality""]","[""follow summoner"", ""hold position"", ""return/recall"", ""select resolved hostile target"", ""avoid designated allies"", ""pursuit / interception""]",pursuit / interception,Small,ground sprint / leap,"[""high-intensity flash"", ""focused luminous beam"", ""optical saturation""]","[""coherent manifestation body; damage degrades structural resolution rather than biological tissue""]",moderate,"moderate initial formation load; exact fatigue depends on rank, competency, and current basin state.",moderate continuous sustain relative to ordinary manifestations of the same rank.,1–3 hours at baseline competent use; rank/competency can change this substantially.,"[""Yellow"", ""Blue""]","Structural identity only. Basin colors do not map to Transduction domains, elements, or a power hierarchy.","{""Yellow"": ""light continuous"", ""Blue"": ""light continuous""}","[""voluntary dismissal"", ""required-basin exhaustion"", ""loss of sufficient structural coherence"", ""unrecoverable leash/control failure""]",Executes simple validated commands and role behaviors autonomously; no human-like cognition or independent personhood.,Rank-dependent Builder variable.,"{""Red"": ""Baseline inefficient manifestation."", ""Orange"": ""Improved sustain/control."", ""Yellow"": ""Improved output/mobility."", ""Green"": ""Reliable combat-grade autonomy."", ""Blue"": ""Reduced cognitive steering and better leash."", ""Violet"": ""Elite persistence/control/output."", ""White"": ""Mature manifestation plus White secondary expression.""}",Relentless Intercept — dynamically reassign interception among resolved threats while preserving guard priority.,Photonic Hound Elemental,"[""Summoner"", ""Elemental"", ""Photonic"", ""Hound"", ""pursuit / interception"", ""Small""]",ALPHA candidate
SE-0143,Photonic Raptor,Elemental manifestation,coherent luminous/electromagnetic expression body,Non-sentient; autonomous within validated behavior/command architecture.,"[""Genesis Expression"", ""Resonance"", ""Chirality""]","[""follow summoner"", ""hold position"", ""return/recall"", ""select resolved hostile target"", ""avoid designated allies"", ""aerial pursuit / strike""]",aerial pursuit / strike,Small,aerial flight,"[""high-intensity flash"", ""focused luminous beam"", ""optical saturation""]","[""coherent manifestation body; damage degrades structural resolution rather than biological tissue"", ""mobility/evasion bias""]",moderate,"moderate initial formation load; exact fatigue depends on rank, competency, and current basin state.",moderate continuous sustain relative to ordinary manifestations of the same rank.,45–120 minutes at baseline competent use; rank/competency can change this substantially.,"[""Yellow"", ""Violet""]","Structural identity only. Basin colors do not map to Transduction domains, elements, or a power hierarchy.","{""Yellow"": ""light continuous"", ""Violet"": ""light continuous""}","[""voluntary dismissal"", ""required-basin exhaustion"", ""loss of sufficient structural coherence"", ""unrecoverable leash/control failure""]",Executes simple validated commands and role behaviors autonomously; no human-like cognition or independent personhood.,Rank-dependent Builder variable.,"{""Red"": ""Baseline inefficient manifestation."", ""Orange"": ""Improved sustain/control."", ""Yellow"": ""Improved output/mobility."", ""Green"": ""Reliable combat-grade autonomy."", ""Blue"": ""Reduced cognitive steering and better leash."", ""Violet"": ""Elite persistence/control/output."", ""White"": ""Mature manifestation plus White secondary expression.""}",Vector Hunt — autonomous pursuit through complex three-dimensional movement until recall/leash limit.,Photonic Raptor Elemental,"[""Summoner"", ""Elemental"", ""Photonic"", ""Raptor"", ""aerial pursuit / strike"", ""Small""]",ALPHA candidate
SE-0144,Photonic Serpent,Elemental manifestation,coherent luminous/electromagnetic expression body,Non-sentient; autonomous within validated behavior/command architecture.,"[""Genesis Expression"", ""Resonance"", ""Chirality""]","[""follow summoner"", ""hold position"", ""return/recall"", ""select resolved hostile target"", ""avoid designated allies"", ""constriction / lane control""]",constriction / lane control,Medium,ground slither / climbing,"[""high-intensity flash"", ""focused luminous beam"", ""optical saturation""]","[""coherent manifestation body; damage degrades structural resolution rather than biological tissue""]",moderate,"moderate initial formation load; exact fatigue depends on rank, competency, and current basin state.",moderate continuous sustain relative to ordinary manifestations of the same rank.,45–120 minutes at baseline competent use; rank/competency can change this substantially.,"[""Yellow"", ""Violet"", ""Orange""]","Structural identity only. Basin colors do not map to Transduction domains, elements, or a power hierarchy.","{""Yellow"": ""light continuous"", ""Violet"": ""light continuous"", ""Orange"": ""light continuous""}","[""voluntary dismissal"", ""required-basin exhaustion"", ""loss of sufficient structural coherence"", ""unrecoverable leash/control failure""]",Executes simple validated commands and role behaviors autonomously; no human-like cognition or independent personhood.,Rank-dependent Builder variable.,"{""Red"": ""Baseline inefficient manifestation."", ""Orange"": ""Improved sustain/control."", ""Yellow"": ""Improved output/mobility."", ""Green"": ""Reliable combat-grade autonomy."", ""Blue"": ""Reduced cognitive steering and better leash."", ""Violet"": ""Elite persistence/control/output."", ""White"": ""Mature manifestation plus White secondary expression.""}",Boundary Coil — establish a temporary movement-denial loop around a resolved locus.,Photonic Serpent Elemental,"[""Summoner"", ""Elemental"", ""Photonic"", ""Serpent"", ""constriction / lane control"", ""Medium""]",ALPHA candidate
SE-0145,Photonic Sentinel,Elemental manifestation,coherent luminous/electromagnetic expression body,Non-sentient; autonomous within validated behavior/command architecture.,"[""Genesis Expression"", ""Resonance"", ""Chirality""]","[""follow summoner"", ""hold position"", ""return/recall"", ""select resolved hostile target"", ""avoid designated allies"", ""guard / intercept""]",guard / intercept,Medium,slow ground / stationary,"[""high-intensity flash"", ""focused luminous beam"", ""optical saturation""]","[""coherent manifestation body; damage degrades structural resolution rather than biological tissue"", ""reinforced chiral persistence"", ""interposition/body-block behavior""]",low-to-moderate,"low-to-moderate initial formation load; exact fatigue depends on rank, competency, and current basin state.",low-to-moderate continuous sustain relative to ordinary manifestations of the same rank.,2–6 hours at baseline competent use; rank/competency can change this substantially.,"[""Yellow"", ""Violet"", ""Blue""]","Structural identity only. Basin colors do not map to Transduction domains, elements, or a power hierarchy.","{""Yellow"": ""continuous"", ""Violet"": ""continuous"", ""Blue"": ""continuous""}","[""voluntary dismissal"", ""required-basin exhaustion"", ""loss of sufficient structural coherence"", ""unrecoverable leash/control failure""]",Executes simple validated commands and role behaviors autonomously; no human-like cognition or independent personhood.,Rank-dependent Builder variable.,"{""Red"": ""Baseline inefficient manifestation."", ""Orange"": ""Improved sustain/control."", ""Yellow"": ""Improved output/mobility."", ""Green"": ""Reliable combat-grade autonomy."", ""Blue"": ""Reduced cognitive steering and better leash."", ""Violet"": ""Elite persistence/control/output."", ""White"": ""Mature manifestation plus White secondary expression.""}",Autonomous Watch — maintain a validated guard protocol with sharply reduced cognitive steering.,Photonic Sentinel Elemental,"[""Summoner"", ""Elemental"", ""Photonic"", ""Sentinel"", ""guard / intercept"", ""Medium""]",ALPHA candidate
SE-0146,Photonic Manta,Elemental manifestation,coherent luminous/electromagnetic expression body,Non-sentient; autonomous within validated behavior/command architecture.,"[""Genesis Expression"", ""Resonance"", ""Chirality""]","[""follow summoner"", ""hold position"", ""return/recall"", ""select resolved hostile target"", ""avoid designated allies"", ""screening / area control""]",screening / area control,Medium,aerial glide,"[""high-intensity flash"", ""focused luminous beam"", ""optical saturation""]","[""coherent manifestation body; damage degrades structural resolution rather than biological tissue"", ""mobility/evasion bias""]",moderate,"moderate initial formation load; exact fatigue depends on rank, competency, and current basin state.",moderate continuous sustain relative to ordinary manifestations of the same rank.,30–90 minutes at baseline competent use; rank/competency can change this substantially.,"[""Yellow"", ""Violet"", ""Orange""]","Structural identity only. Basin colors do not map to Transduction domains, elements, or a power hierarchy.","{""Yellow"": ""continuous"", ""Violet"": ""continuous"", ""Orange"": ""continuous""}","[""voluntary dismissal"", ""required-basin exhaustion"", ""loss of sufficient structural coherence"", ""unrecoverable leash/control failure""]",Executes simple validated commands and role behaviors autonomously; no human-like cognition or independent personhood.,Rank-dependent Builder variable.,"{""Red"": ""Baseline inefficient manifestation."", ""Orange"": ""Improved sustain/control."", ""Yellow"": ""Improved output/mobility."", ""Green"": ""Reliable combat-grade autonomy."", ""Blue"": ""Reduced cognitive steering and better leash."", ""Violet"": ""Elite persistence/control/output."", ""White"": ""Mature manifestation plus White secondary expression.""}",Protective Orbit — autonomously maintain a moving screening envelope around a designated ally/group.,Photonic Manta Elemental,"[""Summoner"", ""Elemental"", ""Photonic"", ""Manta"", ""screening / area control"", ""Medium""]",ALPHA candidate
SE-0147,Photonic Swarm,Elemental manifestation,coherent luminous/electromagnetic expression body,Non-sentient; autonomous within validated behavior/command architecture.,"[""Genesis Expression"", ""Resonance"", ""Chirality""]","[""follow summoner"", ""hold position"", ""return/recall"", ""select resolved hostile target"", ""avoid designated allies"", ""harassment / saturation""]",harassment / saturation,Variable,distributed flight/ground motion,"[""high-intensity flash"", ""focused luminous beam"", ""optical saturation""]","[""coherent manifestation body; damage degrades structural resolution rather than biological tissue"", ""mobility/evasion bias""]",high,"high initial formation load; exact fatigue depends on rank, competency, and current basin state.",high continuous sustain relative to ordinary manifestations of the same rank.,15–45 minutes at baseline competent use; rank/competency can change this substantially.,"[""Yellow"", ""Violet"", ""Green""]","Structural identity only. Basin colors do not map to Transduction domains, elements, or a power hierarchy.","{""Yellow"": ""continuous"", ""Violet"": ""continuous"", ""Green"": ""continuous""}","[""voluntary dismissal"", ""required-basin exhaustion"", ""loss of sufficient structural coherence"", ""unrecoverable leash/control failure""]",Executes simple validated commands and role behaviors autonomously; no human-like cognition or independent personhood.,Rank-dependent Builder variable.,"{""Red"": ""Baseline inefficient manifestation."", ""Orange"": ""Improved sustain/control."", ""Yellow"": ""Improved output/mobility."", ""Green"": ""Reliable combat-grade autonomy."", ""Blue"": ""Reduced cognitive steering and better leash."", ""Violet"": ""Elite persistence/control/output."", ""White"": ""Mature manifestation plus White secondary expression.""}",Distributed Coordination — split/recombine subunits according to a validated target-priority rule.,Photonic Swarm Elemental,"[""Summoner"", ""Elemental"", ""Photonic"", ""Swarm"", ""harassment / saturation"", ""Variable""]",ALPHA candidate
SE-0148,Photonic Stag,Elemental manifestation,coherent luminous/electromagnetic expression body,Non-sentient; autonomous within validated behavior/command architecture.,"[""Genesis Expression"", ""Resonance"", ""Chirality""]","[""follow summoner"", ""hold position"", ""return/recall"", ""select resolved hostile target"", ""avoid designated allies"", ""carrier / charge / extraction""]",carrier / charge / extraction,Large,ground sprint,"[""high-intensity flash"", ""focused luminous beam"", ""optical saturation""]","[""coherent manifestation body; damage degrades structural resolution rather than biological tissue"", ""reinforced chiral persistence"", ""interposition/body-block behavior""]",high,"high initial formation load; exact fatigue depends on rank, competency, and current basin state.",high continuous sustain relative to ordinary manifestations of the same rank.,20–60 minutes at baseline competent use; rank/competency can change this substantially.,"[""Yellow"", ""Violet"", ""Orange""]","Structural identity only. Basin colors do not map to Transduction domains, elements, or a power hierarchy.","{""Yellow"": ""continuous"", ""Violet"": ""continuous"", ""Orange"": ""continuous""}","[""voluntary dismissal"", ""required-basin exhaustion"", ""loss of sufficient structural coherence"", ""unrecoverable leash/control failure""]",Executes simple validated commands and role behaviors autonomously; no human-like cognition or independent personhood.,Rank-dependent Builder variable.,"{""Red"": ""Baseline inefficient manifestation."", ""Orange"": ""Improved sustain/control."", ""Yellow"": ""Improved output/mobility."", ""Green"": ""Reliable combat-grade autonomy."", ""Blue"": ""Reduced cognitive steering and better leash."", ""Violet"": ""Elite persistence/control/output."", ""White"": ""Mature manifestation plus White secondary expression.""}",Extraction Run — autonomously navigate a validated retreat corridor while carrying an ally/load.,Photonic Stag Elemental,"[""Summoner"", ""Elemental"", ""Photonic"", ""Stag"", ""carrier / charge / extraction"", ""Large""]",ALPHA candidate
SE-0149,Photonic Colossus,Elemental manifestation,coherent luminous/electromagnetic expression body,Non-sentient; autonomous within validated behavior/command architecture.,"[""Genesis Expression"", ""Resonance"", ""Chirality""]","[""follow summoner"", ""hold position"", ""return/recall"", ""select resolved hostile target"", ""avoid designated allies"", ""breaker / siege / protection""]",breaker / siege / protection,Huge,slow ground,"[""high-intensity flash"", ""focused luminous beam"", ""optical saturation"", ""high-output mechanism-specific assault""]","[""coherent manifestation body; damage degrades structural resolution rather than biological tissue"", ""reinforced chiral persistence"", ""interposition/body-block behavior""]",very high,"very high initial formation load; exact fatigue depends on rank, competency, and current basin state.",very high continuous sustain relative to ordinary manifestations of the same rank.,2–10 minutes at baseline competent use; rank/competency can change this substantially.,"[""Yellow"", ""Violet"", ""Blue"", ""Red""]","Structural identity only. Basin colors do not map to Transduction domains, elements, or a power hierarchy.","{""Yellow"": ""continuous"", ""Violet"": ""continuous"", ""Blue"": ""continuous"", ""Red"": ""continuous""}","[""voluntary dismissal"", ""required-basin exhaustion"", ""loss of sufficient structural coherence"", ""unrecoverable leash/control failure""]",Executes simple validated commands and role behaviors autonomously; no human-like cognition or independent personhood.,Rank-dependent Builder variable.,"{""Red"": ""Baseline inefficient manifestation."", ""Orange"": ""Improved sustain/control."", ""Yellow"": ""Improved output/mobility."", ""Green"": ""Reliable combat-grade autonomy."", ""Blue"": ""Reduced cognitive steering and better leash."", ""Violet"": ""Elite persistence/control/output."", ""White"": ""Mature manifestation plus White secondary expression.""}",Last Bastion — redirect remaining reserve into a short-duration maximum-persistence defensive state.,Photonic Colossus Elemental,"[""Summoner"", ""Elemental"", ""Photonic"", ""Colossus"", ""breaker / siege / protection"", ""Huge""]",ALPHA candidate
SE-0150,Photonic Drake,Elemental manifestation,coherent luminous/electromagnetic expression body,Non-sentient; autonomous within validated behavior/command architecture.,"[""Genesis Expression"", ""Resonance"", ""Chirality""]","[""follow summoner"", ""hold position"", ""return/recall"", ""select resolved hostile target"", ""avoid designated allies"", ""high-output assault""]",high-output assault,Huge,aerial / ground,"[""high-intensity flash"", ""focused luminous beam"", ""optical saturation"", ""high-output mechanism-specific assault""]","[""coherent manifestation body; damage degrades structural resolution rather than biological tissue"", ""reinforced chiral persistence"", ""interposition/body-block behavior""]",extreme,"extreme initial formation load; exact fatigue depends on rank, competency, and current basin state.",extreme continuous sustain relative to ordinary manifestations of the same rank.,30 seconds–5 minutes at baseline competent use; rank/competency can change this substantially.,"[""Yellow"", ""Violet"", ""Orange"", ""Green""]","Structural identity only. Basin colors do not map to Transduction domains, elements, or a power hierarchy.","{""Yellow"": ""continuous"", ""Violet"": ""continuous"", ""Orange"": ""continuous"", ""Green"": ""continuous""}","[""voluntary dismissal"", ""required-basin exhaustion"", ""loss of sufficient structural coherence"", ""unrecoverable leash/control failure""]",Executes simple validated commands and role behaviors autonomously; no human-like cognition or independent personhood.,Rank-dependent Builder variable.,"{""Red"": ""Baseline inefficient manifestation."", ""Orange"": ""Improved sustain/control."", ""Yellow"": ""Improved output/mobility."", ""Green"": ""Reliable combat-grade autonomy."", ""Blue"": ""Reduced cognitive steering and better leash."", ""Violet"": ""Elite persistence/control/output."", ""White"": ""Mature manifestation plus White secondary expression.""}",Catastrophic Exhalation — consume a major fraction of remaining reserve in one mechanism-specific high-output assault.,Photonic Drake Elemental,"[""Summoner"", ""Elemental"", ""Photonic"", ""Drake"", ""high-output assault"", ""Huge""]",ALPHA candidate
SE-0151,Acoustic Wisp,Elemental manifestation,structured pressure-wave / resonant-medium body,Non-sentient; autonomous within validated behavior/command architecture.,"[""Genesis Expression"", ""Resonance"", ""Chirality""]","[""follow summoner"", ""hold position"", ""return/recall"", ""select resolved hostile target"", ""avoid designated allies"", ""scout / harrier""]",scout / harrier,Tiny,aerial drift,"[""pressure-wave strike"", ""sonic burst""]","[""coherent manifestation body; damage degrades structural resolution rather than biological tissue"", ""mobility/evasion bias""]",low,"low initial formation load; exact fatigue depends on rank, competency, and current basin state.",low continuous sustain relative to ordinary manifestations of the same rank.,hours at baseline competent use; rank/competency can change this substantially.,"[""Orange"", ""Blue""]","Structural identity only. Basin colors do not map to Transduction domains, elements, or a power hierarchy.","{""Orange"": ""light continuous"", ""Blue"": ""light continuous""}","[""voluntary dismissal"", ""required-basin exhaustion"", ""loss of sufficient structural coherence"", ""unrecoverable leash/control failure""]",Executes simple validated commands and role behaviors autonomously; no human-like cognition or independent personhood.,Rank-dependent Builder variable.,"{""Red"": ""Baseline inefficient manifestation."", ""Orange"": ""Improved sustain/control."", ""Yellow"": ""Improved output/mobility."", ""Green"": ""Reliable combat-grade autonomy."", ""Blue"": ""Reduced cognitive steering and better leash."", ""Violet"": ""Elite persistence/control/output."", ""White"": ""Mature manifestation plus White secondary expression.""}",Independent Survey — continue a validated scouting route with minimal active steering and return compressed observations.,Acoustic Wisp Elemental,"[""Summoner"", ""Elemental"", ""Acoustic"", ""Wisp"", ""scout / harrier"", ""Tiny""]",ALPHA candidate
SE-0152,Acoustic Hound,Elemental manifestation,structured pressure-wave / resonant-medium body,Non-sentient; autonomous within validated behavior/command architecture.,"[""Genesis Expression"", ""Resonance"", ""Chirality""]","[""follow summoner"", ""hold position"", ""return/recall"", ""select resolved hostile target"", ""avoid designated allies"", ""pursuit / interception""]",pursuit / interception,Small,ground sprint / leap,"[""pressure-wave strike"", ""sonic burst"", ""resonant disruption""]","[""coherent manifestation body; damage degrades structural resolution rather than biological tissue""]",moderate,"moderate initial formation load; exact fatigue depends on rank, competency, and current basin state.",moderate continuous sustain relative to ordinary manifestations of the same rank.,1–3 hours at baseline competent use; rank/competency can change this substantially.,"[""Orange"", ""Blue""]","Structural identity only. Basin colors do not map to Transduction domains, elements, or a power hierarchy.","{""Orange"": ""light continuous"", ""Blue"": ""light continuous""}","[""voluntary dismissal"", ""required-basin exhaustion"", ""loss of sufficient structural coherence"", ""unrecoverable leash/control failure""]",Executes simple validated commands and role behaviors autonomously; no human-like cognition or independent personhood.,Rank-dependent Builder variable.,"{""Red"": ""Baseline inefficient manifestation."", ""Orange"": ""Improved sustain/control."", ""Yellow"": ""Improved output/mobility."", ""Green"": ""Reliable combat-grade autonomy."", ""Blue"": ""Reduced cognitive steering and better leash."", ""Violet"": ""Elite persistence/control/output."", ""White"": ""Mature manifestation plus White secondary expression.""}",Relentless Intercept — dynamically reassign interception among resolved threats while preserving guard priority.,Acoustic Hound Elemental,"[""Summoner"", ""Elemental"", ""Acoustic"", ""Hound"", ""pursuit / interception"", ""Small""]",ALPHA candidate
SE-0153,Acoustic Raptor,Elemental manifestation,structured pressure-wave / resonant-medium body,Non-sentient; autonomous within validated behavior/command architecture.,"[""Genesis Expression"", ""Resonance"", ""Chirality""]","[""follow summoner"", ""hold position"", ""return/recall"", ""select resolved hostile target"", ""avoid designated allies"", ""aerial pursuit / strike""]",aerial pursuit / strike,Small,aerial flight,"[""pressure-wave strike"", ""sonic burst"", ""resonant disruption""]","[""coherent manifestation body; damage degrades structural resolution rather than biological tissue"", ""mobility/evasion bias""]",moderate,"moderate initial formation load; exact fatigue depends on rank, competency, and current basin state.",moderate continuous sustain relative to ordinary manifestations of the same rank.,45–120 minutes at baseline competent use; rank/competency can change this substantially.,"[""Orange"", ""Blue""]","Structural identity only. Basin colors do not map to Transduction domains, elements, or a power hierarchy.","{""Orange"": ""light continuous"", ""Blue"": ""light continuous""}","[""voluntary dismissal"", ""required-basin exhaustion"", ""loss of sufficient structural coherence"", ""unrecoverable leash/control failure""]",Executes simple validated commands and role behaviors autonomously; no human-like cognition or independent personhood.,Rank-dependent Builder variable.,"{""Red"": ""Baseline inefficient manifestation."", ""Orange"": ""Improved sustain/control."", ""Yellow"": ""Improved output/mobility."", ""Green"": ""Reliable combat-grade autonomy."", ""Blue"": ""Reduced cognitive steering and better leash."", ""Violet"": ""Elite persistence/control/output."", ""White"": ""Mature manifestation plus White secondary expression.""}",Vector Hunt — autonomous pursuit through complex three-dimensional movement until recall/leash limit.,Acoustic Raptor Elemental,"[""Summoner"", ""Elemental"", ""Acoustic"", ""Raptor"", ""aerial pursuit / strike"", ""Small""]",ALPHA candidate
SE-0154,Acoustic Serpent,Elemental manifestation,structured pressure-wave / resonant-medium body,Non-sentient; autonomous within validated behavior/command architecture.,"[""Genesis Expression"", ""Resonance"", ""Chirality""]","[""follow summoner"", ""hold position"", ""return/recall"", ""select resolved hostile target"", ""avoid designated allies"", ""constriction / lane control""]",constriction / lane control,Medium,ground slither / climbing,"[""pressure-wave strike"", ""sonic burst"", ""resonant disruption""]","[""coherent manifestation body; damage degrades structural resolution rather than biological tissue""]",moderate,"moderate initial formation load; exact fatigue depends on rank, competency, and current basin state.",moderate continuous sustain relative to ordinary manifestations of the same rank.,45–120 minutes at baseline competent use; rank/competency can change this substantially.,"[""Orange"", ""Blue"", ""Green""]","Structural identity only. Basin colors do not map to Transduction domains, elements, or a power hierarchy.","{""Orange"": ""light continuous"", ""Blue"": ""light continuous"", ""Green"": ""light continuous""}","[""voluntary dismissal"", ""required-basin exhaustion"", ""loss of sufficient structural coherence"", ""unrecoverable leash/control failure""]",Executes simple validated commands and role behaviors autonomously; no human-like cognition or independent personhood.,Rank-dependent Builder variable.,"{""Red"": ""Baseline inefficient manifestation."", ""Orange"": ""Improved sustain/control."", ""Yellow"": ""Improved output/mobility."", ""Green"": ""Reliable combat-grade autonomy."", ""Blue"": ""Reduced cognitive steering and better leash."", ""Violet"": ""Elite persistence/control/output."", ""White"": ""Mature manifestation plus White secondary expression.""}",Boundary Coil — establish a temporary movement-denial loop around a resolved locus.,Acoustic Serpent Elemental,"[""Summoner"", ""Elemental"", ""Acoustic"", ""Serpent"", ""constriction / lane control"", ""Medium""]",ALPHA candidate
SE-0155,Acoustic Sentinel,Elemental manifestation,structured pressure-wave / resonant-medium body,Non-sentient; autonomous within validated behavior/command architecture.,"[""Genesis Expression"", ""Resonance"", ""Chirality""]","[""follow summoner"", ""hold position"", ""return/recall"", ""select resolved hostile target"", ""avoid designated allies"", ""guard / intercept""]",guard / intercept,Medium,slow ground / stationary,"[""pressure-wave strike"", ""sonic burst"", ""resonant disruption""]","[""coherent manifestation body; damage degrades structural resolution rather than biological tissue"", ""reinforced chiral persistence"", ""interposition/body-block behavior""]",low-to-moderate,"low-to-moderate initial formation load; exact fatigue depends on rank, competency, and current basin state.",low-to-moderate continuous sustain relative to ordinary manifestations of the same rank.,2–6 hours at baseline competent use; rank/competency can change this substantially.,"[""Orange"", ""Blue"", ""Red""]","Structural identity only. Basin colors do not map to Transduction domains, elements, or a power hierarchy.","{""Orange"": ""continuous"", ""Blue"": ""continuous"", ""Red"": ""continuous""}","[""voluntary dismissal"", ""required-basin exhaustion"", ""loss of sufficient structural coherence"", ""unrecoverable leash/control failure""]",Executes simple validated commands and role behaviors autonomously; no human-like cognition or independent personhood.,Rank-dependent Builder variable.,"{""Red"": ""Baseline inefficient manifestation."", ""Orange"": ""Improved sustain/control."", ""Yellow"": ""Improved output/mobility."", ""Green"": ""Reliable combat-grade autonomy."", ""Blue"": ""Reduced cognitive steering and better leash."", ""Violet"": ""Elite persistence/control/output."", ""White"": ""Mature manifestation plus White secondary expression.""}",Autonomous Watch — maintain a validated guard protocol with sharply reduced cognitive steering.,Acoustic Sentinel Elemental,"[""Summoner"", ""Elemental"", ""Acoustic"", ""Sentinel"", ""guard / intercept"", ""Medium""]",ALPHA candidate
SE-0156,Acoustic Manta,Elemental manifestation,structured pressure-wave / resonant-medium body,Non-sentient; autonomous within validated behavior/command architecture.,"[""Genesis Expression"", ""Resonance"", ""Chirality""]","[""follow summoner"", ""hold position"", ""return/recall"", ""select resolved hostile target"", ""avoid designated allies"", ""screening / area control""]",screening / area control,Medium,aerial glide,"[""pressure-wave strike"", ""sonic burst"", ""resonant disruption""]","[""coherent manifestation body; damage degrades structural resolution rather than biological tissue"", ""mobility/evasion bias""]",moderate,"moderate initial formation load; exact fatigue depends on rank, competency, and current basin state.",moderate continuous sustain relative to ordinary manifestations of the same rank.,30–90 minutes at baseline competent use; rank/competency can change this substantially.,"[""Orange"", ""Blue"", ""Green""]","Structural identity only. Basin colors do not map to Transduction domains, elements, or a power hierarchy.","{""Orange"": ""continuous"", ""Blue"": ""continuous"", ""Green"": ""continuous""}","[""voluntary dismissal"", ""required-basin exhaustion"", ""loss of sufficient structural coherence"", ""unrecoverable leash/control failure""]",Executes simple validated commands and role behaviors autonomously; no human-like cognition or independent personhood.,Rank-dependent Builder variable.,"{""Red"": ""Baseline inefficient manifestation."", ""Orange"": ""Improved sustain/control."", ""Yellow"": ""Improved output/mobility."", ""Green"": ""Reliable combat-grade autonomy."", ""Blue"": ""Reduced cognitive steering and better leash."", ""Violet"": ""Elite persistence/control/output."", ""White"": ""Mature manifestation plus White secondary expression.""}",Protective Orbit — autonomously maintain a moving screening envelope around a designated ally/group.,Acoustic Manta Elemental,"[""Summoner"", ""Elemental"", ""Acoustic"", ""Manta"", ""screening / area control"", ""Medium""]",ALPHA candidate
SE-0157,Acoustic Swarm,Elemental manifestation,structured pressure-wave / resonant-medium body,Non-sentient; autonomous within validated behavior/command architecture.,"[""Genesis Expression"", ""Resonance"", ""Chirality""]","[""follow summoner"", ""hold position"", ""return/recall"", ""select resolved hostile target"", ""avoid designated allies"", ""harassment / saturation""]",harassment / saturation,Variable,distributed flight/ground motion,"[""pressure-wave strike"", ""sonic burst"", ""resonant disruption""]","[""coherent manifestation body; damage degrades structural resolution rather than biological tissue"", ""mobility/evasion bias""]",high,"high initial formation load; exact fatigue depends on rank, competency, and current basin state.",high continuous sustain relative to ordinary manifestations of the same rank.,15–45 minutes at baseline competent use; rank/competency can change this substantially.,"[""Orange"", ""Blue"", ""Red""]","Structural identity only. Basin colors do not map to Transduction domains, elements, or a power hierarchy.","{""Orange"": ""continuous"", ""Blue"": ""continuous"", ""Red"": ""continuous""}","[""voluntary dismissal"", ""required-basin exhaustion"", ""loss of sufficient structural coherence"", ""unrecoverable leash/control failure""]",Executes simple validated commands and role behaviors autonomously; no human-like cognition or independent personhood.,Rank-dependent Builder variable.,"{""Red"": ""Baseline inefficient manifestation."", ""Orange"": ""Improved sustain/control."", ""Yellow"": ""Improved output/mobility."", ""Green"": ""Reliable combat-grade autonomy."", ""Blue"": ""Reduced cognitive steering and better leash."", ""Violet"": ""Elite persistence/control/output."", ""White"": ""Mature manifestation plus White secondary expression.""}",Distributed Coordination — split/recombine subunits according to a validated target-priority rule.,Acoustic Swarm Elemental,"[""Summoner"", ""Elemental"", ""Acoustic"", ""Swarm"", ""harassment / saturation"", ""Variable""]",ALPHA candidate
SE-0158,Acoustic Stag,Elemental manifestation,structured pressure-wave / resonant-medium body,Non-sentient; autonomous within validated behavior/command architecture.,"[""Genesis Expression"", ""Resonance"", ""Chirality""]","[""follow summoner"", ""hold position"", ""return/recall"", ""select resolved hostile target"", ""avoid designated allies"", ""carrier / charge / extraction""]",carrier / charge / extraction,Large,ground sprint,"[""pressure-wave strike"", ""sonic burst"", ""resonant disruption""]","[""coherent manifestation body; damage degrades structural resolution rather than biological tissue"", ""reinforced chiral persistence"", ""interposition/body-block behavior""]",high,"high initial formation load; exact fatigue depends on rank, competency, and current basin state.",high continuous sustain relative to ordinary manifestations of the same rank.,20–60 minutes at baseline competent use; rank/competency can change this substantially.,"[""Orange"", ""Blue"", ""Green""]","Structural identity only. Basin colors do not map to Transduction domains, elements, or a power hierarchy.","{""Orange"": ""continuous"", ""Blue"": ""continuous"", ""Green"": ""continuous""}","[""voluntary dismissal"", ""required-basin exhaustion"", ""loss of sufficient structural coherence"", ""unrecoverable leash/control failure""]",Executes simple validated commands and role behaviors autonomously; no human-like cognition or independent personhood.,Rank-dependent Builder variable.,"{""Red"": ""Baseline inefficient manifestation."", ""Orange"": ""Improved sustain/control."", ""Yellow"": ""Improved output/mobility."", ""Green"": ""Reliable combat-grade autonomy."", ""Blue"": ""Reduced cognitive steering and better leash."", ""Violet"": ""Elite persistence/control/output."", ""White"": ""Mature manifestation plus White secondary expression.""}",Extraction Run — autonomously navigate a validated retreat corridor while carrying an ally/load.,Acoustic Stag Elemental,"[""Summoner"", ""Elemental"", ""Acoustic"", ""Stag"", ""carrier / charge / extraction"", ""Large""]",ALPHA candidate
SE-0159,Acoustic Colossus,Elemental manifestation,structured pressure-wave / resonant-medium body,Non-sentient; autonomous within validated behavior/command architecture.,"[""Genesis Expression"", ""Resonance"", ""Chirality""]","[""follow summoner"", ""hold position"", ""return/recall"", ""select resolved hostile target"", ""avoid designated allies"", ""breaker / siege / protection""]",breaker / siege / protection,Huge,slow ground,"[""pressure-wave strike"", ""sonic burst"", ""resonant disruption"", ""high-output mechanism-specific assault""]","[""coherent manifestation body; damage degrades structural resolution rather than biological tissue"", ""reinforced chiral persistence"", ""interposition/body-block behavior""]",very high,"very high initial formation load; exact fatigue depends on rank, competency, and current basin state.",very high continuous sustain relative to ordinary manifestations of the same rank.,2–10 minutes at baseline competent use; rank/competency can change this substantially.,"[""Orange"", ""Blue"", ""Red"", ""Green""]","Structural identity only. Basin colors do not map to Transduction domains, elements, or a power hierarchy.","{""Orange"": ""continuous"", ""Blue"": ""continuous"", ""Red"": ""continuous"", ""Green"": ""continuous""}","[""voluntary dismissal"", ""required-basin exhaustion"", ""loss of sufficient structural coherence"", ""unrecoverable leash/control failure""]",Executes simple validated commands and role behaviors autonomously; no human-like cognition or independent personhood.,Rank-dependent Builder variable.,"{""Red"": ""Baseline inefficient manifestation."", ""Orange"": ""Improved sustain/control."", ""Yellow"": ""Improved output/mobility."", ""Green"": ""Reliable combat-grade autonomy."", ""Blue"": ""Reduced cognitive steering and better leash."", ""Violet"": ""Elite persistence/control/output."", ""White"": ""Mature manifestation plus White secondary expression.""}",Last Bastion — redirect remaining reserve into a short-duration maximum-persistence defensive state.,Acoustic Colossus Elemental,"[""Summoner"", ""Elemental"", ""Acoustic"", ""Colossus"", ""breaker / siege / protection"", ""Huge""]",ALPHA candidate
SE-0160,Acoustic Drake,Elemental manifestation,structured pressure-wave / resonant-medium body,Non-sentient; autonomous within validated behavior/command architecture.,"[""Genesis Expression"", ""Resonance"", ""Chirality""]","[""follow summoner"", ""hold position"", ""return/recall"", ""select resolved hostile target"", ""avoid designated allies"", ""high-output assault""]",high-output assault,Huge,aerial / ground,"[""pressure-wave strike"", ""sonic burst"", ""resonant disruption"", ""high-output mechanism-specific assault""]","[""coherent manifestation body; damage degrades structural resolution rather than biological tissue"", ""reinforced chiral persistence"", ""interposition/body-block behavior""]",extreme,"extreme initial formation load; exact fatigue depends on rank, competency, and current basin state.",extreme continuous sustain relative to ordinary manifestations of the same rank.,30 seconds–5 minutes at baseline competent use; rank/competency can change this substantially.,"[""Orange"", ""Blue"", ""Green"", ""Red""]","Structural identity only. Basin colors do not map to Transduction domains, elements, or a power hierarchy.","{""Orange"": ""continuous"", ""Blue"": ""continuous"", ""Green"": ""continuous"", ""Red"": ""continuous""}","[""voluntary dismissal"", ""required-basin exhaustion"", ""loss of sufficient structural coherence"", ""unrecoverable leash/control failure""]",Executes simple validated commands and role behaviors autonomously; no human-like cognition or independent personhood.,Rank-dependent Builder variable.,"{""Red"": ""Baseline inefficient manifestation."", ""Orange"": ""Improved sustain/control."", ""Yellow"": ""Improved output/mobility."", ""Green"": ""Reliable combat-grade autonomy."", ""Blue"": ""Reduced cognitive steering and better leash."", ""Violet"": ""Elite persistence/control/output."", ""White"": ""Mature manifestation plus White secondary expression.""}",Catastrophic Exhalation — consume a major fraction of remaining reserve in one mechanism-specific high-output assault.,Acoustic Drake Elemental,"[""Summoner"", ""Elemental"", ""Acoustic"", ""Drake"", ""high-output assault"", ""Huge""]",ALPHA candidate
SE-0161,Smoke Wisp,Elemental manifestation,aerosol/particulate gas-suspended body,Non-sentient; autonomous within validated behavior/command architecture.,"[""Genesis Expression"", ""Resonance"", ""Chirality""]","[""follow summoner"", ""hold position"", ""return/recall"", ""select resolved hostile target"", ""avoid designated allies"", ""scout / harrier""]",scout / harrier,Tiny,aerial drift,"[""visibility denial"", ""particulate screen""]","[""coherent manifestation body; damage degrades structural resolution rather than biological tissue"", ""mobility/evasion bias"", ""dispersal and re-resolution within sustain limits""]",low,"low initial formation load; exact fatigue depends on rank, competency, and current basin state.",low continuous sustain relative to ordinary manifestations of the same rank.,hours at baseline competent use; rank/competency can change this substantially.,"[""Orange"", ""Blue""]","Structural identity only. Basin colors do not map to Transduction domains, elements, or a power hierarchy.","{""Orange"": ""light continuous"", ""Blue"": ""light continuous""}","[""voluntary dismissal"", ""required-basin exhaustion"", ""loss of sufficient structural coherence"", ""unrecoverable leash/control failure""]",Executes simple validated commands and role behaviors autonomously; no human-like cognition or independent personhood.,Rank-dependent Builder variable.,"{""Red"": ""Baseline inefficient manifestation."", ""Orange"": ""Improved sustain/control."", ""Yellow"": ""Improved output/mobility."", ""Green"": ""Reliable combat-grade autonomy."", ""Blue"": ""Reduced cognitive steering and better leash."", ""Violet"": ""Elite persistence/control/output."", ""White"": ""Mature manifestation plus White secondary expression.""}",Independent Survey — continue a validated scouting route with minimal active steering and return compressed observations.,Smoke Wisp Elemental,"[""Summoner"", ""Elemental"", ""Smoke"", ""Wisp"", ""scout / harrier"", ""Tiny""]",ALPHA candidate
SE-0162,Smoke Hound,Elemental manifestation,aerosol/particulate gas-suspended body,Non-sentient; autonomous within validated behavior/command architecture.,"[""Genesis Expression"", ""Resonance"", ""Chirality""]","[""follow summoner"", ""hold position"", ""return/recall"", ""select resolved hostile target"", ""avoid designated allies"", ""pursuit / interception""]",pursuit / interception,Small,ground sprint / leap,"[""visibility denial"", ""particulate screen"", ""pressure-assisted envelop""]","[""coherent manifestation body; damage degrades structural resolution rather than biological tissue"", ""dispersal and re-resolution within sustain limits""]",moderate,"moderate initial formation load; exact fatigue depends on rank, competency, and current basin state.",moderate continuous sustain relative to ordinary manifestations of the same rank.,1–3 hours at baseline competent use; rank/competency can change this substantially.,"[""Orange"", ""Blue""]","Structural identity only. Basin colors do not map to Transduction domains, elements, or a power hierarchy.","{""Orange"": ""light continuous"", ""Blue"": ""light continuous""}","[""voluntary dismissal"", ""required-basin exhaustion"", ""loss of sufficient structural coherence"", ""unrecoverable leash/control failure""]",Executes simple validated commands and role behaviors autonomously; no human-like cognition or independent personhood.,Rank-dependent Builder variable.,"{""Red"": ""Baseline inefficient manifestation."", ""Orange"": ""Improved sustain/control."", ""Yellow"": ""Improved output/mobility."", ""Green"": ""Reliable combat-grade autonomy."", ""Blue"": ""Reduced cognitive steering and better leash."", ""Violet"": ""Elite persistence/control/output."", ""White"": ""Mature manifestation plus White secondary expression.""}",Relentless Intercept — dynamically reassign interception among resolved threats while preserving guard priority.,Smoke Hound Elemental,"[""Summoner"", ""Elemental"", ""Smoke"", ""Hound"", ""pursuit / interception"", ""Small""]",ALPHA candidate
SE-0163,Smoke Raptor,Elemental manifestation,aerosol/particulate gas-suspended body,Non-sentient; autonomous within validated behavior/command architecture.,"[""Genesis Expression"", ""Resonance"", ""Chirality""]","[""follow summoner"", ""hold position"", ""return/recall"", ""select resolved hostile target"", ""avoid designated allies"", ""aerial pursuit / strike""]",aerial pursuit / strike,Small,aerial flight,"[""visibility denial"", ""particulate screen"", ""pressure-assisted envelop""]","[""coherent manifestation body; damage degrades structural resolution rather than biological tissue"", ""mobility/evasion bias"", ""dispersal and re-resolution within sustain limits""]",moderate,"moderate initial formation load; exact fatigue depends on rank, competency, and current basin state.",moderate continuous sustain relative to ordinary manifestations of the same rank.,45–120 minutes at baseline competent use; rank/competency can change this substantially.,"[""Orange"", ""Blue""]","Structural identity only. Basin colors do not map to Transduction domains, elements, or a power hierarchy.","{""Orange"": ""light continuous"", ""Blue"": ""light continuous""}","[""voluntary dismissal"", ""required-basin exhaustion"", ""loss of sufficient structural coherence"", ""unrecoverable leash/control failure""]",Executes simple validated commands and role behaviors autonomously; no human-like cognition or independent personhood.,Rank-dependent Builder variable.,"{""Red"": ""Baseline inefficient manifestation."", ""Orange"": ""Improved sustain/control."", ""Yellow"": ""Improved output/mobility."", ""Green"": ""Reliable combat-grade autonomy."", ""Blue"": ""Reduced cognitive steering and better leash."", ""Violet"": ""Elite persistence/control/output."", ""White"": ""Mature manifestation plus White secondary expression.""}",Vector Hunt — autonomous pursuit through complex three-dimensional movement until recall/leash limit.,Smoke Raptor Elemental,"[""Summoner"", ""Elemental"", ""Smoke"", ""Raptor"", ""aerial pursuit / strike"", ""Small""]",ALPHA candidate
SE-0164,Smoke Serpent,Elemental manifestation,aerosol/particulate gas-suspended body,Non-sentient; autonomous within validated behavior/command architecture.,"[""Genesis Expression"", ""Resonance"", ""Chirality""]","[""follow summoner"", ""hold position"", ""return/recall"", ""select resolved hostile target"", ""avoid designated allies"", ""constriction / lane control""]",constriction / lane control,Medium,ground slither / climbing,"[""visibility denial"", ""particulate screen"", ""pressure-assisted envelop""]","[""coherent manifestation body; damage degrades structural resolution rather than biological tissue"", ""dispersal and re-resolution within sustain limits""]",moderate,"moderate initial formation load; exact fatigue depends on rank, competency, and current basin state.",moderate continuous sustain relative to ordinary manifestations of the same rank.,45–120 minutes at baseline competent use; rank/competency can change this substantially.,"[""Orange"", ""Blue"", ""Violet""]","Structural identity only. Basin colors do not map to Transduction domains, elements, or a power hierarchy.","{""Orange"": ""light continuous"", ""Blue"": ""light continuous"", ""Violet"": ""light continuous""}","[""voluntary dismissal"", ""required-basin exhaustion"", ""loss of sufficient structural coherence"", ""unrecoverable leash/control failure""]",Executes simple validated commands and role behaviors autonomously; no human-like cognition or independent personhood.,Rank-dependent Builder variable.,"{""Red"": ""Baseline inefficient manifestation."", ""Orange"": ""Improved sustain/control."", ""Yellow"": ""Improved output/mobility."", ""Green"": ""Reliable combat-grade autonomy."", ""Blue"": ""Reduced cognitive steering and better leash."", ""Violet"": ""Elite persistence/control/output."", ""White"": ""Mature manifestation plus White secondary expression.""}",Boundary Coil — establish a temporary movement-denial loop around a resolved locus.,Smoke Serpent Elemental,"[""Summoner"", ""Elemental"", ""Smoke"", ""Serpent"", ""constriction / lane control"", ""Medium""]",ALPHA candidate
SE-0165,Smoke Sentinel,Elemental manifestation,aerosol/particulate gas-suspended body,Non-sentient; autonomous within validated behavior/command architecture.,"[""Genesis Expression"", ""Resonance"", ""Chirality""]","[""follow summoner"", ""hold position"", ""return/recall"", ""select resolved hostile target"", ""avoid designated allies"", ""guard / intercept""]",guard / intercept,Medium,slow ground / stationary,"[""visibility denial"", ""particulate screen"", ""pressure-assisted envelop""]","[""coherent manifestation body; damage degrades structural resolution rather than biological tissue"", ""reinforced chiral persistence"", ""interposition/body-block behavior"", ""dispersal and re-resolution within sustain limits""]",low-to-moderate,"low-to-moderate initial formation load; exact fatigue depends on rank, competency, and current basin state.",low-to-moderate continuous sustain relative to ordinary manifestations of the same rank.,2–6 hours at baseline competent use; rank/competency can change this substantially.,"[""Orange"", ""Blue"", ""Green""]","Structural identity only. Basin colors do not map to Transduction domains, elements, or a power hierarchy.","{""Orange"": ""continuous"", ""Blue"": ""continuous"", ""Green"": ""continuous""}","[""voluntary dismissal"", ""required-basin exhaustion"", ""loss of sufficient structural coherence"", ""unrecoverable leash/control failure""]",Executes simple validated commands and role behaviors autonomously; no human-like cognition or independent personhood.,Rank-dependent Builder variable.,"{""Red"": ""Baseline inefficient manifestation."", ""Orange"": ""Improved sustain/control."", ""Yellow"": ""Improved output/mobility."", ""Green"": ""Reliable combat-grade autonomy."", ""Blue"": ""Reduced cognitive steering and better leash."", ""Violet"": ""Elite persistence/control/output."", ""White"": ""Mature manifestation plus White secondary expression.""}",Autonomous Watch — maintain a validated guard protocol with sharply reduced cognitive steering.,Smoke Sentinel Elemental,"[""Summoner"", ""Elemental"", ""Smoke"", ""Sentinel"", ""guard / intercept"", ""Medium""]",ALPHA candidate
SE-0166,Smoke Manta,Elemental manifestation,aerosol/particulate gas-suspended body,Non-sentient; autonomous within validated behavior/command architecture.,"[""Genesis Expression"", ""Resonance"", ""Chirality""]","[""follow summoner"", ""hold position"", ""return/recall"", ""select resolved hostile target"", ""avoid designated allies"", ""screening / area control""]",screening / area control,Medium,aerial glide,"[""visibility denial"", ""particulate screen"", ""pressure-assisted envelop""]","[""coherent manifestation body; damage degrades structural resolution rather than biological tissue"", ""mobility/evasion bias"", ""dispersal and re-resolution within sustain limits""]",moderate,"moderate initial formation load; exact fatigue depends on rank, competency, and current basin state.",moderate continuous sustain relative to ordinary manifestations of the same rank.,30–90 minutes at baseline competent use; rank/competency can change this substantially.,"[""Orange"", ""Blue"", ""Violet""]","Structural identity only. Basin colors do not map to Transduction domains, elements, or a power hierarchy.","{""Orange"": ""continuous"", ""Blue"": ""continuous"", ""Violet"": ""continuous""}","[""voluntary dismissal"", ""required-basin exhaustion"", ""loss of sufficient structural coherence"", ""unrecoverable leash/control failure""]",Executes simple validated commands and role behaviors autonomously; no human-like cognition or independent personhood.,Rank-dependent Builder variable.,"{""Red"": ""Baseline inefficient manifestation."", ""Orange"": ""Improved sustain/control."", ""Yellow"": ""Improved output/mobility."", ""Green"": ""Reliable combat-grade autonomy."", ""Blue"": ""Reduced cognitive steering and better leash."", ""Violet"": ""Elite persistence/control/output."", ""White"": ""Mature manifestation plus White secondary expression.""}",Protective Orbit — autonomously maintain a moving screening envelope around a designated ally/group.,Smoke Manta Elemental,"[""Summoner"", ""Elemental"", ""Smoke"", ""Manta"", ""screening / area control"", ""Medium""]",ALPHA candidate
SE-0167,Smoke Swarm,Elemental manifestation,aerosol/particulate gas-suspended body,Non-sentient; autonomous within validated behavior/command architecture.,"[""Genesis Expression"", ""Resonance"", ""Chirality""]","[""follow summoner"", ""hold position"", ""return/recall"", ""select resolved hostile target"", ""avoid designated allies"", ""harassment / saturation""]",harassment / saturation,Variable,distributed flight/ground motion,"[""visibility denial"", ""particulate screen"", ""pressure-assisted envelop""]","[""coherent manifestation body; damage degrades structural resolution rather than biological tissue"", ""mobility/evasion bias"", ""dispersal and re-resolution within sustain limits""]",high,"high initial formation load; exact fatigue depends on rank, competency, and current basin state.",high continuous sustain relative to ordinary manifestations of the same rank.,15–45 minutes at baseline competent use; rank/competency can change this substantially.,"[""Orange"", ""Blue"", ""Yellow""]","Structural identity only. Basin colors do not map to Transduction domains, elements, or a power hierarchy.","{""Orange"": ""continuous"", ""Blue"": ""continuous"", ""Yellow"": ""continuous""}","[""voluntary dismissal"", ""required-basin exhaustion"", ""loss of sufficient structural coherence"", ""unrecoverable leash/control failure""]",Executes simple validated commands and role behaviors autonomously; no human-like cognition or independent personhood.,Rank-dependent Builder variable.,"{""Red"": ""Baseline inefficient manifestation."", ""Orange"": ""Improved sustain/control."", ""Yellow"": ""Improved output/mobility."", ""Green"": ""Reliable combat-grade autonomy."", ""Blue"": ""Reduced cognitive steering and better leash."", ""Violet"": ""Elite persistence/control/output."", ""White"": ""Mature manifestation plus White secondary expression.""}",Distributed Coordination — split/recombine subunits according to a validated target-priority rule.,Smoke Swarm Elemental,"[""Summoner"", ""Elemental"", ""Smoke"", ""Swarm"", ""harassment / saturation"", ""Variable""]",ALPHA candidate
SE-0168,Smoke Stag,Elemental manifestation,aerosol/particulate gas-suspended body,Non-sentient; autonomous within validated behavior/command architecture.,"[""Genesis Expression"", ""Resonance"", ""Chirality""]","[""follow summoner"", ""hold position"", ""return/recall"", ""select resolved hostile target"", ""avoid designated allies"", ""carrier / charge / extraction""]",carrier / charge / extraction,Large,ground sprint,"[""visibility denial"", ""particulate screen"", ""pressure-assisted envelop""]","[""coherent manifestation body; damage degrades structural resolution rather than biological tissue"", ""reinforced chiral persistence"", ""interposition/body-block behavior"", ""dispersal and re-resolution within sustain limits""]",high,"high initial formation load; exact fatigue depends on rank, competency, and current basin state.",high continuous sustain relative to ordinary manifestations of the same rank.,20–60 minutes at baseline competent use; rank/competency can change this substantially.,"[""Orange"", ""Blue"", ""Violet""]","Structural identity only. Basin colors do not map to Transduction domains, elements, or a power hierarchy.","{""Orange"": ""continuous"", ""Blue"": ""continuous"", ""Violet"": ""continuous""}","[""voluntary dismissal"", ""required-basin exhaustion"", ""loss of sufficient structural coherence"", ""unrecoverable leash/control failure""]",Executes simple validated commands and role behaviors autonomously; no human-like cognition or independent personhood.,Rank-dependent Builder variable.,"{""Red"": ""Baseline inefficient manifestation."", ""Orange"": ""Improved sustain/control."", ""Yellow"": ""Improved output/mobility."", ""Green"": ""Reliable combat-grade autonomy."", ""Blue"": ""Reduced cognitive steering and better leash."", ""Violet"": ""Elite persistence/control/output."", ""White"": ""Mature manifestation plus White secondary expression.""}",Extraction Run — autonomously navigate a validated retreat corridor while carrying an ally/load.,Smoke Stag Elemental,"[""Summoner"", ""Elemental"", ""Smoke"", ""Stag"", ""carrier / charge / extraction"", ""Large""]",ALPHA candidate
SE-0169,Smoke Colossus,Elemental manifestation,aerosol/particulate gas-suspended body,Non-sentient; autonomous within validated behavior/command architecture.,"[""Genesis Expression"", ""Resonance"", ""Chirality""]","[""follow summoner"", ""hold position"", ""return/recall"", ""select resolved hostile target"", ""avoid designated allies"", ""breaker / siege / protection""]",breaker / siege / protection,Huge,slow ground,"[""visibility denial"", ""particulate screen"", ""pressure-assisted envelop"", ""high-output mechanism-specific assault""]","[""coherent manifestation body; damage degrades structural resolution rather than biological tissue"", ""reinforced chiral persistence"", ""interposition/body-block behavior"", ""dispersal and re-resolution within sustain limits""]",very high,"very high initial formation load; exact fatigue depends on rank, competency, and current basin state.",very high continuous sustain relative to ordinary manifestations of the same rank.,2–10 minutes at baseline competent use; rank/competency can change this substantially.,"[""Orange"", ""Blue"", ""Yellow"", ""Red""]","Structural identity only. Basin colors do not map to Transduction domains, elements, or a power hierarchy.","{""Orange"": ""continuous"", ""Blue"": ""continuous"", ""Yellow"": ""continuous"", ""Red"": ""continuous""}","[""voluntary dismissal"", ""required-basin exhaustion"", ""loss of sufficient structural coherence"", ""unrecoverable leash/control failure""]",Executes simple validated commands and role behaviors autonomously; no human-like cognition or independent personhood.,Rank-dependent Builder variable.,"{""Red"": ""Baseline inefficient manifestation."", ""Orange"": ""Improved sustain/control."", ""Yellow"": ""Improved output/mobility."", ""Green"": ""Reliable combat-grade autonomy."", ""Blue"": ""Reduced cognitive steering and better leash."", ""Violet"": ""Elite persistence/control/output."", ""White"": ""Mature manifestation plus White secondary expression.""}",Last Bastion — redirect remaining reserve into a short-duration maximum-persistence defensive state.,Smoke Colossus Elemental,"[""Summoner"", ""Elemental"", ""Smoke"", ""Colossus"", ""breaker / siege / protection"", ""Huge""]",ALPHA candidate
SE-0170,Smoke Drake,Elemental manifestation,aerosol/particulate gas-suspended body,Non-sentient; autonomous within validated behavior/command architecture.,"[""Genesis Expression"", ""Resonance"", ""Chirality""]","[""follow summoner"", ""hold position"", ""return/recall"", ""select resolved hostile target"", ""avoid designated allies"", ""high-output assault""]",high-output assault,Huge,aerial / ground,"[""visibility denial"", ""particulate screen"", ""pressure-assisted envelop"", ""high-output mechanism-specific assault""]","[""coherent manifestation body; damage degrades structural resolution rather than biological tissue"", ""reinforced chiral persistence"", ""interposition/body-block behavior"", ""dispersal and re-resolution within sustain limits""]",extreme,"extreme initial formation load; exact fatigue depends on rank, competency, and current basin state.",extreme continuous sustain relative to ordinary manifestations of the same rank.,30 seconds–5 minutes at baseline competent use; rank/competency can change this substantially.,"[""Orange"", ""Blue"", ""Violet"", ""Yellow""]","Structural identity only. Basin colors do not map to Transduction domains, elements, or a power hierarchy.","{""Orange"": ""continuous"", ""Blue"": ""continuous"", ""Violet"": ""continuous"", ""Yellow"": ""continuous""}","[""voluntary dismissal"", ""required-basin exhaustion"", ""loss of sufficient structural coherence"", ""unrecoverable leash/control failure""]",Executes simple validated commands and role behaviors autonomously; no human-like cognition or independent personhood.,Rank-dependent Builder variable.,"{""Red"": ""Baseline inefficient manifestation."", ""Orange"": ""Improved sustain/control."", ""Yellow"": ""Improved output/mobility."", ""Green"": ""Reliable combat-grade autonomy."", ""Blue"": ""Reduced cognitive steering and better leash."", ""Violet"": ""Elite persistence/control/output."", ""White"": ""Mature manifestation plus White secondary expression.""}",Catastrophic Exhalation — consume a major fraction of remaining reserve in one mechanism-specific high-output assault.,Smoke Drake Elemental,"[""Summoner"", ""Elemental"", ""Smoke"", ""Drake"", ""high-output assault"", ""Huge""]",ALPHA candidate
SE-0171,Ash Wisp,Elemental manifestation,combustion-residue particulate body,Non-sentient; autonomous within validated behavior/command architecture.,"[""Genesis Expression"", ""Resonance"", ""Chirality""]","[""follow summoner"", ""hold position"", ""return/recall"", ""select resolved hostile target"", ""avoid designated allies"", ""scout / harrier""]",scout / harrier,Tiny,aerial drift,"[""abrasive particulate burst"", ""visibility screen""]","[""coherent manifestation body; damage degrades structural resolution rather than biological tissue"", ""mobility/evasion bias"", ""dispersal and re-resolution within sustain limits""]",low,"low initial formation load; exact fatigue depends on rank, competency, and current basin state.",low continuous sustain relative to ordinary manifestations of the same rank.,hours at baseline competent use; rank/competency can change this substantially.,"[""Orange"", ""Green""]","Structural identity only. Basin colors do not map to Transduction domains, elements, or a power hierarchy.","{""Orange"": ""light continuous"", ""Green"": ""light continuous""}","[""voluntary dismissal"", ""required-basin exhaustion"", ""loss of sufficient structural coherence"", ""unrecoverable leash/control failure""]",Executes simple validated commands and role behaviors autonomously; no human-like cognition or independent personhood.,Rank-dependent Builder variable.,"{""Red"": ""Baseline inefficient manifestation."", ""Orange"": ""Improved sustain/control."", ""Yellow"": ""Improved output/mobility."", ""Green"": ""Reliable combat-grade autonomy."", ""Blue"": ""Reduced cognitive steering and better leash."", ""Violet"": ""Elite persistence/control/output."", ""White"": ""Mature manifestation plus White secondary expression.""}",Independent Survey — continue a validated scouting route with minimal active steering and return compressed observations.,Ash Wisp Elemental,"[""Summoner"", ""Elemental"", ""Ash"", ""Wisp"", ""scout / harrier"", ""Tiny""]",ALPHA candidate
SE-0172,Ash Hound,Elemental manifestation,combustion-residue particulate body,Non-sentient; autonomous within validated behavior/command architecture.,"[""Genesis Expression"", ""Resonance"", ""Chirality""]","[""follow summoner"", ""hold position"", ""return/recall"", ""select resolved hostile target"", ""avoid designated allies"", ""pursuit / interception""]",pursuit / interception,Small,ground sprint / leap,"[""abrasive particulate burst"", ""visibility screen"", ""ash surge""]","[""coherent manifestation body; damage degrades structural resolution rather than biological tissue"", ""dispersal and re-resolution within sustain limits""]",moderate,"moderate initial formation load; exact fatigue depends on rank, competency, and current basin state.",moderate continuous sustain relative to ordinary manifestations of the same rank.,1–3 hours at baseline competent use; rank/competency can change this substantially.,"[""Orange"", ""Green""]","Structural identity only. Basin colors do not map to Transduction domains, elements, or a power hierarchy.","{""Orange"": ""light continuous"", ""Green"": ""light continuous""}","[""voluntary dismissal"", ""required-basin exhaustion"", ""loss of sufficient structural coherence"", ""unrecoverable leash/control failure""]",Executes simple validated commands and role behaviors autonomously; no human-like cognition or independent personhood.,Rank-dependent Builder variable.,"{""Red"": ""Baseline inefficient manifestation."", ""Orange"": ""Improved sustain/control."", ""Yellow"": ""Improved output/mobility."", ""Green"": ""Reliable combat-grade autonomy."", ""Blue"": ""Reduced cognitive steering and better leash."", ""Violet"": ""Elite persistence/control/output."", ""White"": ""Mature manifestation plus White secondary expression.""}",Relentless Intercept — dynamically reassign interception among resolved threats while preserving guard priority.,Ash Hound Elemental,"[""Summoner"", ""Elemental"", ""Ash"", ""Hound"", ""pursuit / interception"", ""Small""]",ALPHA candidate
SE-0173,Ash Raptor,Elemental manifestation,combustion-residue particulate body,Non-sentient; autonomous within validated behavior/command architecture.,"[""Genesis Expression"", ""Resonance"", ""Chirality""]","[""follow summoner"", ""hold position"", ""return/recall"", ""select resolved hostile target"", ""avoid designated allies"", ""aerial pursuit / strike""]",aerial pursuit / strike,Small,aerial flight,"[""abrasive particulate burst"", ""visibility screen"", ""ash surge""]","[""coherent manifestation body; damage degrades structural resolution rather than biological tissue"", ""mobility/evasion bias"", ""dispersal and re-resolution within sustain limits""]",moderate,"moderate initial formation load; exact fatigue depends on rank, competency, and current basin state.",moderate continuous sustain relative to ordinary manifestations of the same rank.,45–120 minutes at baseline competent use; rank/competency can change this substantially.,"[""Orange"", ""Green""]","Structural identity only. Basin colors do not map to Transduction domains, elements, or a power hierarchy.","{""Orange"": ""light continuous"", ""Green"": ""light continuous""}","[""voluntary dismissal"", ""required-basin exhaustion"", ""loss of sufficient structural coherence"", ""unrecoverable leash/control failure""]",Executes simple validated commands and role behaviors autonomously; no human-like cognition or independent personhood.,Rank-dependent Builder variable.,"{""Red"": ""Baseline inefficient manifestation."", ""Orange"": ""Improved sustain/control."", ""Yellow"": ""Improved output/mobility."", ""Green"": ""Reliable combat-grade autonomy."", ""Blue"": ""Reduced cognitive steering and better leash."", ""Violet"": ""Elite persistence/control/output."", ""White"": ""Mature manifestation plus White secondary expression.""}",Vector Hunt — autonomous pursuit through complex three-dimensional movement until recall/leash limit.,Ash Raptor Elemental,"[""Summoner"", ""Elemental"", ""Ash"", ""Raptor"", ""aerial pursuit / strike"", ""Small""]",ALPHA candidate
SE-0174,Ash Serpent,Elemental manifestation,combustion-residue particulate body,Non-sentient; autonomous within validated behavior/command architecture.,"[""Genesis Expression"", ""Resonance"", ""Chirality""]","[""follow summoner"", ""hold position"", ""return/recall"", ""select resolved hostile target"", ""avoid designated allies"", ""constriction / lane control""]",constriction / lane control,Medium,ground slither / climbing,"[""abrasive particulate burst"", ""visibility screen"", ""ash surge""]","[""coherent manifestation body; damage degrades structural resolution rather than biological tissue"", ""dispersal and re-resolution within sustain limits""]",moderate,"moderate initial formation load; exact fatigue depends on rank, competency, and current basin state.",moderate continuous sustain relative to ordinary manifestations of the same rank.,45–120 minutes at baseline competent use; rank/competency can change this substantially.,"[""Orange"", ""Green""]","Structural identity only. Basin colors do not map to Transduction domains, elements, or a power hierarchy.","{""Orange"": ""light continuous"", ""Green"": ""light continuous""}","[""voluntary dismissal"", ""required-basin exhaustion"", ""loss of sufficient structural coherence"", ""unrecoverable leash/control failure""]",Executes simple validated commands and role behaviors autonomously; no human-like cognition or independent personhood.,Rank-dependent Builder variable.,"{""Red"": ""Baseline inefficient manifestation."", ""Orange"": ""Improved sustain/control."", ""Yellow"": ""Improved output/mobility."", ""Green"": ""Reliable combat-grade autonomy."", ""Blue"": ""Reduced cognitive steering and better leash."", ""Violet"": ""Elite persistence/control/output."", ""White"": ""Mature manifestation plus White secondary expression.""}",Boundary Coil — establish a temporary movement-denial loop around a resolved locus.,Ash Serpent Elemental,"[""Summoner"", ""Elemental"", ""Ash"", ""Serpent"", ""constriction / lane control"", ""Medium""]",ALPHA candidate
SE-0175,Ash Sentinel,Elemental manifestation,combustion-residue particulate body,Non-sentient; autonomous within validated behavior/command architecture.,"[""Genesis Expression"", ""Resonance"", ""Chirality""]","[""follow summoner"", ""hold position"", ""return/recall"", ""select resolved hostile target"", ""avoid designated allies"", ""guard / intercept""]",guard / intercept,Medium,slow ground / stationary,"[""abrasive particulate burst"", ""visibility screen"", ""ash surge""]","[""coherent manifestation body; damage degrades structural resolution rather than biological tissue"", ""reinforced chiral persistence"", ""interposition/body-block behavior"", ""dispersal and re-resolution within sustain limits""]",low-to-moderate,"low-to-moderate initial formation load; exact fatigue depends on rank, competency, and current basin state.",low-to-moderate continuous sustain relative to ordinary manifestations of the same rank.,2–6 hours at baseline competent use; rank/competency can change this substantially.,"[""Orange"", ""Green"", ""Blue""]","Structural identity only. Basin colors do not map to Transduction domains, elements, or a power hierarchy.","{""Orange"": ""continuous"", ""Green"": ""continuous"", ""Blue"": ""continuous""}","[""voluntary dismissal"", ""required-basin exhaustion"", ""loss of sufficient structural coherence"", ""unrecoverable leash/control failure""]",Executes simple validated commands and role behaviors autonomously; no human-like cognition or independent personhood.,Rank-dependent Builder variable.,"{""Red"": ""Baseline inefficient manifestation."", ""Orange"": ""Improved sustain/control."", ""Yellow"": ""Improved output/mobility."", ""Green"": ""Reliable combat-grade autonomy."", ""Blue"": ""Reduced cognitive steering and better leash."", ""Violet"": ""Elite persistence/control/output."", ""White"": ""Mature manifestation plus White secondary expression.""}",Autonomous Watch — maintain a validated guard protocol with sharply reduced cognitive steering.,Ash Sentinel Elemental,"[""Summoner"", ""Elemental"", ""Ash"", ""Sentinel"", ""guard / intercept"", ""Medium""]",ALPHA candidate
SE-0176,Ash Manta,Elemental manifestation,combustion-residue particulate body,Non-sentient; autonomous within validated behavior/command architecture.,"[""Genesis Expression"", ""Resonance"", ""Chirality""]","[""follow summoner"", ""hold position"", ""return/recall"", ""select resolved hostile target"", ""avoid designated allies"", ""screening / area control""]",screening / area control,Medium,aerial glide,"[""abrasive particulate burst"", ""visibility screen"", ""ash surge""]","[""coherent manifestation body; damage degrades structural resolution rather than biological tissue"", ""mobility/evasion bias"", ""dispersal and re-resolution within sustain limits""]",moderate,"moderate initial formation load; exact fatigue depends on rank, competency, and current basin state.",moderate continuous sustain relative to ordinary manifestations of the same rank.,30–90 minutes at baseline competent use; rank/competency can change this substantially.,"[""Orange"", ""Green"", ""Yellow""]","Structural identity only. Basin colors do not map to Transduction domains, elements, or a power hierarchy.","{""Orange"": ""continuous"", ""Green"": ""continuous"", ""Yellow"": ""continuous""}","[""voluntary dismissal"", ""required-basin exhaustion"", ""loss of sufficient structural coherence"", ""unrecoverable leash/control failure""]",Executes simple validated commands and role behaviors autonomously; no human-like cognition or independent personhood.,Rank-dependent Builder variable.,"{""Red"": ""Baseline inefficient manifestation."", ""Orange"": ""Improved sustain/control."", ""Yellow"": ""Improved output/mobility."", ""Green"": ""Reliable combat-grade autonomy."", ""Blue"": ""Reduced cognitive steering and better leash."", ""Violet"": ""Elite persistence/control/output."", ""White"": ""Mature manifestation plus White secondary expression.""}",Protective Orbit — autonomously maintain a moving screening envelope around a designated ally/group.,Ash Manta Elemental,"[""Summoner"", ""Elemental"", ""Ash"", ""Manta"", ""screening / area control"", ""Medium""]",ALPHA candidate
SE-0177,Ash Swarm,Elemental manifestation,combustion-residue particulate body,Non-sentient; autonomous within validated behavior/command architecture.,"[""Genesis Expression"", ""Resonance"", ""Chirality""]","[""follow summoner"", ""hold position"", ""return/recall"", ""select resolved hostile target"", ""avoid designated allies"", ""harassment / saturation""]",harassment / saturation,Variable,distributed flight/ground motion,"[""abrasive particulate burst"", ""visibility screen"", ""ash surge""]","[""coherent manifestation body; damage degrades structural resolution rather than biological tissue"", ""mobility/evasion bias"", ""dispersal and re-resolution within sustain limits""]",high,"high initial formation load; exact fatigue depends on rank, competency, and current basin state.",high continuous sustain relative to ordinary manifestations of the same rank.,15–45 minutes at baseline competent use; rank/competency can change this substantially.,"[""Orange"", ""Green"", ""Blue""]","Structural identity only. Basin colors do not map to Transduction domains, elements, or a power hierarchy.","{""Orange"": ""continuous"", ""Green"": ""continuous"", ""Blue"": ""continuous""}","[""voluntary dismissal"", ""required-basin exhaustion"", ""loss of sufficient structural coherence"", ""unrecoverable leash/control failure""]",Executes simple validated commands and role behaviors autonomously; no human-like cognition or independent personhood.,Rank-dependent Builder variable.,"{""Red"": ""Baseline inefficient manifestation."", ""Orange"": ""Improved sustain/control."", ""Yellow"": ""Improved output/mobility."", ""Green"": ""Reliable combat-grade autonomy."", ""Blue"": ""Reduced cognitive steering and better leash."", ""Violet"": ""Elite persistence/control/output."", ""White"": ""Mature manifestation plus White secondary expression.""}",Distributed Coordination — split/recombine subunits according to a validated target-priority rule.,Ash Swarm Elemental,"[""Summoner"", ""Elemental"", ""Ash"", ""Swarm"", ""harassment / saturation"", ""Variable""]",ALPHA candidate
SE-0178,Ash Stag,Elemental manifestation,combustion-residue particulate body,Non-sentient; autonomous within validated behavior/command architecture.,"[""Genesis Expression"", ""Resonance"", ""Chirality""]","[""follow summoner"", ""hold position"", ""return/recall"", ""select resolved hostile target"", ""avoid designated allies"", ""carrier / charge / extraction""]",carrier / charge / extraction,Large,ground sprint,"[""abrasive particulate burst"", ""visibility screen"", ""ash surge""]","[""coherent manifestation body; damage degrades structural resolution rather than biological tissue"", ""reinforced chiral persistence"", ""interposition/body-block behavior"", ""dispersal and re-resolution within sustain limits""]",high,"high initial formation load; exact fatigue depends on rank, competency, and current basin state.",high continuous sustain relative to ordinary manifestations of the same rank.,20–60 minutes at baseline competent use; rank/competency can change this substantially.,"[""Orange"", ""Green"", ""Blue""]","Structural identity only. Basin colors do not map to Transduction domains, elements, or a power hierarchy.","{""Orange"": ""continuous"", ""Green"": ""continuous"", ""Blue"": ""continuous""}","[""voluntary dismissal"", ""required-basin exhaustion"", ""loss of sufficient structural coherence"", ""unrecoverable leash/control failure""]",Executes simple validated commands and role behaviors autonomously; no human-like cognition or independent personhood.,Rank-dependent Builder variable.,"{""Red"": ""Baseline inefficient manifestation."", ""Orange"": ""Improved sustain/control."", ""Yellow"": ""Improved output/mobility."", ""Green"": ""Reliable combat-grade autonomy."", ""Blue"": ""Reduced cognitive steering and better leash."", ""Violet"": ""Elite persistence/control/output."", ""White"": ""Mature manifestation plus White secondary expression.""}",Extraction Run — autonomously navigate a validated retreat corridor while carrying an ally/load.,Ash Stag Elemental,"[""Summoner"", ""Elemental"", ""Ash"", ""Stag"", ""carrier / charge / extraction"", ""Large""]",ALPHA candidate
SE-0179,Ash Colossus,Elemental manifestation,combustion-residue particulate body,Non-sentient; autonomous within validated behavior/command architecture.,"[""Genesis Expression"", ""Resonance"", ""Chirality""]","[""follow summoner"", ""hold position"", ""return/recall"", ""select resolved hostile target"", ""avoid designated allies"", ""breaker / siege / protection""]",breaker / siege / protection,Huge,slow ground,"[""abrasive particulate burst"", ""visibility screen"", ""ash surge"", ""high-output mechanism-specific assault""]","[""coherent manifestation body; damage degrades structural resolution rather than biological tissue"", ""reinforced chiral persistence"", ""interposition/body-block behavior"", ""dispersal and re-resolution within sustain limits""]",very high,"very high initial formation load; exact fatigue depends on rank, competency, and current basin state.",very high continuous sustain relative to ordinary manifestations of the same rank.,2–10 minutes at baseline competent use; rank/competency can change this substantially.,"[""Orange"", ""Green"", ""Blue"", ""Yellow""]","Structural identity only. Basin colors do not map to Transduction domains, elements, or a power hierarchy.","{""Orange"": ""continuous"", ""Green"": ""continuous"", ""Blue"": ""continuous"", ""Yellow"": ""continuous""}","[""voluntary dismissal"", ""required-basin exhaustion"", ""loss of sufficient structural coherence"", ""unrecoverable leash/control failure""]",Executes simple validated commands and role behaviors autonomously; no human-like cognition or independent personhood.,Rank-dependent Builder variable.,"{""Red"": ""Baseline inefficient manifestation."", ""Orange"": ""Improved sustain/control."", ""Yellow"": ""Improved output/mobility."", ""Green"": ""Reliable combat-grade autonomy."", ""Blue"": ""Reduced cognitive steering and better leash."", ""Violet"": ""Elite persistence/control/output."", ""White"": ""Mature manifestation plus White secondary expression.""}",Last Bastion — redirect remaining reserve into a short-duration maximum-persistence defensive state.,Ash Colossus Elemental,"[""Summoner"", ""Elemental"", ""Ash"", ""Colossus"", ""breaker / siege / protection"", ""Huge""]",ALPHA candidate
SE-0180,Ash Drake,Elemental manifestation,combustion-residue particulate body,Non-sentient; autonomous within validated behavior/command architecture.,"[""Genesis Expression"", ""Resonance"", ""Chirality""]","[""follow summoner"", ""hold position"", ""return/recall"", ""select resolved hostile target"", ""avoid designated allies"", ""high-output assault""]",high-output assault,Huge,aerial / ground,"[""abrasive particulate burst"", ""visibility screen"", ""ash surge"", ""high-output mechanism-specific assault""]","[""coherent manifestation body; damage degrades structural resolution rather than biological tissue"", ""reinforced chiral persistence"", ""interposition/body-block behavior"", ""dispersal and re-resolution within sustain limits""]",extreme,"extreme initial formation load; exact fatigue depends on rank, competency, and current basin state.",extreme continuous sustain relative to ordinary manifestations of the same rank.,30 seconds–5 minutes at baseline competent use; rank/competency can change this substantially.,"[""Orange"", ""Green"", ""Red"", ""Yellow""]","Structural identity only. Basin colors do not map to Transduction domains, elements, or a power hierarchy.","{""Orange"": ""continuous"", ""Green"": ""continuous"", ""Red"": ""continuous"", ""Yellow"": ""continuous""}","[""voluntary dismissal"", ""required-basin exhaustion"", ""loss of sufficient structural coherence"", ""unrecoverable leash/control failure""]",Executes simple validated commands and role behaviors autonomously; no human-like cognition or independent personhood.,Rank-dependent Builder variable.,"{""Red"": ""Baseline inefficient manifestation."", ""Orange"": ""Improved sustain/control."", ""Yellow"": ""Improved output/mobility."", ""Green"": ""Reliable combat-grade autonomy."", ""Blue"": ""Reduced cognitive steering and better leash."", ""Violet"": ""Elite persistence/control/output."", ""White"": ""Mature manifestation plus White secondary expression.""}",Catastrophic Exhalation — consume a major fraction of remaining reserve in one mechanism-specific high-output assault.,Ash Drake Elemental,"[""Summoner"", ""Elemental"", ""Ash"", ""Drake"", ""high-output assault"", ""Huge""]",ALPHA candidate
SE-0181,Resolved Pursuit Hound Pattern 1,Creature-pattern manifestation,Genesis-expression body organized by a non-biological creature-like chiral pattern; no soul or natural animal is imported.,Non-sentient; autonomous within validated behavior/command architecture.,"[""Genesis Expression"", ""Resonance"", ""Chirality""]","[""follow"", ""hold"", ""recall"", ""select resolved target"", ""pursuit / interception""]",pursuit / interception,Small,ground sprint/leap,"[""kinetic contact/impact appropriate to resolved body geometry"", ""role-specific pressure/displacement attack""]","[""coherent manifestation body"", ""role/scale-dependent structural persistence""]",moderate,moderate initial formation load,moderate continuous sustain,"30 minutes–3 hours depending on scale, rank, competency, and basin state.","[""Red"", ""Green""]","Structural identity only; no basin-to-domain, basin-to-element, or basin-to-power mapping.","{""Red"": ""continuous"", ""Green"": ""continuous""}","[""dismissal"", ""required-basin exhaustion"", ""structural decoherence"", ""unrecoverable leash/control failure""]",Simple autonomous behavior package; no personhood.,Rank-dependent.,"{""Red"": ""Baseline inefficient manifestation."", ""Orange"": ""Improved sustain/control."", ""Yellow"": ""Improved output/mobility."", ""Green"": ""Combat-grade autonomy."", ""Blue"": ""Reduced cognitive steering."", ""Violet"": ""Elite persistence/control."", ""White"": ""Mature manifestation plus secondary expression.""}",Role Autonomy — execute the complete validated role package for a short interval with minimal active steering.,Creature Manifestation — Pursuit Hound,"[""Summoner"", ""Creature Pattern"", ""Pursuit Hound"", ""pursuit / interception"", ""Small""]",ALPHA candidate
SE-0182,Resolved Aerial Hunter Pattern 1,Creature-pattern manifestation,Genesis-expression body organized by a non-biological creature-like chiral pattern; no soul or natural animal is imported.,Non-sentient; autonomous within validated behavior/command architecture.,"[""Genesis Expression"", ""Resonance"", ""Chirality""]","[""follow"", ""hold"", ""recall"", ""select resolved target"", ""aerial pursuit / strike""]",aerial pursuit / strike,Small,aerial,"[""kinetic contact/impact appropriate to resolved body geometry"", ""role-specific pressure/displacement attack""]","[""coherent manifestation body"", ""role/scale-dependent structural persistence""]",moderate,moderate initial formation load,moderate continuous sustain,"30 minutes–3 hours depending on scale, rank, competency, and basin state.","[""Yellow"", ""Violet""]","Structural identity only; no basin-to-domain, basin-to-element, or basin-to-power mapping.","{""Yellow"": ""continuous"", ""Violet"": ""continuous""}","[""dismissal"", ""required-basin exhaustion"", ""structural decoherence"", ""unrecoverable leash/control failure""]",Simple autonomous behavior package; no personhood.,Rank-dependent.,"{""Red"": ""Baseline inefficient manifestation."", ""Orange"": ""Improved sustain/control."", ""Yellow"": ""Improved output/mobility."", ""Green"": ""Combat-grade autonomy."", ""Blue"": ""Reduced cognitive steering."", ""Violet"": ""Elite persistence/control."", ""White"": ""Mature manifestation plus secondary expression.""}",Role Autonomy — execute the complete validated role package for a short interval with minimal active steering.,Creature Manifestation — Aerial Hunter,"[""Summoner"", ""Creature Pattern"", ""Aerial Hunter"", ""aerial pursuit / strike"", ""Small""]",ALPHA candidate
SE-0183,Resolved Burrower Pattern 1,Creature-pattern manifestation,Genesis-expression body organized by a non-biological creature-like chiral pattern; no soul or natural animal is imported.,Non-sentient; autonomous within validated behavior/command architecture.,"[""Genesis Expression"", ""Resonance"", ""Chirality""]","[""follow"", ""hold"", ""recall"", ""select resolved target"", ""ambush / terrain approach""]",ambush / terrain approach,Medium,ground/burrow,"[""kinetic contact/impact appropriate to resolved body geometry"", ""role-specific pressure/displacement attack""]","[""coherent manifestation body"", ""role/scale-dependent structural persistence""]",moderate,moderate initial formation load,moderate continuous sustain,"30 minutes–3 hours depending on scale, rank, competency, and basin state.","[""Blue"", ""Orange""]","Structural identity only; no basin-to-domain, basin-to-element, or basin-to-power mapping.","{""Blue"": ""continuous"", ""Orange"": ""continuous""}","[""dismissal"", ""required-basin exhaustion"", ""structural decoherence"", ""unrecoverable leash/control failure""]",Simple autonomous behavior package; no personhood.,Rank-dependent.,"{""Red"": ""Baseline inefficient manifestation."", ""Orange"": ""Improved sustain/control."", ""Yellow"": ""Improved output/mobility."", ""Green"": ""Combat-grade autonomy."", ""Blue"": ""Reduced cognitive steering."", ""Violet"": ""Elite persistence/control."", ""White"": ""Mature manifestation plus secondary expression.""}",Role Autonomy — execute the complete validated role package for a short interval with minimal active steering.,Creature Manifestation — Burrower,"[""Summoner"", ""Creature Pattern"", ""Burrower"", ""ambush / terrain approach"", ""Medium""]",ALPHA candidate
SE-0184,Resolved Wall Crawler Pattern 1,Creature-pattern manifestation,Genesis-expression body organized by a non-biological creature-like chiral pattern; no soul or natural animal is imported.,Non-sentient; autonomous within validated behavior/command architecture.,"[""Genesis Expression"", ""Resonance"", ""Chirality""]","[""follow"", ""hold"", ""recall"", ""select resolved target"", ""scout / flank""]",scout / flank,Small,ground/wall/ceiling,"[""kinetic contact/impact appropriate to resolved body geometry"", ""role-specific pressure/displacement attack""]","[""coherent manifestation body"", ""role/scale-dependent structural persistence""]",moderate,moderate initial formation load,moderate continuous sustain,"30 minutes–3 hours depending on scale, rank, competency, and basin state.","[""Red"", ""Green""]","Structural identity only; no basin-to-domain, basin-to-element, or basin-to-power mapping.","{""Red"": ""continuous"", ""Green"": ""continuous""}","[""dismissal"", ""required-basin exhaustion"", ""structural decoherence"", ""unrecoverable leash/control failure""]",Simple autonomous behavior package; no personhood.,Rank-dependent.,"{""Red"": ""Baseline inefficient manifestation."", ""Orange"": ""Improved sustain/control."", ""Yellow"": ""Improved output/mobility."", ""Green"": ""Combat-grade autonomy."", ""Blue"": ""Reduced cognitive steering."", ""Violet"": ""Elite persistence/control."", ""White"": ""Mature manifestation plus secondary expression.""}",Role Autonomy — execute the complete validated role package for a short interval with minimal active steering.,Creature Manifestation — Wall Crawler,"[""Summoner"", ""Creature Pattern"", ""Wall Crawler"", ""scout / flank"", ""Small""]",ALPHA candidate
SE-0185,Resolved Guardian Pattern 1,Creature-pattern manifestation,Genesis-expression body organized by a non-biological creature-like chiral pattern; no soul or natural animal is imported.,Non-sentient; autonomous within validated behavior/command architecture.,"[""Genesis Expression"", ""Resonance"", ""Chirality""]","[""follow"", ""hold"", ""recall"", ""select resolved target"", ""guard / intercept""]",guard / intercept,Large,ground,"[""kinetic contact/impact appropriate to resolved body geometry"", ""role-specific pressure/displacement attack""]","[""coherent manifestation body"", ""role/scale-dependent structural persistence""]",moderate,moderate initial formation load,moderate continuous sustain,"30 minutes–3 hours depending on scale, rank, competency, and basin state.","[""Yellow"", ""Violet""]","Structural identity only; no basin-to-domain, basin-to-element, or basin-to-power mapping.","{""Yellow"": ""continuous"", ""Violet"": ""continuous""}","[""dismissal"", ""required-basin exhaustion"", ""structural decoherence"", ""unrecoverable leash/control failure""]",Simple autonomous behavior package; no personhood.,Rank-dependent.,"{""Red"": ""Baseline inefficient manifestation."", ""Orange"": ""Improved sustain/control."", ""Yellow"": ""Improved output/mobility."", ""Green"": ""Combat-grade autonomy."", ""Blue"": ""Reduced cognitive steering."", ""Violet"": ""Elite persistence/control."", ""White"": ""Mature manifestation plus secondary expression.""}",Role Autonomy — execute the complete validated role package for a short interval with minimal active steering.,Creature Manifestation — Guardian,"[""Summoner"", ""Creature Pattern"", ""Guardian"", ""guard / intercept"", ""Large""]",ALPHA candidate
SE-0186,Resolved Carrier Pattern 1,Creature-pattern manifestation,Genesis-expression body organized by a non-biological creature-like chiral pattern; no soul or natural animal is imported.,Non-sentient; autonomous within validated behavior/command architecture.,"[""Genesis Expression"", ""Resonance"", ""Chirality""]","[""follow"", ""hold"", ""recall"", ""select resolved target"", ""transport / extraction""]",transport / extraction,Large,ground,"[""kinetic contact/impact appropriate to resolved body geometry"", ""role-specific pressure/displacement attack""]","[""coherent manifestation body"", ""role/scale-dependent structural persistence""]",moderate,moderate initial formation load,moderate continuous sustain,"30 minutes–3 hours depending on scale, rank, competency, and basin state.","[""Blue"", ""Orange""]","Structural identity only; no basin-to-domain, basin-to-element, or basin-to-power mapping.","{""Blue"": ""continuous"", ""Orange"": ""continuous""}","[""dismissal"", ""required-basin exhaustion"", ""structural decoherence"", ""unrecoverable leash/control failure""]",Simple autonomous behavior package; no personhood.,Rank-dependent.,"{""Red"": ""Baseline inefficient manifestation."", ""Orange"": ""Improved sustain/control."", ""Yellow"": ""Improved output/mobility."", ""Green"": ""Combat-grade autonomy."", ""Blue"": ""Reduced cognitive steering."", ""Violet"": ""Elite persistence/control."", ""White"": ""Mature manifestation plus secondary expression.""}",Role Autonomy — execute the complete validated role package for a short interval with minimal active steering.,Creature Manifestation — Carrier,"[""Summoner"", ""Creature Pattern"", ""Carrier"", ""transport / extraction"", ""Large""]",ALPHA candidate
SE-0187,Resolved Constricter Pattern 1,Creature-pattern manifestation,Genesis-expression body organized by a non-biological creature-like chiral pattern; no soul or natural animal is imported.,Non-sentient; autonomous within validated behavior/command architecture.,"[""Genesis Expression"", ""Resonance"", ""Chirality""]","[""follow"", ""hold"", ""recall"", ""select resolved target"", ""lane control / restraint""]",lane control / restraint,Medium,ground/climb,"[""kinetic contact/impact appropriate to resolved body geometry"", ""role-specific pressure/displacement attack""]","[""coherent manifestation body"", ""role/scale-dependent structural persistence""]",moderate,moderate initial formation load,moderate continuous sustain,"30 minutes–3 hours depending on scale, rank, competency, and basin state.","[""Red"", ""Green""]","Structural identity only; no basin-to-domain, basin-to-element, or basin-to-power mapping.","{""Red"": ""continuous"", ""Green"": ""continuous""}","[""dismissal"", ""required-basin exhaustion"", ""structural decoherence"", ""unrecoverable leash/control failure""]",Simple autonomous behavior package; no personhood.,Rank-dependent.,"{""Red"": ""Baseline inefficient manifestation."", ""Orange"": ""Improved sustain/control."", ""Yellow"": ""Improved output/mobility."", ""Green"": ""Combat-grade autonomy."", ""Blue"": ""Reduced cognitive steering."", ""Violet"": ""Elite persistence/control."", ""White"": ""Mature manifestation plus secondary expression.""}",Role Autonomy — execute the complete validated role package for a short interval with minimal active steering.,Creature Manifestation — Constricter,"[""Summoner"", ""Creature Pattern"", ""Constricter"", ""lane control / restraint"", ""Medium""]",ALPHA candidate
SE-0188,Resolved Breaker Pattern 1,Creature-pattern manifestation,Genesis-expression body organized by a non-biological creature-like chiral pattern; no soul or natural animal is imported.,Non-sentient; autonomous within validated behavior/command architecture.,"[""Genesis Expression"", ""Resonance"", ""Chirality""]","[""follow"", ""hold"", ""recall"", ""select resolved target"", ""breaker / siege""]",breaker / siege,Huge,ground,"[""kinetic contact/impact appropriate to resolved body geometry"", ""role-specific pressure/displacement attack""]","[""coherent manifestation body"", ""role/scale-dependent structural persistence""]",very high,very high initial formation load,very high continuous sustain,"30 minutes–3 hours depending on scale, rank, competency, and basin state.","[""Yellow"", ""Violet""]","Structural identity only; no basin-to-domain, basin-to-element, or basin-to-power mapping.","{""Yellow"": ""continuous"", ""Violet"": ""continuous""}","[""dismissal"", ""required-basin exhaustion"", ""structural decoherence"", ""unrecoverable leash/control failure""]",Simple autonomous behavior package; no personhood.,Rank-dependent.,"{""Red"": ""Baseline inefficient manifestation."", ""Orange"": ""Improved sustain/control."", ""Yellow"": ""Improved output/mobility."", ""Green"": ""Combat-grade autonomy."", ""Blue"": ""Reduced cognitive steering."", ""Violet"": ""Elite persistence/control."", ""White"": ""Mature manifestation plus secondary expression.""}",Role Autonomy — execute the complete validated role package for a short interval with minimal active steering.,Creature Manifestation — Breaker,"[""Summoner"", ""Creature Pattern"", ""Breaker"", ""breaker / siege"", ""Huge""]",ALPHA candidate
SE-0189,Resolved Pursuit Hound Pattern 2,Creature-pattern manifestation,Genesis-expression body organized by a non-biological creature-like chiral pattern; no soul or natural animal is imported.,Non-sentient; autonomous within validated behavior/command architecture.,"[""Genesis Expression"", ""Resonance"", ""Chirality""]","[""follow"", ""hold"", ""recall"", ""select resolved target"", ""pursuit / interception""]",pursuit / interception,Small,ground sprint/leap,"[""kinetic contact/impact appropriate to resolved body geometry"", ""role-specific pressure/displacement attack""]","[""coherent manifestation body"", ""role/scale-dependent structural persistence""]",moderate,moderate initial formation load,moderate continuous sustain,"30 minutes–3 hours depending on scale, rank, competency, and basin state.","[""Blue"", ""Orange""]","Structural identity only; no basin-to-domain, basin-to-element, or basin-to-power mapping.","{""Blue"": ""continuous"", ""Orange"": ""continuous""}","[""dismissal"", ""required-basin exhaustion"", ""structural decoherence"", ""unrecoverable leash/control failure""]",Simple autonomous behavior package; no personhood.,Rank-dependent.,"{""Red"": ""Baseline inefficient manifestation."", ""Orange"": ""Improved sustain/control."", ""Yellow"": ""Improved output/mobility."", ""Green"": ""Combat-grade autonomy."", ""Blue"": ""Reduced cognitive steering."", ""Violet"": ""Elite persistence/control."", ""White"": ""Mature manifestation plus secondary expression.""}",Role Autonomy — execute the complete validated role package for a short interval with minimal active steering.,Creature Manifestation — Pursuit Hound,"[""Summoner"", ""Creature Pattern"", ""Pursuit Hound"", ""pursuit / interception"", ""Small""]",ALPHA candidate
SE-0190,Resolved Aerial Hunter Pattern 2,Creature-pattern manifestation,Genesis-expression body organized by a non-biological creature-like chiral pattern; no soul or natural animal is imported.,Non-sentient; autonomous within validated behavior/command architecture.,"[""Genesis Expression"", ""Resonance"", ""Chirality""]","[""follow"", ""hold"", ""recall"", ""select resolved target"", ""aerial pursuit / strike""]",aerial pursuit / strike,Small,aerial,"[""kinetic contact/impact appropriate to resolved body geometry"", ""role-specific pressure/displacement attack""]","[""coherent manifestation body"", ""role/scale-dependent structural persistence""]",moderate,moderate initial formation load,moderate continuous sustain,"30 minutes–3 hours depending on scale, rank, competency, and basin state.","[""Red"", ""Green""]","Structural identity only; no basin-to-domain, basin-to-element, or basin-to-power mapping.","{""Red"": ""continuous"", ""Green"": ""continuous""}","[""dismissal"", ""required-basin exhaustion"", ""structural decoherence"", ""unrecoverable leash/control failure""]",Simple autonomous behavior package; no personhood.,Rank-dependent.,"{""Red"": ""Baseline inefficient manifestation."", ""Orange"": ""Improved sustain/control."", ""Yellow"": ""Improved output/mobility."", ""Green"": ""Combat-grade autonomy."", ""Blue"": ""Reduced cognitive steering."", ""Violet"": ""Elite persistence/control."", ""White"": ""Mature manifestation plus secondary expression.""}",Role Autonomy — execute the complete validated role package for a short interval with minimal active steering.,Creature Manifestation — Aerial Hunter,"[""Summoner"", ""Creature Pattern"", ""Aerial Hunter"", ""aerial pursuit / strike"", ""Small""]",ALPHA candidate
SE-0191,Resolved Burrower Pattern 2,Creature-pattern manifestation,Genesis-expression body organized by a non-biological creature-like chiral pattern; no soul or natural animal is imported.,Non-sentient; autonomous within validated behavior/command architecture.,"[""Genesis Expression"", ""Resonance"", ""Chirality""]","[""follow"", ""hold"", ""recall"", ""select resolved target"", ""ambush / terrain approach""]",ambush / terrain approach,Medium,ground/burrow,"[""kinetic contact/impact appropriate to resolved body geometry"", ""role-specific pressure/displacement attack""]","[""coherent manifestation body"", ""role/scale-dependent structural persistence""]",moderate,moderate initial formation load,moderate continuous sustain,"30 minutes–3 hours depending on scale, rank, competency, and basin state.","[""Yellow"", ""Violet""]","Structural identity only; no basin-to-domain, basin-to-element, or basin-to-power mapping.","{""Yellow"": ""continuous"", ""Violet"": ""continuous""}","[""dismissal"", ""required-basin exhaustion"", ""structural decoherence"", ""unrecoverable leash/control failure""]",Simple autonomous behavior package; no personhood.,Rank-dependent.,"{""Red"": ""Baseline inefficient manifestation."", ""Orange"": ""Improved sustain/control."", ""Yellow"": ""Improved output/mobility."", ""Green"": ""Combat-grade autonomy."", ""Blue"": ""Reduced cognitive steering."", ""Violet"": ""Elite persistence/control."", ""White"": ""Mature manifestation plus secondary expression.""}",Role Autonomy — execute the complete validated role package for a short interval with minimal active steering.,Creature Manifestation — Burrower,"[""Summoner"", ""Creature Pattern"", ""Burrower"", ""ambush / terrain approach"", ""Medium""]",ALPHA candidate
SE-0192,Resolved Wall Crawler Pattern 2,Creature-pattern manifestation,Genesis-expression body organized by a non-biological creature-like chiral pattern; no soul or natural animal is imported.,Non-sentient; autonomous within validated behavior/command architecture.,"[""Genesis Expression"", ""Resonance"", ""Chirality""]","[""follow"", ""hold"", ""recall"", ""select resolved target"", ""scout / flank""]",scout / flank,Small,ground/wall/ceiling,"[""kinetic contact/impact appropriate to resolved body geometry"", ""role-specific pressure/displacement attack""]","[""coherent manifestation body"", ""role/scale-dependent structural persistence""]",moderate,moderate initial formation load,moderate continuous sustain,"30 minutes–3 hours depending on scale, rank, competency, and basin state.","[""Blue"", ""Orange""]","Structural identity only; no basin-to-domain, basin-to-element, or basin-to-power mapping.","{""Blue"": ""continuous"", ""Orange"": ""continuous""}","[""dismissal"", ""required-basin exhaustion"", ""structural decoherence"", ""unrecoverable leash/control failure""]",Simple autonomous behavior package; no personhood.,Rank-dependent.,"{""Red"": ""Baseline inefficient manifestation."", ""Orange"": ""Improved sustain/control."", ""Yellow"": ""Improved output/mobility."", ""Green"": ""Combat-grade autonomy."", ""Blue"": ""Reduced cognitive steering."", ""Violet"": ""Elite persistence/control."", ""White"": ""Mature manifestation plus secondary expression.""}",Role Autonomy — execute the complete validated role package for a short interval with minimal active steering.,Creature Manifestation — Wall Crawler,"[""Summoner"", ""Creature Pattern"", ""Wall Crawler"", ""scout / flank"", ""Small""]",ALPHA candidate
SE-0193,Resolved Guardian Pattern 2,Creature-pattern manifestation,Genesis-expression body organized by a non-biological creature-like chiral pattern; no soul or natural animal is imported.,Non-sentient; autonomous within validated behavior/command architecture.,"[""Genesis Expression"", ""Resonance"", ""Chirality""]","[""follow"", ""hold"", ""recall"", ""select resolved target"", ""guard / intercept""]",guard / intercept,Large,ground,"[""kinetic contact/impact appropriate to resolved body geometry"", ""role-specific pressure/displacement attack""]","[""coherent manifestation body"", ""role/scale-dependent structural persistence""]",moderate,moderate initial formation load,moderate continuous sustain,"30 minutes–3 hours depending on scale, rank, competency, and basin state.","[""Red"", ""Green""]","Structural identity only; no basin-to-domain, basin-to-element, or basin-to-power mapping.","{""Red"": ""continuous"", ""Green"": ""continuous""}","[""dismissal"", ""required-basin exhaustion"", ""structural decoherence"", ""unrecoverable leash/control failure""]",Simple autonomous behavior package; no personhood.,Rank-dependent.,"{""Red"": ""Baseline inefficient manifestation."", ""Orange"": ""Improved sustain/control."", ""Yellow"": ""Improved output/mobility."", ""Green"": ""Combat-grade autonomy."", ""Blue"": ""Reduced cognitive steering."", ""Violet"": ""Elite persistence/control."", ""White"": ""Mature manifestation plus secondary expression.""}",Role Autonomy — execute the complete validated role package for a short interval with minimal active steering.,Creature Manifestation — Guardian,"[""Summoner"", ""Creature Pattern"", ""Guardian"", ""guard / intercept"", ""Large""]",ALPHA candidate
SE-0194,Resolved Carrier Pattern 2,Creature-pattern manifestation,Genesis-expression body organized by a non-biological creature-like chiral pattern; no soul or natural animal is imported.,Non-sentient; autonomous within validated behavior/command architecture.,"[""Genesis Expression"", ""Resonance"", ""Chirality""]","[""follow"", ""hold"", ""recall"", ""select resolved target"", ""transport / extraction""]",transport / extraction,Large,ground,"[""kinetic contact/impact appropriate to resolved body geometry"", ""role-specific pressure/displacement attack""]","[""coherent manifestation body"", ""role/scale-dependent structural persistence""]",moderate,moderate initial formation load,moderate continuous sustain,"30 minutes–3 hours depending on scale, rank, competency, and basin state.","[""Yellow"", ""Violet""]","Structural identity only; no basin-to-domain, basin-to-element, or basin-to-power mapping.","{""Yellow"": ""continuous"", ""Violet"": ""continuous""}","[""dismissal"", ""required-basin exhaustion"", ""structural decoherence"", ""unrecoverable leash/control failure""]",Simple autonomous behavior package; no personhood.,Rank-dependent.,"{""Red"": ""Baseline inefficient manifestation."", ""Orange"": ""Improved sustain/control."", ""Yellow"": ""Improved output/mobility."", ""Green"": ""Combat-grade autonomy."", ""Blue"": ""Reduced cognitive steering."", ""Violet"": ""Elite persistence/control."", ""White"": ""Mature manifestation plus secondary expression.""}",Role Autonomy — execute the complete validated role package for a short interval with minimal active steering.,Creature Manifestation — Carrier,"[""Summoner"", ""Creature Pattern"", ""Carrier"", ""transport / extraction"", ""Large""]",ALPHA candidate
SE-0195,Resolved Constricter Pattern 2,Creature-pattern manifestation,Genesis-expression body organized by a non-biological creature-like chiral pattern; no soul or natural animal is imported.,Non-sentient; autonomous within validated behavior/command architecture.,"[""Genesis Expression"", ""Resonance"", ""Chirality""]","[""follow"", ""hold"", ""recall"", ""select resolved target"", ""lane control / restraint""]",lane control / restraint,Medium,ground/climb,"[""kinetic contact/impact appropriate to resolved body geometry"", ""role-specific pressure/displacement attack""]","[""coherent manifestation body"", ""role/scale-dependent structural persistence""]",moderate,moderate initial formation load,moderate continuous sustain,"30 minutes–3 hours depending on scale, rank, competency, and basin state.","[""Blue"", ""Orange""]","Structural identity only; no basin-to-domain, basin-to-element, or basin-to-power mapping.","{""Blue"": ""continuous"", ""Orange"": ""continuous""}","[""dismissal"", ""required-basin exhaustion"", ""structural decoherence"", ""unrecoverable leash/control failure""]",Simple autonomous behavior package; no personhood.,Rank-dependent.,"{""Red"": ""Baseline inefficient manifestation."", ""Orange"": ""Improved sustain/control."", ""Yellow"": ""Improved output/mobility."", ""Green"": ""Combat-grade autonomy."", ""Blue"": ""Reduced cognitive steering."", ""Violet"": ""Elite persistence/control."", ""White"": ""Mature manifestation plus secondary expression.""}",Role Autonomy — execute the complete validated role package for a short interval with minimal active steering.,Creature Manifestation — Constricter,"[""Summoner"", ""Creature Pattern"", ""Constricter"", ""lane control / restraint"", ""Medium""]",ALPHA candidate
SE-0196,Resolved Breaker Pattern 2,Creature-pattern manifestation,Genesis-expression body organized by a non-biological creature-like chiral pattern; no soul or natural animal is imported.,Non-sentient; autonomous within validated behavior/command architecture.,"[""Genesis Expression"", ""Resonance"", ""Chirality""]","[""follow"", ""hold"", ""recall"", ""select resolved target"", ""breaker / siege""]",breaker / siege,Huge,ground,"[""kinetic contact/impact appropriate to resolved body geometry"", ""role-specific pressure/displacement attack""]","[""coherent manifestation body"", ""role/scale-dependent structural persistence""]",very high,very high initial formation load,very high continuous sustain,"30 minutes–3 hours depending on scale, rank, competency, and basin state.","[""Red"", ""Green"", ""Blue""]","Structural identity only; no basin-to-domain, basin-to-element, or basin-to-power mapping.","{""Red"": ""continuous"", ""Green"": ""continuous"", ""Blue"": ""continuous""}","[""dismissal"", ""required-basin exhaustion"", ""structural decoherence"", ""unrecoverable leash/control failure""]",Simple autonomous behavior package; no personhood.,Rank-dependent.,"{""Red"": ""Baseline inefficient manifestation."", ""Orange"": ""Improved sustain/control."", ""Yellow"": ""Improved output/mobility."", ""Green"": ""Combat-grade autonomy."", ""Blue"": ""Reduced cognitive steering."", ""Violet"": ""Elite persistence/control."", ""White"": ""Mature manifestation plus secondary expression.""}",Role Autonomy — execute the complete validated role package for a short interval with minimal active steering.,Creature Manifestation — Breaker,"[""Summoner"", ""Creature Pattern"", ""Breaker"", ""breaker / siege"", ""Huge""]",ALPHA candidate
SE-0197,Resolved Pursuit Hound Pattern 3,Creature-pattern manifestation,Genesis-expression body organized by a non-biological creature-like chiral pattern; no soul or natural animal is imported.,Non-sentient; autonomous within validated behavior/command architecture.,"[""Genesis Expression"", ""Resonance"", ""Chirality""]","[""follow"", ""hold"", ""recall"", ""select resolved target"", ""pursuit / interception""]",pursuit / interception,Small,ground sprint/leap,"[""kinetic contact/impact appropriate to resolved body geometry"", ""role-specific pressure/displacement attack""]","[""coherent manifestation body"", ""role/scale-dependent structural persistence""]",moderate,moderate initial formation load,moderate continuous sustain,"30 minutes–3 hours depending on scale, rank, competency, and basin state.","[""Yellow"", ""Violet""]","Structural identity only; no basin-to-domain, basin-to-element, or basin-to-power mapping.","{""Yellow"": ""continuous"", ""Violet"": ""continuous""}","[""dismissal"", ""required-basin exhaustion"", ""structural decoherence"", ""unrecoverable leash/control failure""]",Simple autonomous behavior package; no personhood.,Rank-dependent.,"{""Red"": ""Baseline inefficient manifestation."", ""Orange"": ""Improved sustain/control."", ""Yellow"": ""Improved output/mobility."", ""Green"": ""Combat-grade autonomy."", ""Blue"": ""Reduced cognitive steering."", ""Violet"": ""Elite persistence/control."", ""White"": ""Mature manifestation plus secondary expression.""}",Role Autonomy — execute the complete validated role package for a short interval with minimal active steering.,Creature Manifestation — Pursuit Hound,"[""Summoner"", ""Creature Pattern"", ""Pursuit Hound"", ""pursuit / interception"", ""Small""]",ALPHA candidate
SE-0198,Resolved Aerial Hunter Pattern 3,Creature-pattern manifestation,Genesis-expression body organized by a non-biological creature-like chiral pattern; no soul or natural animal is imported.,Non-sentient; autonomous within validated behavior/command architecture.,"[""Genesis Expression"", ""Resonance"", ""Chirality""]","[""follow"", ""hold"", ""recall"", ""select resolved target"", ""aerial pursuit / strike""]",aerial pursuit / strike,Small,aerial,"[""kinetic contact/impact appropriate to resolved body geometry"", ""role-specific pressure/displacement attack""]","[""coherent manifestation body"", ""role/scale-dependent structural persistence""]",moderate,moderate initial formation load,moderate continuous sustain,"30 minutes–3 hours depending on scale, rank, competency, and basin state.","[""Blue"", ""Orange""]","Structural identity only; no basin-to-domain, basin-to-element, or basin-to-power mapping.","{""Blue"": ""continuous"", ""Orange"": ""continuous""}","[""dismissal"", ""required-basin exhaustion"", ""structural decoherence"", ""unrecoverable leash/control failure""]",Simple autonomous behavior package; no personhood.,Rank-dependent.,"{""Red"": ""Baseline inefficient manifestation."", ""Orange"": ""Improved sustain/control."", ""Yellow"": ""Improved output/mobility."", ""Green"": ""Combat-grade autonomy."", ""Blue"": ""Reduced cognitive steering."", ""Violet"": ""Elite persistence/control."", ""White"": ""Mature manifestation plus secondary expression.""}",Role Autonomy — execute the complete validated role package for a short interval with minimal active steering.,Creature Manifestation — Aerial Hunter,"[""Summoner"", ""Creature Pattern"", ""Aerial Hunter"", ""aerial pursuit / strike"", ""Small""]",ALPHA candidate
SE-0199,Resolved Burrower Pattern 3,Creature-pattern manifestation,Genesis-expression body organized by a non-biological creature-like chiral pattern; no soul or natural animal is imported.,Non-sentient; autonomous within validated behavior/command architecture.,"[""Genesis Expression"", ""Resonance"", ""Chirality""]","[""follow"", ""hold"", ""recall"", ""select resolved target"", ""ambush / terrain approach""]",ambush / terrain approach,Medium,ground/burrow,"[""kinetic contact/impact appropriate to resolved body geometry"", ""role-specific pressure/displacement attack""]","[""coherent manifestation body"", ""role/scale-dependent structural persistence""]",moderate,moderate initial formation load,moderate continuous sustain,"30 minutes–3 hours depending on scale, rank, competency, and basin state.","[""Red"", ""Green""]","Structural identity only; no basin-to-domain, basin-to-element, or basin-to-power mapping.","{""Red"": ""continuous"", ""Green"": ""continuous""}","[""dismissal"", ""required-basin exhaustion"", ""structural decoherence"", ""unrecoverable leash/control failure""]",Simple autonomous behavior package; no personhood.,Rank-dependent.,"{""Red"": ""Baseline inefficient manifestation."", ""Orange"": ""Improved sustain/control."", ""Yellow"": ""Improved output/mobility."", ""Green"": ""Combat-grade autonomy."", ""Blue"": ""Reduced cognitive steering."", ""Violet"": ""Elite persistence/control."", ""White"": ""Mature manifestation plus secondary expression.""}",Role Autonomy — execute the complete validated role package for a short interval with minimal active steering.,Creature Manifestation — Burrower,"[""Summoner"", ""Creature Pattern"", ""Burrower"", ""ambush / terrain approach"", ""Medium""]",ALPHA candidate
SE-0200,Resolved Wall Crawler Pattern 3,Creature-pattern manifestation,Genesis-expression body organized by a non-biological creature-like chiral pattern; no soul or natural animal is imported.,Non-sentient; autonomous within validated behavior/command architecture.,"[""Genesis Expression"", ""Resonance"", ""Chirality""]","[""follow"", ""hold"", ""recall"", ""select resolved target"", ""scout / flank""]",scout / flank,Small,ground/wall/ceiling,"[""kinetic contact/impact appropriate to resolved body geometry"", ""role-specific pressure/displacement attack""]","[""coherent manifestation body"", ""role/scale-dependent structural persistence""]",moderate,moderate initial formation load,moderate continuous sustain,"30 minutes–3 hours depending on scale, rank, competency, and basin state.","[""Yellow"", ""Violet""]","Structural identity only; no basin-to-domain, basin-to-element, or basin-to-power mapping.","{""Yellow"": ""continuous"", ""Violet"": ""continuous""}","[""dismissal"", ""required-basin exhaustion"", ""structural decoherence"", ""unrecoverable leash/control failure""]",Simple autonomous behavior package; no personhood.,Rank-dependent.,"{""Red"": ""Baseline inefficient manifestation."", ""Orange"": ""Improved sustain/control."", ""Yellow"": ""Improved output/mobility."", ""Green"": ""Combat-grade autonomy."", ""Blue"": ""Reduced cognitive steering."", ""Violet"": ""Elite persistence/control."", ""White"": ""Mature manifestation plus secondary expression.""}",Role Autonomy — execute the complete validated role package for a short interval with minimal active steering.,Creature Manifestation — Wall Crawler,"[""Summoner"", ""Creature Pattern"", ""Wall Crawler"", ""scout / flank"", ""Small""]",ALPHA candidate
SE-0201,Resolved Guardian Pattern 3,Creature-pattern manifestation,Genesis-expression body organized by a non-biological creature-like chiral pattern; no soul or natural animal is imported.,Non-sentient; autonomous within validated behavior/command architecture.,"[""Genesis Expression"", ""Resonance"", ""Chirality""]","[""follow"", ""hold"", ""recall"", ""select resolved target"", ""guard / intercept""]",guard / intercept,Large,ground,"[""kinetic contact/impact appropriate to resolved body geometry"", ""role-specific pressure/displacement attack""]","[""coherent manifestation body"", ""role/scale-dependent structural persistence""]",moderate,moderate initial formation load,moderate continuous sustain,"30 minutes–3 hours depending on scale, rank, competency, and basin state.","[""Blue"", ""Orange""]","Structural identity only; no basin-to-domain, basin-to-element, or basin-to-power mapping.","{""Blue"": ""continuous"", ""Orange"": ""continuous""}","[""dismissal"", ""required-basin exhaustion"", ""structural decoherence"", ""unrecoverable leash/control failure""]",Simple autonomous behavior package; no personhood.,Rank-dependent.,"{""Red"": ""Baseline inefficient manifestation."", ""Orange"": ""Improved sustain/control."", ""Yellow"": ""Improved output/mobility."", ""Green"": ""Combat-grade autonomy."", ""Blue"": ""Reduced cognitive steering."", ""Violet"": ""Elite persistence/control."", ""White"": ""Mature manifestation plus secondary expression.""}",Role Autonomy — execute the complete validated role package for a short interval with minimal active steering.,Creature Manifestation — Guardian,"[""Summoner"", ""Creature Pattern"", ""Guardian"", ""guard / intercept"", ""Large""]",ALPHA candidate
SE-0202,Resolved Carrier Pattern 3,Creature-pattern manifestation,Genesis-expression body organized by a non-biological creature-like chiral pattern; no soul or natural animal is imported.,Non-sentient; autonomous within validated behavior/command architecture.,"[""Genesis Expression"", ""Resonance"", ""Chirality""]","[""follow"", ""hold"", ""recall"", ""select resolved target"", ""transport / extraction""]",transport / extraction,Large,ground,"[""kinetic contact/impact appropriate to resolved body geometry"", ""role-specific pressure/displacement attack""]","[""coherent manifestation body"", ""role/scale-dependent structural persistence""]",moderate,moderate initial formation load,moderate continuous sustain,"30 minutes–3 hours depending on scale, rank, competency, and basin state.","[""Red"", ""Green""]","Structural identity only; no basin-to-domain, basin-to-element, or basin-to-power mapping.","{""Red"": ""continuous"", ""Green"": ""continuous""}","[""dismissal"", ""required-basin exhaustion"", ""structural decoherence"", ""unrecoverable leash/control failure""]",Simple autonomous behavior package; no personhood.,Rank-dependent.,"{""Red"": ""Baseline inefficient manifestation."", ""Orange"": ""Improved sustain/control."", ""Yellow"": ""Improved output/mobility."", ""Green"": ""Combat-grade autonomy."", ""Blue"": ""Reduced cognitive steering."", ""Violet"": ""Elite persistence/control."", ""White"": ""Mature manifestation plus secondary expression.""}",Role Autonomy — execute the complete validated role package for a short interval with minimal active steering.,Creature Manifestation — Carrier,"[""Summoner"", ""Creature Pattern"", ""Carrier"", ""transport / extraction"", ""Large""]",ALPHA candidate
SE-0203,Resolved Constricter Pattern 3,Creature-pattern manifestation,Genesis-expression body organized by a non-biological creature-like chiral pattern; no soul or natural animal is imported.,Non-sentient; autonomous within validated behavior/command architecture.,"[""Genesis Expression"", ""Resonance"", ""Chirality""]","[""follow"", ""hold"", ""recall"", ""select resolved target"", ""lane control / restraint""]",lane control / restraint,Medium,ground/climb,"[""kinetic contact/impact appropriate to resolved body geometry"", ""role-specific pressure/displacement attack""]","[""coherent manifestation body"", ""role/scale-dependent structural persistence""]",moderate,moderate initial formation load,moderate continuous sustain,"30 minutes–3 hours depending on scale, rank, competency, and basin state.","[""Yellow"", ""Violet""]","Structural identity only; no basin-to-domain, basin-to-element, or basin-to-power mapping.","{""Yellow"": ""continuous"", ""Violet"": ""continuous""}","[""dismissal"", ""required-basin exhaustion"", ""structural decoherence"", ""unrecoverable leash/control failure""]",Simple autonomous behavior package; no personhood.,Rank-dependent.,"{""Red"": ""Baseline inefficient manifestation."", ""Orange"": ""Improved sustain/control."", ""Yellow"": ""Improved output/mobility."", ""Green"": ""Combat-grade autonomy."", ""Blue"": ""Reduced cognitive steering."", ""Violet"": ""Elite persistence/control."", ""White"": ""Mature manifestation plus secondary expression.""}",Role Autonomy — execute the complete validated role package for a short interval with minimal active steering.,Creature Manifestation — Constricter,"[""Summoner"", ""Creature Pattern"", ""Constricter"", ""lane control / restraint"", ""Medium""]",ALPHA candidate
SE-0204,Resolved Breaker Pattern 3,Creature-pattern manifestation,Genesis-expression body organized by a non-biological creature-like chiral pattern; no soul or natural animal is imported.,Non-sentient; autonomous within validated behavior/command architecture.,"[""Genesis Expression"", ""Resonance"", ""Chirality""]","[""follow"", ""hold"", ""recall"", ""select resolved target"", ""breaker / siege""]",breaker / siege,Huge,ground,"[""kinetic contact/impact appropriate to resolved body geometry"", ""role-specific pressure/displacement attack""]","[""coherent manifestation body"", ""role/scale-dependent structural persistence""]",very high,very high initial formation load,very high continuous sustain,"30 minutes–3 hours depending on scale, rank, competency, and basin state.","[""Blue"", ""Orange"", ""Red""]","Structural identity only; no basin-to-domain, basin-to-element, or basin-to-power mapping.","{""Blue"": ""continuous"", ""Orange"": ""continuous"", ""Red"": ""continuous""}","[""dismissal"", ""required-basin exhaustion"", ""structural decoherence"", ""unrecoverable leash/control failure""]",Simple autonomous behavior package; no personhood.,Rank-dependent.,"{""Red"": ""Baseline inefficient manifestation."", ""Orange"": ""Improved sustain/control."", ""Yellow"": ""Improved output/mobility."", ""Green"": ""Combat-grade autonomy."", ""Blue"": ""Reduced cognitive steering."", ""Violet"": ""Elite persistence/control."", ""White"": ""Mature manifestation plus secondary expression.""}",Role Autonomy — execute the complete validated role package for a short interval with minimal active steering.,Creature Manifestation — Breaker,"[""Summoner"", ""Creature Pattern"", ""Breaker"", ""breaker / siege"", ""Huge""]",ALPHA candidate
SE-0205,Resolved Pursuit Hound Pattern 4,Creature-pattern manifestation,Genesis-expression body organized by a non-biological creature-like chiral pattern; no soul or natural animal is imported.,Non-sentient; autonomous within validated behavior/command architecture.,"[""Genesis Expression"", ""Resonance"", ""Chirality""]","[""follow"", ""hold"", ""recall"", ""select resolved target"", ""pursuit / interception""]",pursuit / interception,Small,ground sprint/leap,"[""kinetic contact/impact appropriate to resolved body geometry"", ""role-specific pressure/displacement attack""]","[""coherent manifestation body"", ""role/scale-dependent structural persistence""]",moderate,moderate initial formation load,moderate continuous sustain,"30 minutes–3 hours depending on scale, rank, competency, and basin state.","[""Red"", ""Green""]","Structural identity only; no basin-to-domain, basin-to-element, or basin-to-power mapping.","{""Red"": ""continuous"", ""Green"": ""continuous""}","[""dismissal"", ""required-basin exhaustion"", ""structural decoherence"", ""unrecoverable leash/control failure""]",Simple autonomous behavior package; no personhood.,Rank-dependent.,"{""Red"": ""Baseline inefficient manifestation."", ""Orange"": ""Improved sustain/control."", ""Yellow"": ""Improved output/mobility."", ""Green"": ""Combat-grade autonomy."", ""Blue"": ""Reduced cognitive steering."", ""Violet"": ""Elite persistence/control."", ""White"": ""Mature manifestation plus secondary expression.""}",Role Autonomy — execute the complete validated role package for a short interval with minimal active steering.,Creature Manifestation — Pursuit Hound,"[""Summoner"", ""Creature Pattern"", ""Pursuit Hound"", ""pursuit / interception"", ""Small""]",ALPHA candidate
SE-0206,Resolved Aerial Hunter Pattern 4,Creature-pattern manifestation,Genesis-expression body organized by a non-biological creature-like chiral pattern; no soul or natural animal is imported.,Non-sentient; autonomous within validated behavior/command architecture.,"[""Genesis Expression"", ""Resonance"", ""Chirality""]","[""follow"", ""hold"", ""recall"", ""select resolved target"", ""aerial pursuit / strike""]",aerial pursuit / strike,Small,aerial,"[""kinetic contact/impact appropriate to resolved body geometry"", ""role-specific pressure/displacement attack""]","[""coherent manifestation body"", ""role/scale-dependent structural persistence""]",moderate,moderate initial formation load,moderate continuous sustain,"30 minutes–3 hours depending on scale, rank, competency, and basin state.","[""Yellow"", ""Violet""]","Structural identity only; no basin-to-domain, basin-to-element, or basin-to-power mapping.","{""Yellow"": ""continuous"", ""Violet"": ""continuous""}","[""dismissal"", ""required-basin exhaustion"", ""structural decoherence"", ""unrecoverable leash/control failure""]",Simple autonomous behavior package; no personhood.,Rank-dependent.,"{""Red"": ""Baseline inefficient manifestation."", ""Orange"": ""Improved sustain/control."", ""Yellow"": ""Improved output/mobility."", ""Green"": ""Combat-grade autonomy."", ""Blue"": ""Reduced cognitive steering."", ""Violet"": ""Elite persistence/control."", ""White"": ""Mature manifestation plus secondary expression.""}",Role Autonomy — execute the complete validated role package for a short interval with minimal active steering.,Creature Manifestation — Aerial Hunter,"[""Summoner"", ""Creature Pattern"", ""Aerial Hunter"", ""aerial pursuit / strike"", ""Small""]",ALPHA candidate
SE-0207,Resolved Burrower Pattern 4,Creature-pattern manifestation,Genesis-expression body organized by a non-biological creature-like chiral pattern; no soul or natural animal is imported.,Non-sentient; autonomous within validated behavior/command architecture.,"[""Genesis Expression"", ""Resonance"", ""Chirality""]","[""follow"", ""hold"", ""recall"", ""select resolved target"", ""ambush / terrain approach""]",ambush / terrain approach,Medium,ground/burrow,"[""kinetic contact/impact appropriate to resolved body geometry"", ""role-specific pressure/displacement attack""]","[""coherent manifestation body"", ""role/scale-dependent structural persistence""]",moderate,moderate initial formation load,moderate continuous sustain,"30 minutes–3 hours depending on scale, rank, competency, and basin state.","[""Blue"", ""Orange""]","Structural identity only; no basin-to-domain, basin-to-element, or basin-to-power mapping.","{""Blue"": ""continuous"", ""Orange"": ""continuous""}","[""dismissal"", ""required-basin exhaustion"", ""structural decoherence"", ""unrecoverable leash/control failure""]",Simple autonomous behavior package; no personhood.,Rank-dependent.,"{""Red"": ""Baseline inefficient manifestation."", ""Orange"": ""Improved sustain/control."", ""Yellow"": ""Improved output/mobility."", ""Green"": ""Combat-grade autonomy."", ""Blue"": ""Reduced cognitive steering."", ""Violet"": ""Elite persistence/control."", ""White"": ""Mature manifestation plus secondary expression.""}",Role Autonomy — execute the complete validated role package for a short interval with minimal active steering.,Creature Manifestation — Burrower,"[""Summoner"", ""Creature Pattern"", ""Burrower"", ""ambush / terrain approach"", ""Medium""]",ALPHA candidate
SE-0208,Resolved Wall Crawler Pattern 4,Creature-pattern manifestation,Genesis-expression body organized by a non-biological creature-like chiral pattern; no soul or natural animal is imported.,Non-sentient; autonomous within validated behavior/command architecture.,"[""Genesis Expression"", ""Resonance"", ""Chirality""]","[""follow"", ""hold"", ""recall"", ""select resolved target"", ""scout / flank""]",scout / flank,Small,ground/wall/ceiling,"[""kinetic contact/impact appropriate to resolved body geometry"", ""role-specific pressure/displacement attack""]","[""coherent manifestation body"", ""role/scale-dependent structural persistence""]",moderate,moderate initial formation load,moderate continuous sustain,"30 minutes–3 hours depending on scale, rank, competency, and basin state.","[""Red"", ""Green""]","Structural identity only; no basin-to-domain, basin-to-element, or basin-to-power mapping.","{""Red"": ""continuous"", ""Green"": ""continuous""}","[""dismissal"", ""required-basin exhaustion"", ""structural decoherence"", ""unrecoverable leash/control failure""]",Simple autonomous behavior package; no personhood.,Rank-dependent.,"{""Red"": ""Baseline inefficient manifestation."", ""Orange"": ""Improved sustain/control."", ""Yellow"": ""Improved output/mobility."", ""Green"": ""Combat-grade autonomy."", ""Blue"": ""Reduced cognitive steering."", ""Violet"": ""Elite persistence/control."", ""White"": ""Mature manifestation plus secondary expression.""}",Role Autonomy — execute the complete validated role package for a short interval with minimal active steering.,Creature Manifestation — Wall Crawler,"[""Summoner"", ""Creature Pattern"", ""Wall Crawler"", ""scout / flank"", ""Small""]",ALPHA candidate
SE-0209,Resolved Guardian Pattern 4,Creature-pattern manifestation,Genesis-expression body organized by a non-biological creature-like chiral pattern; no soul or natural animal is imported.,Non-sentient; autonomous within validated behavior/command architecture.,"[""Genesis Expression"", ""Resonance"", ""Chirality""]","[""follow"", ""hold"", ""recall"", ""select resolved target"", ""guard / intercept""]",guard / intercept,Large,ground,"[""kinetic contact/impact appropriate to resolved body geometry"", ""role-specific pressure/displacement attack""]","[""coherent manifestation body"", ""role/scale-dependent structural persistence""]",moderate,moderate initial formation load,moderate continuous sustain,"30 minutes–3 hours depending on scale, rank, competency, and basin state.","[""Yellow"", ""Violet""]","Structural identity only; no basin-to-domain, basin-to-element, or basin-to-power mapping.","{""Yellow"": ""continuous"", ""Violet"": ""continuous""}","[""dismissal"", ""required-basin exhaustion"", ""structural decoherence"", ""unrecoverable leash/control failure""]",Simple autonomous behavior package; no personhood.,Rank-dependent.,"{""Red"": ""Baseline inefficient manifestation."", ""Orange"": ""Improved sustain/control."", ""Yellow"": ""Improved output/mobility."", ""Green"": ""Combat-grade autonomy."", ""Blue"": ""Reduced cognitive steering."", ""Violet"": ""Elite persistence/control."", ""White"": ""Mature manifestation plus secondary expression.""}",Role Autonomy — execute the complete validated role package for a short interval with minimal active steering.,Creature Manifestation — Guardian,"[""Summoner"", ""Creature Pattern"", ""Guardian"", ""guard / intercept"", ""Large""]",ALPHA candidate
SE-0210,Resolved Carrier Pattern 4,Creature-pattern manifestation,Genesis-expression body organized by a non-biological creature-like chiral pattern; no soul or natural animal is imported.,Non-sentient; autonomous within validated behavior/command architecture.,"[""Genesis Expression"", ""Resonance"", ""Chirality""]","[""follow"", ""hold"", ""recall"", ""select resolved target"", ""transport / extraction""]",transport / extraction,Large,ground,"[""kinetic contact/impact appropriate to resolved body geometry"", ""role-specific pressure/displacement attack""]","[""coherent manifestation body"", ""role/scale-dependent structural persistence""]",moderate,moderate initial formation load,moderate continuous sustain,"30 minutes–3 hours depending on scale, rank, competency, and basin state.","[""Blue"", ""Orange""]","Structural identity only; no basin-to-domain, basin-to-element, or basin-to-power mapping.","{""Blue"": ""continuous"", ""Orange"": ""continuous""}","[""dismissal"", ""required-basin exhaustion"", ""structural decoherence"", ""unrecoverable leash/control failure""]",Simple autonomous behavior package; no personhood.,Rank-dependent.,"{""Red"": ""Baseline inefficient manifestation."", ""Orange"": ""Improved sustain/control."", ""Yellow"": ""Improved output/mobility."", ""Green"": ""Combat-grade autonomy."", ""Blue"": ""Reduced cognitive steering."", ""Violet"": ""Elite persistence/control."", ""White"": ""Mature manifestation plus secondary expression.""}",Role Autonomy — execute the complete validated role package for a short interval with minimal active steering.,Creature Manifestation — Carrier,"[""Summoner"", ""Creature Pattern"", ""Carrier"", ""transport / extraction"", ""Large""]",ALPHA candidate
SE-0211,Resolved Constricter Pattern 4,Creature-pattern manifestation,Genesis-expression body organized by a non-biological creature-like chiral pattern; no soul or natural animal is imported.,Non-sentient; autonomous within validated behavior/command architecture.,"[""Genesis Expression"", ""Resonance"", ""Chirality""]","[""follow"", ""hold"", ""recall"", ""select resolved target"", ""lane control / restraint""]",lane control / restraint,Medium,ground/climb,"[""kinetic contact/impact appropriate to resolved body geometry"", ""role-specific pressure/displacement attack""]","[""coherent manifestation body"", ""role/scale-dependent structural persistence""]",moderate,moderate initial formation load,moderate continuous sustain,"30 minutes–3 hours depending on scale, rank, competency, and basin state.","[""Red"", ""Green""]","Structural identity only; no basin-to-domain, basin-to-element, or basin-to-power mapping.","{""Red"": ""continuous"", ""Green"": ""continuous""}","[""dismissal"", ""required-basin exhaustion"", ""structural decoherence"", ""unrecoverable leash/control failure""]",Simple autonomous behavior package; no personhood.,Rank-dependent.,"{""Red"": ""Baseline inefficient manifestation."", ""Orange"": ""Improved sustain/control."", ""Yellow"": ""Improved output/mobility."", ""Green"": ""Combat-grade autonomy."", ""Blue"": ""Reduced cognitive steering."", ""Violet"": ""Elite persistence/control."", ""White"": ""Mature manifestation plus secondary expression.""}",Role Autonomy — execute the complete validated role package for a short interval with minimal active steering.,Creature Manifestation — Constricter,"[""Summoner"", ""Creature Pattern"", ""Constricter"", ""lane control / restraint"", ""Medium""]",ALPHA candidate
SE-0212,Resolved Breaker Pattern 4,Creature-pattern manifestation,Genesis-expression body organized by a non-biological creature-like chiral pattern; no soul or natural animal is imported.,Non-sentient; autonomous within validated behavior/command architecture.,"[""Genesis Expression"", ""Resonance"", ""Chirality""]","[""follow"", ""hold"", ""recall"", ""select resolved target"", ""breaker / siege""]",breaker / siege,Huge,ground,"[""kinetic contact/impact appropriate to resolved body geometry"", ""role-specific pressure/displacement attack""]","[""coherent manifestation body"", ""role/scale-dependent structural persistence""]",very high,very high initial formation load,very high continuous sustain,"30 minutes–3 hours depending on scale, rank, competency, and basin state.","[""Yellow"", ""Violet""]","Structural identity only; no basin-to-domain, basin-to-element, or basin-to-power mapping.","{""Yellow"": ""continuous"", ""Violet"": ""continuous""}","[""dismissal"", ""required-basin exhaustion"", ""structural decoherence"", ""unrecoverable leash/control failure""]",Simple autonomous behavior package; no personhood.,Rank-dependent.,"{""Red"": ""Baseline inefficient manifestation."", ""Orange"": ""Improved sustain/control."", ""Yellow"": ""Improved output/mobility."", ""Green"": ""Combat-grade autonomy."", ""Blue"": ""Reduced cognitive steering."", ""Violet"": ""Elite persistence/control."", ""White"": ""Mature manifestation plus secondary expression.""}",Role Autonomy — execute the complete validated role package for a short interval with minimal active steering.,Creature Manifestation — Breaker,"[""Summoner"", ""Creature Pattern"", ""Breaker"", ""breaker / siege"", ""Huge""]",ALPHA candidate
SE-0213,Resolved Pursuit Hound Pattern 5,Creature-pattern manifestation,Genesis-expression body organized by a non-biological creature-like chiral pattern; no soul or natural animal is imported.,Non-sentient; autonomous within validated behavior/command architecture.,"[""Genesis Expression"", ""Resonance"", ""Chirality""]","[""follow"", ""hold"", ""recall"", ""select resolved target"", ""pursuit / interception""]",pursuit / interception,Small,ground sprint/leap,"[""kinetic contact/impact appropriate to resolved body geometry"", ""role-specific pressure/displacement attack""]","[""coherent manifestation body"", ""role/scale-dependent structural persistence""]",moderate,moderate initial formation load,moderate continuous sustain,"30 minutes–3 hours depending on scale, rank, competency, and basin state.","[""Blue"", ""Orange""]","Structural identity only; no basin-to-domain, basin-to-element, or basin-to-power mapping.","{""Blue"": ""continuous"", ""Orange"": ""continuous""}","[""dismissal"", ""required-basin exhaustion"", ""structural decoherence"", ""unrecoverable leash/control failure""]",Simple autonomous behavior package; no personhood.,Rank-dependent.,"{""Red"": ""Baseline inefficient manifestation."", ""Orange"": ""Improved sustain/control."", ""Yellow"": ""Improved output/mobility."", ""Green"": ""Combat-grade autonomy."", ""Blue"": ""Reduced cognitive steering."", ""Violet"": ""Elite persistence/control."", ""White"": ""Mature manifestation plus secondary expression.""}",Role Autonomy — execute the complete validated role package for a short interval with minimal active steering.,Creature Manifestation — Pursuit Hound,"[""Summoner"", ""Creature Pattern"", ""Pursuit Hound"", ""pursuit / interception"", ""Small""]",ALPHA candidate
SE-0214,Resolved Aerial Hunter Pattern 5,Creature-pattern manifestation,Genesis-expression body organized by a non-biological creature-like chiral pattern; no soul or natural animal is imported.,Non-sentient; autonomous within validated behavior/command architecture.,"[""Genesis Expression"", ""Resonance"", ""Chirality""]","[""follow"", ""hold"", ""recall"", ""select resolved target"", ""aerial pursuit / strike""]",aerial pursuit / strike,Small,aerial,"[""kinetic contact/impact appropriate to resolved body geometry"", ""role-specific pressure/displacement attack""]","[""coherent manifestation body"", ""role/scale-dependent structural persistence""]",moderate,moderate initial formation load,moderate continuous sustain,"30 minutes–3 hours depending on scale, rank, competency, and basin state.","[""Red"", ""Green""]","Structural identity only; no basin-to-domain, basin-to-element, or basin-to-power mapping.","{""Red"": ""continuous"", ""Green"": ""continuous""}","[""dismissal"", ""required-basin exhaustion"", ""structural decoherence"", ""unrecoverable leash/control failure""]",Simple autonomous behavior package; no personhood.,Rank-dependent.,"{""Red"": ""Baseline inefficient manifestation."", ""Orange"": ""Improved sustain/control."", ""Yellow"": ""Improved output/mobility."", ""Green"": ""Combat-grade autonomy."", ""Blue"": ""Reduced cognitive steering."", ""Violet"": ""Elite persistence/control."", ""White"": ""Mature manifestation plus secondary expression.""}",Role Autonomy — execute the complete validated role package for a short interval with minimal active steering.,Creature Manifestation — Aerial Hunter,"[""Summoner"", ""Creature Pattern"", ""Aerial Hunter"", ""aerial pursuit / strike"", ""Small""]",ALPHA candidate
SE-0215,Resolved Burrower Pattern 5,Creature-pattern manifestation,Genesis-expression body organized by a non-biological creature-like chiral pattern; no soul or natural animal is imported.,Non-sentient; autonomous within validated behavior/command architecture.,"[""Genesis Expression"", ""Resonance"", ""Chirality""]","[""follow"", ""hold"", ""recall"", ""select resolved target"", ""ambush / terrain approach""]",ambush / terrain approach,Medium,ground/burrow,"[""kinetic contact/impact appropriate to resolved body geometry"", ""role-specific pressure/displacement attack""]","[""coherent manifestation body"", ""role/scale-dependent structural persistence""]",moderate,moderate initial formation load,moderate continuous sustain,"30 minutes–3 hours depending on scale, rank, competency, and basin state.","[""Yellow"", ""Violet""]","Structural identity only; no basin-to-domain, basin-to-element, or basin-to-power mapping.","{""Yellow"": ""continuous"", ""Violet"": ""continuous""}","[""dismissal"", ""required-basin exhaustion"", ""structural decoherence"", ""unrecoverable leash/control failure""]",Simple autonomous behavior package; no personhood.,Rank-dependent.,"{""Red"": ""Baseline inefficient manifestation."", ""Orange"": ""Improved sustain/control."", ""Yellow"": ""Improved output/mobility."", ""Green"": ""Combat-grade autonomy."", ""Blue"": ""Reduced cognitive steering."", ""Violet"": ""Elite persistence/control."", ""White"": ""Mature manifestation plus secondary expression.""}",Role Autonomy — execute the complete validated role package for a short interval with minimal active steering.,Creature Manifestation — Burrower,"[""Summoner"", ""Creature Pattern"", ""Burrower"", ""ambush / terrain approach"", ""Medium""]",ALPHA candidate
SE-0216,Resolved Wall Crawler Pattern 5,Creature-pattern manifestation,Genesis-expression body organized by a non-biological creature-like chiral pattern; no soul or natural animal is imported.,Non-sentient; autonomous within validated behavior/command architecture.,"[""Genesis Expression"", ""Resonance"", ""Chirality""]","[""follow"", ""hold"", ""recall"", ""select resolved target"", ""scout / flank""]",scout / flank,Small,ground/wall/ceiling,"[""kinetic contact/impact appropriate to resolved body geometry"", ""role-specific pressure/displacement attack""]","[""coherent manifestation body"", ""role/scale-dependent structural persistence""]",moderate,moderate initial formation load,moderate continuous sustain,"30 minutes–3 hours depending on scale, rank, competency, and basin state.","[""Blue"", ""Orange""]","Structural identity only; no basin-to-domain, basin-to-element, or basin-to-power mapping.","{""Blue"": ""continuous"", ""Orange"": ""continuous""}","[""dismissal"", ""required-basin exhaustion"", ""structural decoherence"", ""unrecoverable leash/control failure""]",Simple autonomous behavior package; no personhood.,Rank-dependent.,"{""Red"": ""Baseline inefficient manifestation."", ""Orange"": ""Improved sustain/control."", ""Yellow"": ""Improved output/mobility."", ""Green"": ""Combat-grade autonomy."", ""Blue"": ""Reduced cognitive steering."", ""Violet"": ""Elite persistence/control."", ""White"": ""Mature manifestation plus secondary expression.""}",Role Autonomy — execute the complete validated role package for a short interval with minimal active steering.,Creature Manifestation — Wall Crawler,"[""Summoner"", ""Creature Pattern"", ""Wall Crawler"", ""scout / flank"", ""Small""]",ALPHA candidate
SE-0217,Resolved Guardian Pattern 5,Creature-pattern manifestation,Genesis-expression body organized by a non-biological creature-like chiral pattern; no soul or natural animal is imported.,Non-sentient; autonomous within validated behavior/command architecture.,"[""Genesis Expression"", ""Resonance"", ""Chirality""]","[""follow"", ""hold"", ""recall"", ""select resolved target"", ""guard / intercept""]",guard / intercept,Large,ground,"[""kinetic contact/impact appropriate to resolved body geometry"", ""role-specific pressure/displacement attack""]","[""coherent manifestation body"", ""role/scale-dependent structural persistence""]",moderate,moderate initial formation load,moderate continuous sustain,"30 minutes–3 hours depending on scale, rank, competency, and basin state.","[""Red"", ""Green""]","Structural identity only; no basin-to-domain, basin-to-element, or basin-to-power mapping.","{""Red"": ""continuous"", ""Green"": ""continuous""}","[""dismissal"", ""required-basin exhaustion"", ""structural decoherence"", ""unrecoverable leash/control failure""]",Simple autonomous behavior package; no personhood.,Rank-dependent.,"{""Red"": ""Baseline inefficient manifestation."", ""Orange"": ""Improved sustain/control."", ""Yellow"": ""Improved output/mobility."", ""Green"": ""Combat-grade autonomy."", ""Blue"": ""Reduced cognitive steering."", ""Violet"": ""Elite persistence/control."", ""White"": ""Mature manifestation plus secondary expression.""}",Role Autonomy — execute the complete validated role package for a short interval with minimal active steering.,Creature Manifestation — Guardian,"[""Summoner"", ""Creature Pattern"", ""Guardian"", ""guard / intercept"", ""Large""]",ALPHA candidate
SE-0218,Resolved Carrier Pattern 5,Creature-pattern manifestation,Genesis-expression body organized by a non-biological creature-like chiral pattern; no soul or natural animal is imported.,Non-sentient; autonomous within validated behavior/command architecture.,"[""Genesis Expression"", ""Resonance"", ""Chirality""]","[""follow"", ""hold"", ""recall"", ""select resolved target"", ""transport / extraction""]",transport / extraction,Large,ground,"[""kinetic contact/impact appropriate to resolved body geometry"", ""role-specific pressure/displacement attack""]","[""coherent manifestation body"", ""role/scale-dependent structural persistence""]",moderate,moderate initial formation load,moderate continuous sustain,"30 minutes–3 hours depending on scale, rank, competency, and basin state.","[""Yellow"", ""Violet""]","Structural identity only; no basin-to-domain, basin-to-element, or basin-to-power mapping.","{""Yellow"": ""continuous"", ""Violet"": ""continuous""}","[""dismissal"", ""required-basin exhaustion"", ""structural decoherence"", ""unrecoverable leash/control failure""]",Simple autonomous behavior package; no personhood.,Rank-dependent.,"{""Red"": ""Baseline inefficient manifestation."", ""Orange"": ""Improved sustain/control."", ""Yellow"": ""Improved output/mobility."", ""Green"": ""Combat-grade autonomy."", ""Blue"": ""Reduced cognitive steering."", ""Violet"": ""Elite persistence/control."", ""White"": ""Mature manifestation plus secondary expression.""}",Role Autonomy — execute the complete validated role package for a short interval with minimal active steering.,Creature Manifestation — Carrier,"[""Summoner"", ""Creature Pattern"", ""Carrier"", ""transport / extraction"", ""Large""]",ALPHA candidate
SE-0219,Resolved Constricter Pattern 5,Creature-pattern manifestation,Genesis-expression body organized by a non-biological creature-like chiral pattern; no soul or natural animal is imported.,Non-sentient; autonomous within validated behavior/command architecture.,"[""Genesis Expression"", ""Resonance"", ""Chirality""]","[""follow"", ""hold"", ""recall"", ""select resolved target"", ""lane control / restraint""]",lane control / restraint,Medium,ground/climb,"[""kinetic contact/impact appropriate to resolved body geometry"", ""role-specific pressure/displacement attack""]","[""coherent manifestation body"", ""role/scale-dependent structural persistence""]",moderate,moderate initial formation load,moderate continuous sustain,"30 minutes–3 hours depending on scale, rank, competency, and basin state.","[""Blue"", ""Orange""]","Structural identity only; no basin-to-domain, basin-to-element, or basin-to-power mapping.","{""Blue"": ""continuous"", ""Orange"": ""continuous""}","[""dismissal"", ""required-basin exhaustion"", ""structural decoherence"", ""unrecoverable leash/control failure""]",Simple autonomous behavior package; no personhood.,Rank-dependent.,"{""Red"": ""Baseline inefficient manifestation."", ""Orange"": ""Improved sustain/control."", ""Yellow"": ""Improved output/mobility."", ""Green"": ""Combat-grade autonomy."", ""Blue"": ""Reduced cognitive steering."", ""Violet"": ""Elite persistence/control."", ""White"": ""Mature manifestation plus secondary expression.""}",Role Autonomy — execute the complete validated role package for a short interval with minimal active steering.,Creature Manifestation — Constricter,"[""Summoner"", ""Creature Pattern"", ""Constricter"", ""lane control / restraint"", ""Medium""]",ALPHA candidate
SE-0220,Resolved Breaker Pattern 5,Creature-pattern manifestation,Genesis-expression body organized by a non-biological creature-like chiral pattern; no soul or natural animal is imported.,Non-sentient; autonomous within validated behavior/command architecture.,"[""Genesis Expression"", ""Resonance"", ""Chirality""]","[""follow"", ""hold"", ""recall"", ""select resolved target"", ""breaker / siege""]",breaker / siege,Huge,ground,"[""kinetic contact/impact appropriate to resolved body geometry"", ""role-specific pressure/displacement attack""]","[""coherent manifestation body"", ""role/scale-dependent structural persistence""]",very high,very high initial formation load,very high continuous sustain,"30 minutes–3 hours depending on scale, rank, competency, and basin state.","[""Red"", ""Green"", ""Blue""]","Structural identity only; no basin-to-domain, basin-to-element, or basin-to-power mapping.","{""Red"": ""continuous"", ""Green"": ""continuous"", ""Blue"": ""continuous""}","[""dismissal"", ""required-basin exhaustion"", ""structural decoherence"", ""unrecoverable leash/control failure""]",Simple autonomous behavior package; no personhood.,Rank-dependent.,"{""Red"": ""Baseline inefficient manifestation."", ""Orange"": ""Improved sustain/control."", ""Yellow"": ""Improved output/mobility."", ""Green"": ""Combat-grade autonomy."", ""Blue"": ""Reduced cognitive steering."", ""Violet"": ""Elite persistence/control."", ""White"": ""Mature manifestation plus secondary expression.""}",Role Autonomy — execute the complete validated role package for a short interval with minimal active steering.,Creature Manifestation — Breaker,"[""Summoner"", ""Creature Pattern"", ""Breaker"", ""breaker / siege"", ""Huge""]",ALPHA candidate
