path_id,name,role_family,theme,transduction_domains,core_binding_ids,core_bindings,optional_binding_ids,optional_bindings,summoned_entity_ids,summoned_entities,combat_style,path_rank_progression,builder_logic,basin_note,notes,valnak_recommended_candidate,status
CM-P001,Triage Vanguard Path 01,Combat Medic,Triage Vanguard,"[""Persistent Topology / Coherence–Decoherence"", ""Genesis Expression""]","[""PT-0002"", ""PT-0003"", ""GE-0537"", ""GE-0001""]","[""Directed Coherence"", ""Persistent Coherence"", ""Absorption Shield"", ""Forking Acoustic Arc""]","[""GE-0537"", ""GE-0042"", ""GE-0041"", ""GF-0084""]","[""Absorption Shield"", ""Barrier Plane"", ""Barrier Dome"", ""Summon Dampen""]",[],[],Coherence + prevention + support/offense so the healer remains useful between healing demands.,"{""Red"": ""Entry package; establishes minimum functional identity, usually with shallow-ranked Bindings."", ""Orange"": ""First support/depth additions improve reliability and efficiency."", ""Yellow"": ""Core Bindings begin operating as a deliberate synergistic package."", ""Green"": ""Mature operational path with sustained-use competence."", ""Blue"": ""Advanced specialization; basin/fatigue management and expensive depth dominate."", ""Violet"": ""Elite long-term expression of the path."", ""White"": ""Path-complete exemplar; individual White Bindings retain their own secondary expressions.""}","Curated developmental trajectory, not a class prison. Builder may alter optional choices and Binding ranks.","Builder evaluates actual basin overlap. Basin colors are structural energy identities only, never domain/element/power labels.",Combat Medic is an alpha role label; helkir remains the healer profession.,True,ALPHA path candidate
CM-P002,Persistent Support Path 02,Combat Medic,Persistent Support,"[""Persistent Topology / Coherence–Decoherence"", ""Genesis Expression""]","[""PT-0003"", ""PT-0001"", ""GE-0042"", ""GE-0006""]","[""Persistent Coherence"", ""Coherence Field"", ""Barrier Plane"", ""Outward Acoustic Burst""]","[""GF-0084"", ""CH-0001"", ""CH-0002"", ""CH-0003""]","[""Summon Dampen"", ""Counter-Resolve Beam"", ""Counter-Resolve Bolt"", ""Counter-Resolve Field""]",[],[],Coherence + prevention + support/offense so the healer remains useful between healing demands.,"{""Red"": ""Entry package; establishes minimum functional identity, usually with shallow-ranked Bindings."", ""Orange"": ""First support/depth additions improve reliability and efficiency."", ""Yellow"": ""Core Bindings begin operating as a deliberate synergistic package."", ""Green"": ""Mature operational path with sustained-use competence."", ""Blue"": ""Advanced specialization; basin/fatigue management and expensive depth dominate."", ""Violet"": ""Elite long-term expression of the path."", ""White"": ""Path-complete exemplar; individual White Bindings retain their own secondary expressions.""}","Curated developmental trajectory, not a class prison. Builder may alter optional choices and Binding ranks.","Builder evaluates actual basin overlap. Basin colors are structural energy identities only, never domain/element/power labels.",Combat Medic is an alpha role label; helkir remains the healer profession.,False,ALPHA path candidate
CM-P003,Absorption Medic Path 03,Combat Medic,Absorption Medic,"[""Persistent Topology / Coherence–Decoherence"", ""Genesis Expression""]","[""PT-0001"", ""PT-0002"", ""GE-0041"", ""GE-0023""]","[""Coherence Field"", ""Directed Coherence"", ""Barrier Dome"", ""Burst Atmospheric Beam""]","[""CH-0003"", ""CH-0004"", ""CH-0005"", ""CH-0006""]","[""Counter-Resolve Field"", ""Counter-Resolve Mark"", ""Counter-Resolve Pulse"", ""Counter-Resolve Ring""]",[],[],Coherence + prevention + support/offense so the healer remains useful between healing demands.,"{""Red"": ""Entry package; establishes minimum functional identity, usually with shallow-ranked Bindings."", ""Orange"": ""First support/depth additions improve reliability and efficiency."", ""Yellow"": ""Core Bindings begin operating as a deliberate synergistic package."", ""Green"": ""Mature operational path with sustained-use competence."", ""Blue"": ""Advanced specialization; basin/fatigue management and expensive depth dominate."", ""Violet"": ""Elite long-term expression of the path."", ""White"": ""Path-complete exemplar; individual White Bindings retain their own secondary expressions.""}","Curated developmental trajectory, not a class prison. Builder may alter optional choices and Binding ranks.","Builder evaluates actual basin overlap. Basin colors are structural energy identities only, never domain/element/power labels.",Combat Medic is an alpha role label; helkir remains the healer profession.,False,ALPHA path candidate
CM-P004,Mobile Medic Path 04,Combat Medic,Mobile Medic,"[""Persistent Topology / Coherence–Decoherence"", ""Genesis Expression""]","[""PT-0002"", ""PT-0003"", ""GE-0537"", ""GE-0036""]","[""Directed Coherence"", ""Persistent Coherence"", ""Absorption Shield"", ""Released Atmospheric Projectile""]","[""CH-0006"", ""CH-0007"", ""CH-0008"", ""CH-0009""]","[""Counter-Resolve Ring"", ""Dampen Beam"", ""Dampen Bolt"", ""Dampen Field""]",[],[],Coherence + prevention + support/offense so the healer remains useful between healing demands.,"{""Red"": ""Entry package; establishes minimum functional identity, usually with shallow-ranked Bindings."", ""Orange"": ""First support/depth additions improve reliability and efficiency."", ""Yellow"": ""Core Bindings begin operating as a deliberate synergistic package."", ""Green"": ""Mature operational path with sustained-use competence."", ""Blue"": ""Advanced specialization; basin/fatigue management and expensive depth dominate."", ""Violet"": ""Elite long-term expression of the path."", ""White"": ""Path-complete exemplar; individual White Bindings retain their own secondary expressions.""}","Curated developmental trajectory, not a class prison. Builder may alter optional choices and Binding ranks.","Builder evaluates actual basin overlap. Basin colors are structural energy identities only, never domain/element/power labels.",Combat Medic is an alpha role label; helkir remains the healer profession.,False,ALPHA path candidate
CM-P005,Field Medic Path 05,Combat Medic,Field Medic,"[""Persistent Topology / Coherence–Decoherence"", ""Genesis Expression""]","[""PT-0003"", ""PT-0001"", ""GE-0042"", ""GE-0047""]","[""Persistent Coherence"", ""Coherence Field"", ""Barrier Plane"", ""Channeled Combustion Beam""]","[""CH-0009"", ""CH-0010"", ""CH-0011"", ""CH-0012""]","[""Dampen Field"", ""Dampen Mark"", ""Dampen Pulse"", ""Dampen Ring""]",[],[],Coherence + prevention + support/offense so the healer remains useful between healing demands.,"{""Red"": ""Entry package; establishes minimum functional identity, usually with shallow-ranked Bindings."", ""Orange"": ""First support/depth additions improve reliability and efficiency."", ""Yellow"": ""Core Bindings begin operating as a deliberate synergistic package."", ""Green"": ""Mature operational path with sustained-use competence."", ""Blue"": ""Advanced specialization; basin/fatigue management and expensive depth dominate."", ""Violet"": ""Elite long-term expression of the path."", ""White"": ""Path-complete exemplar; individual White Bindings retain their own secondary expressions.""}","Curated developmental trajectory, not a class prison. Builder may alter optional choices and Binding ranks.","Builder evaluates actual basin overlap. Basin colors are structural energy identities only, never domain/element/power labels.",Combat Medic is an alpha role label; helkir remains the healer profession.,False,ALPHA path candidate
CM-P006,Assault Medic Path 06,Combat Medic,Assault Medic,"[""Persistent Topology / Coherence–Decoherence"", ""Genesis Expression""]","[""PT-0001"", ""PT-0002"", ""GE-0041"", ""GE-0064""]","[""Coherence Field"", ""Directed Coherence"", ""Barrier Dome"", ""Forking Copper Arc""]","[""CH-0012"", ""CH-0013"", ""CH-0014"", ""CH-0015""]","[""Dampen Ring"", ""Deflect Beam"", ""Deflect Bolt"", ""Deflect Field""]",[],[],Coherence + prevention + support/offense so the healer remains useful between healing demands.,"{""Red"": ""Entry package; establishes minimum functional identity, usually with shallow-ranked Bindings."", ""Orange"": ""First support/depth additions improve reliability and efficiency."", ""Yellow"": ""Core Bindings begin operating as a deliberate synergistic package."", ""Green"": ""Mature operational path with sustained-use competence."", ""Blue"": ""Advanced specialization; basin/fatigue management and expensive depth dominate."", ""Violet"": ""Elite long-term expression of the path."", ""White"": ""Path-complete exemplar; individual White Bindings retain their own secondary expressions.""}","Curated developmental trajectory, not a class prison. Builder may alter optional choices and Binding ranks.","Builder evaluates actual basin overlap. Basin colors are structural energy identities only, never domain/element/power labels.",Combat Medic is an alpha role label; helkir remains the healer profession.,False,ALPHA path candidate
CM-P007,Triage Vanguard Path 07,Combat Medic,Triage Vanguard,"[""Persistent Topology / Coherence–Decoherence"", ""Genesis Expression""]","[""PT-0002"", ""PT-0003"", ""GE-0537"", ""GE-0069""]","[""Directed Coherence"", ""Persistent Coherence"", ""Absorption Shield"", ""Outward Copper Burst""]","[""CH-0015"", ""CH-0016"", ""CH-0017"", ""CH-0018""]","[""Deflect Field"", ""Deflect Mark"", ""Deflect Pulse"", ""Deflect Ring""]",[],[],Coherence + prevention + support/offense so the healer remains useful between healing demands.,"{""Red"": ""Entry package; establishes minimum functional identity, usually with shallow-ranked Bindings."", ""Orange"": ""First support/depth additions improve reliability and efficiency."", ""Yellow"": ""Core Bindings begin operating as a deliberate synergistic package."", ""Green"": ""Mature operational path with sustained-use competence."", ""Blue"": ""Advanced specialization; basin/fatigue management and expensive depth dominate."", ""Violet"": ""Elite long-term expression of the path."", ""White"": ""Path-complete exemplar; individual White Bindings retain their own secondary expressions.""}","Curated developmental trajectory, not a class prison. Builder may alter optional choices and Binding ranks.","Builder evaluates actual basin overlap. Basin colors are structural energy identities only, never domain/element/power labels.",Combat Medic is an alpha role label; helkir remains the healer profession.,False,ALPHA path candidate
CM-P008,Persistent Support Path 08,Combat Medic,Persistent Support,"[""Persistent Topology / Coherence–Decoherence"", ""Genesis Expression""]","[""PT-0003"", ""PT-0001"", ""GE-0042"", ""GE-0146""]","[""Persistent Coherence"", ""Coherence Field"", ""Barrier Plane"", ""Burst Cryogenic Beam""]","[""CH-0018"", ""CH-0025"", ""CH-0026"", ""CH-0027""]","[""Deflect Ring"", ""Interrupt Beam"", ""Interrupt Bolt"", ""Interrupt Field""]",[],[],Coherence + prevention + support/offense so the healer remains useful between healing demands.,"{""Red"": ""Entry package; establishes minimum functional identity, usually with shallow-ranked Bindings."", ""Orange"": ""First support/depth additions improve reliability and efficiency."", ""Yellow"": ""Core Bindings begin operating as a deliberate synergistic package."", ""Green"": ""Mature operational path with sustained-use competence."", ""Blue"": ""Advanced specialization; basin/fatigue management and expensive depth dominate."", ""Violet"": ""Elite long-term expression of the path."", ""White"": ""Path-complete exemplar; individual White Bindings retain their own secondary expressions.""}","Curated developmental trajectory, not a class prison. Builder may alter optional choices and Binding ranks.","Builder evaluates actual basin overlap. Basin colors are structural energy identities only, never domain/element/power labels.",Combat Medic is an alpha role label; helkir remains the healer profession.,True,ALPHA path candidate
CM-P009,Absorption Medic Path 09,Combat Medic,Absorption Medic,"[""Persistent Topology / Coherence–Decoherence"", ""Genesis Expression""]","[""PT-0001"", ""PT-0002"", ""GE-0041"", ""GE-0159""]","[""Coherence Field"", ""Directed Coherence"", ""Barrier Dome"", ""Released Cryogenic Projectile""]","[""CH-0027"", ""CH-0028"", ""CH-0029"", ""CH-0030""]","[""Interrupt Field"", ""Interrupt Mark"", ""Interrupt Pulse"", ""Interrupt Ring""]",[],[],Coherence + prevention + support/offense so the healer remains useful between healing demands.,"{""Red"": ""Entry package; establishes minimum functional identity, usually with shallow-ranked Bindings."", ""Orange"": ""First support/depth additions improve reliability and efficiency."", ""Yellow"": ""Core Bindings begin operating as a deliberate synergistic package."", ""Green"": ""Mature operational path with sustained-use competence."", ""Blue"": ""Advanced specialization; basin/fatigue management and expensive depth dominate."", ""Violet"": ""Elite long-term expression of the path."", ""White"": ""Path-complete exemplar; individual White Bindings retain their own secondary expressions.""}","Curated developmental trajectory, not a class prison. Builder may alter optional choices and Binding ranks.","Builder evaluates actual basin overlap. Basin colors are structural energy identities only, never domain/element/power labels.",Combat Medic is an alpha role label; helkir remains the healer profession.,False,ALPHA path candidate
CM-P010,Mobile Medic Path 10,Combat Medic,Mobile Medic,"[""Persistent Topology / Coherence–Decoherence"", ""Genesis Expression""]","[""PT-0002"", ""PT-0003"", ""GE-0537"", ""GE-0168""]","[""Directed Coherence"", ""Persistent Coherence"", ""Absorption Shield"", ""Implosive Electrical Burst""]","[""CH-0030"", ""CH-0043"", ""CH-0044"", ""CH-0045""]","[""Interrupt Ring"", ""Sever Beam"", ""Sever Bolt"", ""Sever Field""]",[],[],Coherence + prevention + support/offense so the healer remains useful between healing demands.,"{""Red"": ""Entry package; establishes minimum functional identity, usually with shallow-ranked Bindings."", ""Orange"": ""First support/depth additions improve reliability and efficiency."", ""Yellow"": ""Core Bindings begin operating as a deliberate synergistic package."", ""Green"": ""Mature operational path with sustained-use competence."", ""Blue"": ""Advanced specialization; basin/fatigue management and expensive depth dominate."", ""Violet"": ""Elite long-term expression of the path."", ""White"": ""Path-complete exemplar; individual White Bindings retain their own secondary expressions.""}","Curated developmental trajectory, not a class prison. Builder may alter optional choices and Binding ranks.","Builder evaluates actual basin overlap. Basin colors are structural energy identities only, never domain/element/power labels.",Combat Medic is an alpha role label; helkir remains the healer profession.,False,ALPHA path candidate
CM-P011,Field Medic Path 11,Combat Medic,Field Medic,"[""Persistent Topology / Coherence–Decoherence"", ""Genesis Expression""]","[""PT-0003"", ""PT-0001"", ""GE-0042"", ""GE-0305""]","[""Persistent Coherence"", ""Coherence Field"", ""Barrier Plane"", ""Single Glass Arc""]","[""CH-0045"", ""CH-0046"", ""CH-0047"", ""CH-0048""]","[""Sever Field"", ""Sever Mark"", ""Sever Pulse"", ""Sever Ring""]",[],[],Coherence + prevention + support/offense so the healer remains useful between healing demands.,"{""Red"": ""Entry package; establishes minimum functional identity, usually with shallow-ranked Bindings."", ""Orange"": ""First support/depth additions improve reliability and efficiency."", ""Yellow"": ""Core Bindings begin operating as a deliberate synergistic package."", ""Green"": ""Mature operational path with sustained-use competence."", ""Blue"": ""Advanced specialization; basin/fatigue management and expensive depth dominate."", ""Violet"": ""Elite long-term expression of the path."", ""White"": ""Path-complete exemplar; individual White Bindings retain their own secondary expressions.""}","Curated developmental trajectory, not a class prison. Builder may alter optional choices and Binding ranks.","Builder evaluates actual basin overlap. Basin colors are structural energy identities only, never domain/element/power labels.",Combat Medic is an alpha role label; helkir remains the healer profession.,False,ALPHA path candidate
CM-P012,Assault Medic Path 12,Combat Medic,Assault Medic,"[""Persistent Topology / Coherence–Decoherence"", ""Genesis Expression""]","[""PT-0001"", ""PT-0002"", ""GE-0041"", ""GE-0318""]","[""Coherence Field"", ""Directed Coherence"", ""Barrier Dome"", ""Overcharged Glass Projectile""]","[""CH-0048"", ""CH-0049"", ""CH-0050"", ""CH-0051""]","[""Sever Ring"", ""Suppress Beam"", ""Suppress Bolt"", ""Suppress Field""]",[],[],Coherence + prevention + support/offense so the healer remains useful between healing demands.,"{""Red"": ""Entry package; establishes minimum functional identity, usually with shallow-ranked Bindings."", ""Orange"": ""First support/depth additions improve reliability and efficiency."", ""Yellow"": ""Core Bindings begin operating as a deliberate synergistic package."", ""Green"": ""Mature operational path with sustained-use competence."", ""Blue"": ""Advanced specialization; basin/fatigue management and expensive depth dominate."", ""Violet"": ""Elite long-term expression of the path."", ""White"": ""Path-complete exemplar; individual White Bindings retain their own secondary expressions.""}","Curated developmental trajectory, not a class prison. Builder may alter optional choices and Binding ranks.","Builder evaluates actual basin overlap. Basin colors are structural energy identities only, never domain/element/power labels.",Combat Medic is an alpha role label; helkir remains the healer profession.,False,ALPHA path candidate
CM-P013,Triage Vanguard Path 13,Combat Medic,Triage Vanguard,"[""Persistent Topology / Coherence–Decoherence"", ""Genesis Expression""]","[""PT-0002"", ""PT-0003"", ""GE-0537"", ""GE-0327""]","[""Directed Coherence"", ""Persistent Coherence"", ""Absorption Shield"", ""Channeled Iron Beam""]","[""CH-0051"", ""CH-0052"", ""CH-0053"", ""CH-0054""]","[""Suppress Field"", ""Suppress Mark"", ""Suppress Pulse"", ""Suppress Ring""]",[],[],Coherence + prevention + support/offense so the healer remains useful between healing demands.,"{""Red"": ""Entry package; establishes minimum functional identity, usually with shallow-ranked Bindings."", ""Orange"": ""First support/depth additions improve reliability and efficiency."", ""Yellow"": ""Core Bindings begin operating as a deliberate synergistic package."", ""Green"": ""Mature operational path with sustained-use competence."", ""Blue"": ""Advanced specialization; basin/fatigue management and expensive depth dominate."", ""Violet"": ""Elite long-term expression of the path."", ""White"": ""Path-complete exemplar; individual White Bindings retain their own secondary expressions.""}","Curated developmental trajectory, not a class prison. Builder may alter optional choices and Binding ranks.","Builder evaluates actual basin overlap. Basin colors are structural energy identities only, never domain/element/power labels.",Combat Medic is an alpha role label; helkir remains the healer profession.,False,ALPHA path candidate
CM-P014,Persistent Support Path 14,Combat Medic,Persistent Support,"[""Persistent Topology / Coherence–Decoherence"", ""Genesis Expression""]","[""PT-0003"", ""PT-0001"", ""GE-0042"", ""GE-0344""]","[""Persistent Coherence"", ""Coherence Field"", ""Barrier Plane"", ""Forking Kinetic Arc""]","[""CH-0054"", ""GE-0001"", ""GE-0002"", ""GE-0003""]","[""Suppress Ring"", ""Forking Acoustic Arc"", ""Single Acoustic Arc"", ""Burst Acoustic Beam""]",[],[],Coherence + prevention + support/offense so the healer remains useful between healing demands.,"{""Red"": ""Entry package; establishes minimum functional identity, usually with shallow-ranked Bindings."", ""Orange"": ""First support/depth additions improve reliability and efficiency."", ""Yellow"": ""Core Bindings begin operating as a deliberate synergistic package."", ""Green"": ""Mature operational path with sustained-use competence."", ""Blue"": ""Advanced specialization; basin/fatigue management and expensive depth dominate."", ""Violet"": ""Elite long-term expression of the path."", ""White"": ""Path-complete exemplar; individual White Bindings retain their own secondary expressions.""}","Curated developmental trajectory, not a class prison. Builder may alter optional choices and Binding ranks.","Builder evaluates actual basin overlap. Basin colors are structural energy identities only, never domain/element/power labels.",Combat Medic is an alpha role label; helkir remains the healer profession.,False,ALPHA path candidate
CM-P015,Absorption Medic Path 15,Combat Medic,Absorption Medic,"[""Persistent Topology / Coherence–Decoherence"", ""Genesis Expression""]","[""PT-0001"", ""PT-0002"", ""GE-0041"", ""GE-0349""]","[""Coherence Field"", ""Directed Coherence"", ""Barrier Dome"", ""Outward Kinetic Burst""]","[""GE-0003"", ""GE-0004"", ""GE-0005"", ""GE-0006""]","[""Burst Acoustic Beam"", ""Channeled Acoustic Beam"", ""Implosive Acoustic Burst"", ""Outward Acoustic Burst""]",[],[],Coherence + prevention + support/offense so the healer remains useful between healing demands.,"{""Red"": ""Entry package; establishes minimum functional identity, usually with shallow-ranked Bindings."", ""Orange"": ""First support/depth additions improve reliability and efficiency."", ""Yellow"": ""Core Bindings begin operating as a deliberate synergistic package."", ""Green"": ""Mature operational path with sustained-use competence."", ""Blue"": ""Advanced specialization; basin/fatigue management and expensive depth dominate."", ""Violet"": ""Elite long-term expression of the path."", ""White"": ""Path-complete exemplar; individual White Bindings retain their own secondary expressions.""}","Curated developmental trajectory, not a class prison. Builder may alter optional choices and Binding ranks.","Builder evaluates actual basin overlap. Basin colors are structural energy identities only, never domain/element/power labels.",Combat Medic is an alpha role label; helkir remains the healer profession.,True,ALPHA path candidate
CM-P016,Mobile Medic Path 16,Combat Medic,Mobile Medic,"[""Persistent Topology / Coherence–Decoherence"", ""Genesis Expression""]","[""PT-0002"", ""PT-0003"", ""GE-0537"", ""GE-0366""]","[""Directed Coherence"", ""Persistent Coherence"", ""Absorption Shield"", ""Burst Magnetic Beam""]","[""GE-0006"", ""GE-0015"", ""GE-0016"", ""GE-0021""]","[""Outward Acoustic Burst"", ""Overcharged Acoustic Projectile"", ""Released Acoustic Projectile"", ""Forking Atmospheric Arc""]",[],[],Coherence + prevention + support/offense so the healer remains useful between healing demands.,"{""Red"": ""Entry package; establishes minimum functional identity, usually with shallow-ranked Bindings."", ""Orange"": ""First support/depth additions improve reliability and efficiency."", ""Yellow"": ""Core Bindings begin operating as a deliberate synergistic package."", ""Green"": ""Mature operational path with sustained-use competence."", ""Blue"": ""Advanced specialization; basin/fatigue management and expensive depth dominate."", ""Violet"": ""Elite long-term expression of the path."", ""White"": ""Path-complete exemplar; individual White Bindings retain their own secondary expressions.""}","Curated developmental trajectory, not a class prison. Builder may alter optional choices and Binding ranks.","Builder evaluates actual basin overlap. Basin colors are structural energy identities only, never domain/element/power labels.",Combat Medic is an alpha role label; helkir remains the healer profession.,False,ALPHA path candidate
CM-P017,Field Medic Path 17,Combat Medic,Field Medic,"[""Persistent Topology / Coherence–Decoherence"", ""Genesis Expression""]","[""PT-0003"", ""PT-0001"", ""GE-0042"", ""GE-0379""]","[""Persistent Coherence"", ""Coherence Field"", ""Barrier Plane"", ""Released Magnetic Projectile""]","[""GE-0021"", ""GE-0022"", ""GE-0023"", ""GE-0024""]","[""Forking Atmospheric Arc"", ""Single Atmospheric Arc"", ""Burst Atmospheric Beam"", ""Channeled Atmospheric Beam""]",[],[],Coherence + prevention + support/offense so the healer remains useful between healing demands.,"{""Red"": ""Entry package; establishes minimum functional identity, usually with shallow-ranked Bindings."", ""Orange"": ""First support/depth additions improve reliability and efficiency."", ""Yellow"": ""Core Bindings begin operating as a deliberate synergistic package."", ""Green"": ""Mature operational path with sustained-use competence."", ""Blue"": ""Advanced specialization; basin/fatigue management and expensive depth dominate."", ""Violet"": ""Elite long-term expression of the path."", ""White"": ""Path-complete exemplar; individual White Bindings retain their own secondary expressions.""}","Curated developmental trajectory, not a class prison. Builder may alter optional choices and Binding ranks.","Builder evaluates actual basin overlap. Basin colors are structural energy identities only, never domain/element/power labels.",Combat Medic is an alpha role label; helkir remains the healer profession.,False,ALPHA path candidate
CM-P018,Assault Medic Path 18,Combat Medic,Assault Medic,"[""Persistent Topology / Coherence–Decoherence"", ""Genesis Expression""]","[""PT-0001"", ""PT-0002"", ""GE-0041"", ""GE-0388""]","[""Coherence Field"", ""Directed Coherence"", ""Barrier Dome"", ""Implosive Mineral Burst""]","[""GE-0024"", ""GE-0025"", ""GE-0026"", ""GE-0035""]","[""Channeled Atmospheric Beam"", ""Implosive Atmospheric Burst"", ""Outward Atmospheric Burst"", ""Overcharged Atmospheric Projectile""]",[],[],Coherence + prevention + support/offense so the healer remains useful between healing demands.,"{""Red"": ""Entry package; establishes minimum functional identity, usually with shallow-ranked Bindings."", ""Orange"": ""First support/depth additions improve reliability and efficiency."", ""Yellow"": ""Core Bindings begin operating as a deliberate synergistic package."", ""Green"": ""Mature operational path with sustained-use competence."", ""Blue"": ""Advanced specialization; basin/fatigue management and expensive depth dominate."", ""Violet"": ""Elite long-term expression of the path."", ""White"": ""Path-complete exemplar; individual White Bindings retain their own secondary expressions.""}","Curated developmental trajectory, not a class prison. Builder may alter optional choices and Binding ranks.","Builder evaluates actual basin overlap. Basin colors are structural energy identities only, never domain/element/power labels.",Combat Medic is an alpha role label; helkir remains the healer profession.,False,ALPHA path candidate
CM-P019,Triage Vanguard Path 19,Combat Medic,Triage Vanguard,"[""Persistent Topology / Coherence–Decoherence"", ""Genesis Expression""]","[""PT-0002"", ""PT-0003"", ""GE-0537"", ""GE-0445""]","[""Directed Coherence"", ""Persistent Coherence"", ""Absorption Shield"", ""Forking Photonic Arc""]","[""GE-0035"", ""GE-0036"", ""GE-0043"", ""GE-0044""]","[""Overcharged Atmospheric Projectile"", ""Released Atmospheric Projectile"", ""Genesis Beam"", ""Forking Combustion Arc""]",[],[],Coherence + prevention + support/offense so the healer remains useful between healing demands.,"{""Red"": ""Entry package; establishes minimum functional identity, usually with shallow-ranked Bindings."", ""Orange"": ""First support/depth additions improve reliability and efficiency."", ""Yellow"": ""Core Bindings begin operating as a deliberate synergistic package."", ""Green"": ""Mature operational path with sustained-use competence."", ""Blue"": ""Advanced specialization; basin/fatigue management and expensive depth dominate."", ""Violet"": ""Elite long-term expression of the path."", ""White"": ""Path-complete exemplar; individual White Bindings retain their own secondary expressions.""}","Curated developmental trajectory, not a class prison. Builder may alter optional choices and Binding ranks.","Builder evaluates actual basin overlap. Basin colors are structural energy identities only, never domain/element/power labels.",Combat Medic is an alpha role label; helkir remains the healer profession.,False,ALPHA path candidate
CM-P020,Persistent Support Path 20,Combat Medic,Persistent Support,"[""Persistent Topology / Coherence–Decoherence"", ""Genesis Expression""]","[""PT-0003"", ""PT-0001"", ""GE-0042"", ""GE-0450""]","[""Persistent Coherence"", ""Coherence Field"", ""Barrier Plane"", ""Outward Photonic Burst""]","[""GE-0044"", ""GE-0045"", ""GE-0046"", ""GE-0047""]","[""Forking Combustion Arc"", ""Single Combustion Arc"", ""Burst Combustion Beam"", ""Channeled Combustion Beam""]",[],[],Coherence + prevention + support/offense so the healer remains useful between healing demands.,"{""Red"": ""Entry package; establishes minimum functional identity, usually with shallow-ranked Bindings."", ""Orange"": ""First support/depth additions improve reliability and efficiency."", ""Yellow"": ""Core Bindings begin operating as a deliberate synergistic package."", ""Green"": ""Mature operational path with sustained-use competence."", ""Blue"": ""Advanced specialization; basin/fatigue management and expensive depth dominate."", ""Violet"": ""Elite long-term expression of the path."", ""White"": ""Path-complete exemplar; individual White Bindings retain their own secondary expressions.""}","Curated developmental trajectory, not a class prison. Builder may alter optional choices and Binding ranks.","Builder evaluates actual basin overlap. Basin colors are structural energy identities only, never domain/element/power labels.",Combat Medic is an alpha role label; helkir remains the healer profession.,False,ALPHA path candidate
CM-P021,Absorption Medic Path 21,Combat Medic,Absorption Medic,"[""Persistent Topology / Coherence–Decoherence"", ""Genesis Expression""]","[""PT-0001"", ""PT-0002"", ""GE-0041"", ""GE-0467""]","[""Coherence Field"", ""Directed Coherence"", ""Barrier Dome"", ""Burst Plasma Beam""]","[""GE-0047"", ""GE-0048"", ""GE-0049"", ""GE-0058""]","[""Channeled Combustion Beam"", ""Implosive Combustion Burst"", ""Outward Combustion Burst"", ""Overcharged Combustion Projectile""]",[],[],Coherence + prevention + support/offense so the healer remains useful between healing demands.,"{""Red"": ""Entry package; establishes minimum functional identity, usually with shallow-ranked Bindings."", ""Orange"": ""First support/depth additions improve reliability and efficiency."", ""Yellow"": ""Core Bindings begin operating as a deliberate synergistic package."", ""Green"": ""Mature operational path with sustained-use competence."", ""Blue"": ""Advanced specialization; basin/fatigue management and expensive depth dominate."", ""Violet"": ""Elite long-term expression of the path."", ""White"": ""Path-complete exemplar; individual White Bindings retain their own secondary expressions.""}","Curated developmental trajectory, not a class prison. Builder may alter optional choices and Binding ranks.","Builder evaluates actual basin overlap. Basin colors are structural energy identities only, never domain/element/power labels.",Combat Medic is an alpha role label; helkir remains the healer profession.,False,ALPHA path candidate
CM-P022,Mobile Medic Path 22,Combat Medic,Mobile Medic,"[""Persistent Topology / Coherence–Decoherence"", ""Genesis Expression""]","[""PT-0002"", ""PT-0003"", ""GE-0537"", ""GE-0480""]","[""Directed Coherence"", ""Persistent Coherence"", ""Absorption Shield"", ""Released Plasma Projectile""]","[""GE-0058"", ""GE-0059"", ""GE-0064"", ""GE-0065""]","[""Overcharged Combustion Projectile"", ""Released Combustion Projectile"", ""Forking Copper Arc"", ""Single Copper Arc""]",[],[],Coherence + prevention + support/offense so the healer remains useful between healing demands.,"{""Red"": ""Entry package; establishes minimum functional identity, usually with shallow-ranked Bindings."", ""Orange"": ""First support/depth additions improve reliability and efficiency."", ""Yellow"": ""Core Bindings begin operating as a deliberate synergistic package."", ""Green"": ""Mature operational path with sustained-use competence."", ""Blue"": ""Advanced specialization; basin/fatigue management and expensive depth dominate."", ""Violet"": ""Elite long-term expression of the path."", ""White"": ""Path-complete exemplar; individual White Bindings retain their own secondary expressions.""}","Curated developmental trajectory, not a class prison. Builder may alter optional choices and Binding ranks.","Builder evaluates actual basin overlap. Basin colors are structural energy identities only, never domain/element/power labels.",Combat Medic is an alpha role label; helkir remains the healer profession.,True,ALPHA path candidate
CM-P023,Field Medic Path 23,Combat Medic,Field Medic,"[""Persistent Topology / Coherence–Decoherence"", ""Genesis Expression""]","[""PT-0003"", ""PT-0001"", ""GE-0042"", ""GE-0489""]","[""Persistent Coherence"", ""Coherence Field"", ""Barrier Plane"", ""Implosive Pressure Burst""]","[""GE-0065"", ""GE-0066"", ""GE-0067"", ""GE-0068""]","[""Single Copper Arc"", ""Burst Copper Beam"", ""Channeled Copper Beam"", ""Implosive Copper Burst""]",[],[],Coherence + prevention + support/offense so the healer remains useful between healing demands.,"{""Red"": ""Entry package; establishes minimum functional identity, usually with shallow-ranked Bindings."", ""Orange"": ""First support/depth additions improve reliability and efficiency."", ""Yellow"": ""Core Bindings begin operating as a deliberate synergistic package."", ""Green"": ""Mature operational path with sustained-use competence."", ""Blue"": ""Advanced specialization; basin/fatigue management and expensive depth dominate."", ""Violet"": ""Elite long-term expression of the path."", ""White"": ""Path-complete exemplar; individual White Bindings retain their own secondary expressions.""}","Curated developmental trajectory, not a class prison. Builder may alter optional choices and Binding ranks.","Builder evaluates actual basin overlap. Basin colors are structural energy identities only, never domain/element/power labels.",Combat Medic is an alpha role label; helkir remains the healer profession.,False,ALPHA path candidate
CM-P024,Assault Medic Path 24,Combat Medic,Assault Medic,"[""Persistent Topology / Coherence–Decoherence"", ""Genesis Expression""]","[""PT-0001"", ""PT-0002"", ""GE-0041"", ""GE-0506""]","[""Coherence Field"", ""Directed Coherence"", ""Barrier Dome"", ""Single Sand Arc""]","[""GE-0068"", ""GE-0069"", ""GE-0078"", ""GE-0079""]","[""Implosive Copper Burst"", ""Outward Copper Burst"", ""Overcharged Copper Projectile"", ""Released Copper Projectile""]",[],[],Coherence + prevention + support/offense so the healer remains useful between healing demands.,"{""Red"": ""Entry package; establishes minimum functional identity, usually with shallow-ranked Bindings."", ""Orange"": ""First support/depth additions improve reliability and efficiency."", ""Yellow"": ""Core Bindings begin operating as a deliberate synergistic package."", ""Green"": ""Mature operational path with sustained-use competence."", ""Blue"": ""Advanced specialization; basin/fatigue management and expensive depth dominate."", ""Violet"": ""Elite long-term expression of the path."", ""White"": ""Path-complete exemplar; individual White Bindings retain their own secondary expressions.""}","Curated developmental trajectory, not a class prison. Builder may alter optional choices and Binding ranks.","Builder evaluates actual basin overlap. Basin colors are structural energy identities only, never domain/element/power labels.",Combat Medic is an alpha role label; helkir remains the healer profession.,False,ALPHA path candidate
CM-P025,Triage Vanguard Path 25,Combat Medic,Triage Vanguard,"[""Persistent Topology / Coherence–Decoherence"", ""Genesis Expression""]","[""PT-0002"", ""PT-0003"", ""GE-0537"", ""GE-0519""]","[""Directed Coherence"", ""Persistent Coherence"", ""Absorption Shield"", ""Overcharged Sand Projectile""]","[""GE-0079"", ""GE-0144"", ""GE-0145"", ""GE-0146""]","[""Released Copper Projectile"", ""Forking Cryogenic Arc"", ""Single Cryogenic Arc"", ""Burst Cryogenic Beam""]",[],[],Coherence + prevention + support/offense so the healer remains useful between healing demands.,"{""Red"": ""Entry package; establishes minimum functional identity, usually with shallow-ranked Bindings."", ""Orange"": ""First support/depth additions improve reliability and efficiency."", ""Yellow"": ""Core Bindings begin operating as a deliberate synergistic package."", ""Green"": ""Mature operational path with sustained-use competence."", ""Blue"": ""Advanced specialization; basin/fatigue management and expensive depth dominate."", ""Violet"": ""Elite long-term expression of the path."", ""White"": ""Path-complete exemplar; individual White Bindings retain their own secondary expressions.""}","Curated developmental trajectory, not a class prison. Builder may alter optional choices and Binding ranks.","Builder evaluates actual basin overlap. Basin colors are structural energy identities only, never domain/element/power labels.",Combat Medic is an alpha role label; helkir remains the healer profession.,False,ALPHA path candidate
CM-P026,Persistent Support Path 26,Combat Medic,Persistent Support,"[""Persistent Topology / Coherence–Decoherence"", ""Genesis Expression""]","[""PT-0003"", ""PT-0001"", ""GE-0042"", ""GE-0528""]","[""Persistent Coherence"", ""Coherence Field"", ""Barrier Plane"", ""Genesis Shard""]","[""GE-0146"", ""GE-0147"", ""GE-0148"", ""GE-0149""]","[""Burst Cryogenic Beam"", ""Channeled Cryogenic Beam"", ""Implosive Cryogenic Burst"", ""Outward Cryogenic Burst""]",[],[],Coherence + prevention + support/offense so the healer remains useful between healing demands.,"{""Red"": ""Entry package; establishes minimum functional identity, usually with shallow-ranked Bindings."", ""Orange"": ""First support/depth additions improve reliability and efficiency."", ""Yellow"": ""Core Bindings begin operating as a deliberate synergistic package."", ""Green"": ""Mature operational path with sustained-use competence."", ""Blue"": ""Advanced specialization; basin/fatigue management and expensive depth dominate."", ""Violet"": ""Elite long-term expression of the path."", ""White"": ""Path-complete exemplar; individual White Bindings retain their own secondary expressions.""}","Curated developmental trajectory, not a class prison. Builder may alter optional choices and Binding ranks.","Builder evaluates actual basin overlap. Basin colors are structural energy identities only, never domain/element/power labels.",Combat Medic is an alpha role label; helkir remains the healer profession.,False,ALPHA path candidate
CM-P027,Absorption Medic Path 27,Combat Medic,Absorption Medic,"[""Persistent Topology / Coherence–Decoherence"", ""Genesis Expression""]","[""PT-0001"", ""PT-0002"", ""GE-0041"", ""GE-0533""]","[""Coherence Field"", ""Directed Coherence"", ""Barrier Dome"", ""Plasma Shard""]","[""GE-0149"", ""GE-0158"", ""GE-0159"", ""GE-0164""]","[""Outward Cryogenic Burst"", ""Overcharged Cryogenic Projectile"", ""Released Cryogenic Projectile"", ""Forking Electrical Arc""]",[],[],Coherence + prevention + support/offense so the healer remains useful between healing demands.,"{""Red"": ""Entry package; establishes minimum functional identity, usually with shallow-ranked Bindings."", ""Orange"": ""First support/depth additions improve reliability and efficiency."", ""Yellow"": ""Core Bindings begin operating as a deliberate synergistic package."", ""Green"": ""Mature operational path with sustained-use competence."", ""Blue"": ""Advanced specialization; basin/fatigue management and expensive depth dominate."", ""Violet"": ""Elite long-term expression of the path."", ""White"": ""Path-complete exemplar; individual White Bindings retain their own secondary expressions.""}","Curated developmental trajectory, not a class prison. Builder may alter optional choices and Binding ranks.","Builder evaluates actual basin overlap. Basin colors are structural energy identities only, never domain/element/power labels.",Combat Medic is an alpha role label; helkir remains the healer profession.,False,ALPHA path candidate
CM-P028,Mobile Medic Path 28,Combat Medic,Mobile Medic,"[""Persistent Topology / Coherence–Decoherence"", ""Genesis Expression""]","[""PT-0002"", ""PT-0003"", ""GE-0537"", ""GE-0539""]","[""Directed Coherence"", ""Persistent Coherence"", ""Absorption Shield"", ""Single Steam Arc""]","[""GE-0164"", ""GE-0165"", ""GE-0166"", ""GE-0167""]","[""Forking Electrical Arc"", ""Single Electrical Arc"", ""Burst Electrical Beam"", ""Channeled Electrical Beam""]",[],[],Coherence + prevention + support/offense so the healer remains useful between healing demands.,"{""Red"": ""Entry package; establishes minimum functional identity, usually with shallow-ranked Bindings."", ""Orange"": ""First support/depth additions improve reliability and efficiency."", ""Yellow"": ""Core Bindings begin operating as a deliberate synergistic package."", ""Green"": ""Mature operational path with sustained-use competence."", ""Blue"": ""Advanced specialization; basin/fatigue management and expensive depth dominate."", ""Violet"": ""Elite long-term expression of the path."", ""White"": ""Path-complete exemplar; individual White Bindings retain their own secondary expressions.""}","Curated developmental trajectory, not a class prison. Builder may alter optional choices and Binding ranks.","Builder evaluates actual basin overlap. Basin colors are structural energy identities only, never domain/element/power labels.",Combat Medic is an alpha role label; helkir remains the healer profession.,False,ALPHA path candidate
CM-P029,Field Medic Path 29,Combat Medic,Field Medic,"[""Persistent Topology / Coherence–Decoherence"", ""Genesis Expression""]","[""PT-0003"", ""PT-0001"", ""GE-0042"", ""GE-0552""]","[""Persistent Coherence"", ""Coherence Field"", ""Barrier Plane"", ""Overcharged Steam Projectile""]","[""GE-0167"", ""GE-0168"", ""GE-0169"", ""GE-0178""]","[""Channeled Electrical Beam"", ""Implosive Electrical Burst"", ""Outward Electrical Burst"", ""Overcharged Electrical Projectile""]",[],[],Coherence + prevention + support/offense so the healer remains useful between healing demands.,"{""Red"": ""Entry package; establishes minimum functional identity, usually with shallow-ranked Bindings."", ""Orange"": ""First support/depth additions improve reliability and efficiency."", ""Yellow"": ""Core Bindings begin operating as a deliberate synergistic package."", ""Green"": ""Mature operational path with sustained-use competence."", ""Blue"": ""Advanced specialization; basin/fatigue management and expensive depth dominate."", ""Violet"": ""Elite long-term expression of the path."", ""White"": ""Path-complete exemplar; individual White Bindings retain their own secondary expressions.""}","Curated developmental trajectory, not a class prison. Builder may alter optional choices and Binding ranks.","Builder evaluates actual basin overlap. Basin colors are structural energy identities only, never domain/element/power labels.",Combat Medic is an alpha role label; helkir remains the healer profession.,True,ALPHA path candidate
CM-P030,Assault Medic Path 30,Combat Medic,Assault Medic,"[""Persistent Topology / Coherence–Decoherence"", ""Genesis Expression""]","[""PT-0001"", ""PT-0002"", ""GE-0041"", ""GE-0561""]","[""Coherence Field"", ""Directed Coherence"", ""Barrier Dome"", ""Channeled Thermal Beam""]","[""GE-0178"", ""GE-0179"", ""GE-0304"", ""GE-0305""]","[""Overcharged Electrical Projectile"", ""Released Electrical Projectile"", ""Forking Glass Arc"", ""Single Glass Arc""]",[],[],Coherence + prevention + support/offense so the healer remains useful between healing demands.,"{""Red"": ""Entry package; establishes minimum functional identity, usually with shallow-ranked Bindings."", ""Orange"": ""First support/depth additions improve reliability and efficiency."", ""Yellow"": ""Core Bindings begin operating as a deliberate synergistic package."", ""Green"": ""Mature operational path with sustained-use competence."", ""Blue"": ""Advanced specialization; basin/fatigue management and expensive depth dominate."", ""Violet"": ""Elite long-term expression of the path."", ""White"": ""Path-complete exemplar; individual White Bindings retain their own secondary expressions.""}","Curated developmental trajectory, not a class prison. Builder may alter optional choices and Binding ranks.","Builder evaluates actual basin overlap. Basin colors are structural energy identities only, never domain/element/power labels.",Combat Medic is an alpha role label; helkir remains the healer profession.,False,ALPHA path candidate
AU-P001,Power-Durability Resonance Path 01,Augmenter,Power + Durability,"[""Resonance"", ""Persistent Topology / Coherence–Decoherence""]","[""RS-0014"", ""RS-0016"", ""RS-0020"", ""RS-0024""]","[""Adaptive Explosive Power Augmentation"", ""Adaptive Grip Strength Augmentation"", ""Adaptive Jump Power Augmentation"", ""Adaptive Lower-Body Power Augmentation""]","[""RS-0001"", ""RS-0002"", ""RS-0003"", ""RS-0004""]","[""Adaptive Acceleration Augmentation"", ""Adaptive Agility Augmentation"", ""Adaptive Anaerobic Tolerance Augmentation"", ""Adaptive Auditory Filtering Augmentation""]",[],[],Biological reinforcement; trade sustained or pulsed Resonance load against physical performance.,"{""Red"": ""Entry package; establishes minimum functional identity, usually with shallow-ranked Bindings."", ""Orange"": ""First support/depth additions improve reliability and efficiency."", ""Yellow"": ""Core Bindings begin operating as a deliberate synergistic package."", ""Green"": ""Mature operational path with sustained-use competence."", ""Blue"": ""Advanced specialization; basin/fatigue management and expensive depth dominate."", ""Violet"": ""Elite long-term expression of the path."", ""White"": ""Path-complete exemplar; individual White Bindings retain their own secondary expressions.""}","Curated developmental trajectory, not a class prison. Builder may alter optional choices and Binding ranks.","Builder evaluates actual basin overlap. Basin colors are structural energy identities only, never domain/element/power labels.",Minor restorative stabilization is incidental and does not replace coherence healing.,True,ALPHA path candidate
AU-P002,Durability-Durability Resonance Path 02,Augmenter,Durability + Durability,"[""Resonance"", ""Persistent Topology / Coherence–Decoherence""]","[""RS-0019"", ""RS-0022"", ""RS-0029"", ""RS-0031""]","[""Adaptive Joint Reinforcement Augmentation"", ""Adaptive Ligament Reinforcement Augmentation"", ""Adaptive Organ Bracing Augmentation"", ""Adaptive Pressure Tolerance Augmentation""]","[""RS-0008"", ""RS-0009"", ""RS-0010"", ""RS-0011""]","[""Adaptive Cardiac Output Augmentation"", ""Adaptive Circulatory Efficiency Augmentation"", ""Adaptive Climbing Output Augmentation"", ""Adaptive Cold Tolerance Augmentation""]",[],[],Biological reinforcement; trade sustained or pulsed Resonance load against physical performance.,"{""Red"": ""Entry package; establishes minimum functional identity, usually with shallow-ranked Bindings."", ""Orange"": ""First support/depth additions improve reliability and efficiency."", ""Yellow"": ""Core Bindings begin operating as a deliberate synergistic package."", ""Green"": ""Mature operational path with sustained-use competence."", ""Blue"": ""Advanced specialization; basin/fatigue management and expensive depth dominate."", ""Violet"": ""Elite long-term expression of the path."", ""White"": ""Path-complete exemplar; individual White Bindings retain their own secondary expressions.""}","Curated developmental trajectory, not a class prison. Builder may alter optional choices and Binding ranks.","Builder evaluates actual basin overlap. Basin colors are structural energy identities only, never domain/element/power labels.",Minor restorative stabilization is incidental and does not replace coherence healing.,False,ALPHA path candidate
AU-P003,Speed-Durability Resonance Path 03,Augmenter,Speed + Durability,"[""Resonance"", ""Persistent Topology / Coherence–Decoherence""]","[""RS-0047"", ""RS-0048"", ""RS-0053"", ""RS-0066""]","[""Burst Acceleration Augmentation"", ""Burst Agility Augmentation"", ""Burst Burst Dash Augmentation"", ""Burst Jump Power Augmentation""]","[""RS-0015"", ""RS-0016"", ""RS-0017"", ""RS-0018""]","[""Adaptive Fatigue Resistance Augmentation"", ""Adaptive Grip Strength Augmentation"", ""Adaptive Heat Shedding Augmentation"", ""Adaptive Impact Frame Augmentation""]",[],[],Biological reinforcement; trade sustained or pulsed Resonance load against physical performance.,"{""Red"": ""Entry package; establishes minimum functional identity, usually with shallow-ranked Bindings."", ""Orange"": ""First support/depth additions improve reliability and efficiency."", ""Yellow"": ""Core Bindings begin operating as a deliberate synergistic package."", ""Green"": ""Mature operational path with sustained-use competence."", ""Blue"": ""Advanced specialization; basin/fatigue management and expensive depth dominate."", ""Violet"": ""Elite long-term expression of the path."", ""White"": ""Path-complete exemplar; individual White Bindings retain their own secondary expressions.""}","Curated developmental trajectory, not a class prison. Builder may alter optional choices and Binding ranks.","Builder evaluates actual basin overlap. Basin colors are structural energy identities only, never domain/element/power labels.",Minor restorative stabilization is incidental and does not replace coherence healing.,False,ALPHA path candidate
AU-P004,Neural-Durability Resonance Path 04,Augmenter,Neural + Durability,"[""Resonance"", ""Persistent Topology / Coherence–Decoherence""]","[""RS-0051"", ""RS-0072"", ""RS-0074"", ""RS-0078""]","[""Burst Balance Augmentation"", ""Burst Motor Precision Augmentation"", ""Burst Neural Conduction Augmentation"", ""Burst Proprioception Augmentation""]","[""RS-0022"", ""RS-0023"", ""RS-0024"", ""RS-0025""]","[""Adaptive Ligament Reinforcement Augmentation"", ""Adaptive Localized Recovery Augmentation"", ""Adaptive Lower-Body Power Augmentation"", ""Adaptive Metabolic Efficiency Augmentation""]",[],[],Biological reinforcement; trade sustained or pulsed Resonance load against physical performance.,"{""Red"": ""Entry package; establishes minimum functional identity, usually with shallow-ranked Bindings."", ""Orange"": ""First support/depth additions improve reliability and efficiency."", ""Yellow"": ""Core Bindings begin operating as a deliberate synergistic package."", ""Green"": ""Mature operational path with sustained-use competence."", ""Blue"": ""Advanced specialization; basin/fatigue management and expensive depth dominate."", ""Violet"": ""Elite long-term expression of the path."", ""White"": ""Path-complete exemplar; individual White Bindings retain their own secondary expressions.""}","Curated developmental trajectory, not a class prison. Builder may alter optional choices and Binding ranks.","Builder evaluates actual basin overlap. Basin colors are structural energy identities only, never domain/element/power labels.",Minor restorative stabilization is incidental and does not replace coherence healing.,False,ALPHA path candidate
AU-P005,Endurance-Durability Resonance Path 05,Augmenter,Endurance + Durability,"[""Resonance"", ""Persistent Topology / Coherence–Decoherence""]","[""RS-0054"", ""RS-0055"", ""RS-0057"", ""RS-0061""]","[""Burst Cardiac Output Augmentation"", ""Burst Circulatory Efficiency Augmentation"", ""Burst Cold Tolerance Augmentation"", ""Burst Fatigue Resistance Augmentation""]","[""RS-0029"", ""RS-0030"", ""RS-0031"", ""RS-0032""]","[""Adaptive Organ Bracing Augmentation"", ""Adaptive Pain Gating Augmentation"", ""Adaptive Pressure Tolerance Augmentation"", ""Adaptive Proprioception Augmentation""]",[],[],Biological reinforcement; trade sustained or pulsed Resonance load against physical performance.,"{""Red"": ""Entry package; establishes minimum functional identity, usually with shallow-ranked Bindings."", ""Orange"": ""First support/depth additions improve reliability and efficiency."", ""Yellow"": ""Core Bindings begin operating as a deliberate synergistic package."", ""Green"": ""Mature operational path with sustained-use competence."", ""Blue"": ""Advanced specialization; basin/fatigue management and expensive depth dominate."", ""Violet"": ""Elite long-term expression of the path."", ""White"": ""Path-complete exemplar; individual White Bindings retain their own secondary expressions.""}","Curated developmental trajectory, not a class prison. Builder may alter optional choices and Binding ranks.","Builder evaluates actual basin overlap. Basin colors are structural energy identities only, never domain/element/power labels.",Minor restorative stabilization is incidental and does not replace coherence healing.,False,ALPHA path candidate
AU-P006,Power-Speed Resonance Path 06,Augmenter,Power + Speed,"[""Resonance""]","[""RS-0116"", ""RS-0119"", ""RS-0136"", ""RS-0152""]","[""Localized Lower-Body Power Augmentation"", ""Localized Muscular Strength Augmentation"", ""Localized Upper-Body Power Augmentation"", ""Overdrive Explosive Power Augmentation""]","[""RS-0036"", ""RS-0037"", ""RS-0038"", ""RS-0039""]","[""Adaptive Shock Tolerance Augmentation"", ""Adaptive Spinal Reinforcement Augmentation"", ""Adaptive Sprint Speed Augmentation"", ""Adaptive Structural Resonance Augmentation""]",[],[],Biological reinforcement; trade sustained or pulsed Resonance load against physical performance.,"{""Red"": ""Entry package; establishes minimum functional identity, usually with shallow-ranked Bindings."", ""Orange"": ""First support/depth additions improve reliability and efficiency."", ""Yellow"": ""Core Bindings begin operating as a deliberate synergistic package."", ""Green"": ""Mature operational path with sustained-use competence."", ""Blue"": ""Advanced specialization; basin/fatigue management and expensive depth dominate."", ""Violet"": ""Elite long-term expression of the path."", ""White"": ""Path-complete exemplar; individual White Bindings retain their own secondary expressions.""}","Curated developmental trajectory, not a class prison. Builder may alter optional choices and Binding ranks.","Builder evaluates actual basin overlap. Basin colors are structural energy identities only, never domain/element/power labels.",Minor restorative stabilization is incidental and does not replace coherence healing.,False,ALPHA path candidate
AU-P007,Durability-Speed Resonance Path 07,Augmenter,Durability + Speed,"[""Resonance"", ""Persistent Topology / Coherence–Decoherence""]","[""RS-0083"", ""RS-0088"", ""RS-0098"", ""RS-0105""]","[""Burst Spinal Reinforcement Augmentation"", ""Burst Tendon Reinforcement Augmentation"", ""Localized Bone Reinforcement Augmentation"", ""Localized Dermal Reinforcement Augmentation""]","[""RS-0043"", ""RS-0044"", ""RS-0045"", ""RS-0046""]","[""Adaptive Turning Authority Augmentation"", ""Adaptive Upper-Body Power Augmentation"", ""Adaptive Vestibular Control Augmentation"", ""Adaptive Visual Tracking Augmentation""]",[],[],Biological reinforcement; trade sustained or pulsed Resonance load against physical performance.,"{""Red"": ""Entry package; establishes minimum functional identity, usually with shallow-ranked Bindings."", ""Orange"": ""First support/depth additions improve reliability and efficiency."", ""Yellow"": ""Core Bindings begin operating as a deliberate synergistic package."", ""Green"": ""Mature operational path with sustained-use competence."", ""Blue"": ""Advanced specialization; basin/fatigue management and expensive depth dominate."", ""Violet"": ""Elite long-term expression of the path."", ""White"": ""Path-complete exemplar; individual White Bindings retain their own secondary expressions.""}","Curated developmental trajectory, not a class prison. Builder may alter optional choices and Binding ranks.","Builder evaluates actual basin overlap. Basin colors are structural energy identities only, never domain/element/power labels.",Minor restorative stabilization is incidental and does not replace coherence healing.,False,ALPHA path candidate
AU-P008,Speed-Speed Resonance Path 08,Augmenter,Speed + Speed,"[""Resonance""]","[""RS-0158"", ""RS-0176"", ""RS-0181"", ""RS-0185""]","[""Overdrive Jump Power Augmentation"", ""Overdrive Sprint Speed Augmentation"", ""Overdrive Turning Authority Augmentation"", ""Persistent Acceleration Augmentation""]","[""RS-0050"", ""RS-0051"", ""RS-0052"", ""RS-0053""]","[""Burst Auditory Filtering Augmentation"", ""Burst Balance Augmentation"", ""Burst Bone Reinforcement Augmentation"", ""Burst Burst Dash Augmentation""]",[],[],Biological reinforcement; trade sustained or pulsed Resonance load against physical performance.,"{""Red"": ""Entry package; establishes minimum functional identity, usually with shallow-ranked Bindings."", ""Orange"": ""First support/depth additions improve reliability and efficiency."", ""Yellow"": ""Core Bindings begin operating as a deliberate synergistic package."", ""Green"": ""Mature operational path with sustained-use competence."", ""Blue"": ""Advanced specialization; basin/fatigue management and expensive depth dominate."", ""Violet"": ""Elite long-term expression of the path."", ""White"": ""Path-complete exemplar; individual White Bindings retain their own secondary expressions.""}","Curated developmental trajectory, not a class prison. Builder may alter optional choices and Binding ranks.","Builder evaluates actual basin overlap. Basin colors are structural energy identities only, never domain/element/power labels.",Minor restorative stabilization is incidental and does not replace coherence healing.,False,ALPHA path candidate
AU-P009,Neural-Speed Resonance Path 09,Augmenter,Neural + Speed,"[""Resonance""]","[""RS-0142"", ""RS-0143"", ""RS-0164"", ""RS-0166""]","[""Overdrive Auditory Filtering Augmentation"", ""Overdrive Balance Augmentation"", ""Overdrive Motor Precision Augmentation"", ""Overdrive Neural Conduction Augmentation""]","[""RS-0057"", ""RS-0058"", ""RS-0059"", ""RS-0060""]","[""Burst Cold Tolerance Augmentation"", ""Burst Core Stability Augmentation"", ""Burst Dermal Reinforcement Augmentation"", ""Burst Explosive Power Augmentation""]",[],[],Biological reinforcement; trade sustained or pulsed Resonance load against physical performance.,"{""Red"": ""Entry package; establishes minimum functional identity, usually with shallow-ranked Bindings."", ""Orange"": ""First support/depth additions improve reliability and efficiency."", ""Yellow"": ""Core Bindings begin operating as a deliberate synergistic package."", ""Green"": ""Mature operational path with sustained-use competence."", ""Blue"": ""Advanced specialization; basin/fatigue management and expensive depth dominate."", ""Violet"": ""Elite long-term expression of the path."", ""White"": ""Path-complete exemplar; individual White Bindings retain their own secondary expressions.""}","Curated developmental trajectory, not a class prison. Builder may alter optional choices and Binding ranks.","Builder evaluates actual basin overlap. Basin colors are structural energy identities only, never domain/element/power labels.",Minor restorative stabilization is incidental and does not replace coherence healing.,False,ALPHA path candidate
AU-P010,Endurance-Speed Resonance Path 10,Augmenter,Endurance + Speed,"[""Resonance""]","[""RS-0109"", ""RS-0115"", ""RS-0117"", ""RS-0126""]","[""Localized Heat Shedding Augmentation"", ""Localized Localized Recovery Augmentation"", ""Localized Metabolic Efficiency Augmentation"", ""Localized Recovery Rate Augmentation""]","[""RS-0064"", ""RS-0065"", ""RS-0066"", ""RS-0067""]","[""Burst Impact Frame Augmentation"", ""Burst Joint Reinforcement Augmentation"", ""Burst Jump Power Augmentation"", ""Burst Landing Tolerance Augmentation""]",[],[],Biological reinforcement; trade sustained or pulsed Resonance load against physical performance.,"{""Red"": ""Entry package; establishes minimum functional identity, usually with shallow-ranked Bindings."", ""Orange"": ""First support/depth additions improve reliability and efficiency."", ""Yellow"": ""Core Bindings begin operating as a deliberate synergistic package."", ""Green"": ""Mature operational path with sustained-use competence."", ""Blue"": ""Advanced specialization; basin/fatigue management and expensive depth dominate."", ""Violet"": ""Elite long-term expression of the path."", ""White"": ""Path-complete exemplar; individual White Bindings retain their own secondary expressions.""}","Curated developmental trajectory, not a class prison. Builder may alter optional choices and Binding ranks.","Builder evaluates actual basin overlap. Basin colors are structural energy identities only, never domain/element/power labels.",Minor restorative stabilization is incidental and does not replace coherence healing.,False,ALPHA path candidate
AU-P011,Power-Neural Resonance Path 11,Augmenter,Power + Neural,"[""Resonance""]","[""RS-0004"", ""RS-0005"", ""RS-0026"", ""RS-0028""]","[""Adaptive Auditory Filtering Augmentation"", ""Adaptive Balance Augmentation"", ""Adaptive Motor Precision Augmentation"", ""Adaptive Neural Conduction Augmentation""]","[""RS-0071"", ""RS-0072"", ""RS-0073"", ""RS-0074""]","[""Burst Metabolic Efficiency Augmentation"", ""Burst Motor Precision Augmentation"", ""Burst Muscular Strength Augmentation"", ""Burst Neural Conduction Augmentation""]",[],[],Biological reinforcement; trade sustained or pulsed Resonance load against physical performance.,"{""Red"": ""Entry package; establishes minimum functional identity, usually with shallow-ranked Bindings."", ""Orange"": ""First support/depth additions improve reliability and efficiency."", ""Yellow"": ""Core Bindings begin operating as a deliberate synergistic package."", ""Green"": ""Mature operational path with sustained-use competence."", ""Blue"": ""Advanced specialization; basin/fatigue management and expensive depth dominate."", ""Violet"": ""Elite long-term expression of the path."", ""White"": ""Path-complete exemplar; individual White Bindings retain their own secondary expressions.""}","Curated developmental trajectory, not a class prison. Builder may alter optional choices and Binding ranks.","Builder evaluates actual basin overlap. Basin colors are structural energy identities only, never domain/element/power labels.",Minor restorative stabilization is incidental and does not replace coherence healing.,True,ALPHA path candidate
AU-P012,Durability-Neural Resonance Path 12,Augmenter,Durability + Neural,"[""Resonance"", ""Persistent Topology / Coherence–Decoherence""]","[""RS-0157"", ""RS-0160"", ""RS-0167"", ""RS-0169""]","[""Overdrive Joint Reinforcement Augmentation"", ""Overdrive Ligament Reinforcement Augmentation"", ""Overdrive Organ Bracing Augmentation"", ""Overdrive Pressure Tolerance Augmentation""]","[""RS-0078"", ""RS-0079"", ""RS-0080"", ""RS-0081""]","[""Burst Proprioception Augmentation"", ""Burst Reaction Speed Augmentation"", ""Burst Recovery Rate Augmentation"", ""Burst Respiratory Throughput Augmentation""]",[],[],Biological reinforcement; trade sustained or pulsed Resonance load against physical performance.,"{""Red"": ""Entry package; establishes minimum functional identity, usually with shallow-ranked Bindings."", ""Orange"": ""First support/depth additions improve reliability and efficiency."", ""Yellow"": ""Core Bindings begin operating as a deliberate synergistic package."", ""Green"": ""Mature operational path with sustained-use competence."", ""Blue"": ""Advanced specialization; basin/fatigue management and expensive depth dominate."", ""Violet"": ""Elite long-term expression of the path."", ""White"": ""Path-complete exemplar; individual White Bindings retain their own secondary expressions.""}","Curated developmental trajectory, not a class prison. Builder may alter optional choices and Binding ranks.","Builder evaluates actual basin overlap. Basin colors are structural energy identities only, never domain/element/power labels.",Minor restorative stabilization is incidental and does not replace coherence healing.,False,ALPHA path candidate
AU-P013,Speed-Neural Resonance Path 13,Augmenter,Speed + Neural,"[""Resonance""]","[""RS-0045"", ""RS-0046"", ""RS-0050"", ""RS-0051""]","[""Adaptive Vestibular Control Augmentation"", ""Adaptive Visual Tracking Augmentation"", ""Burst Auditory Filtering Augmentation"", ""Burst Balance Augmentation""]","[""RS-0085"", ""RS-0086"", ""RS-0087"", ""RS-0088""]","[""Burst Structural Resonance Augmentation"", ""Burst Sustained Run Augmentation"", ""Burst Swimming Output Augmentation"", ""Burst Tendon Reinforcement Augmentation""]",[],[],Biological reinforcement; trade sustained or pulsed Resonance load against physical performance.,"{""Red"": ""Entry package; establishes minimum functional identity, usually with shallow-ranked Bindings."", ""Orange"": ""First support/depth additions improve reliability and efficiency."", ""Yellow"": ""Core Bindings begin operating as a deliberate synergistic package."", ""Green"": ""Mature operational path with sustained-use competence."", ""Blue"": ""Advanced specialization; basin/fatigue management and expensive depth dominate."", ""Violet"": ""Elite long-term expression of the path."", ""White"": ""Path-complete exemplar; individual White Bindings retain their own secondary expressions.""}","Curated developmental trajectory, not a class prison. Builder may alter optional choices and Binding ranks.","Builder evaluates actual basin overlap. Basin colors are structural energy identities only, never domain/element/power labels.",Minor restorative stabilization is incidental and does not replace coherence healing.,False,ALPHA path candidate
AU-P014,Neural-Neural Resonance Path 14,Augmenter,Neural + Neural,"[""Resonance""]","[""RS-0230"", ""RS-0004"", ""RS-0005"", ""RS-0026""]","[""Persistent Visual Tracking Augmentation"", ""Adaptive Auditory Filtering Augmentation"", ""Adaptive Balance Augmentation"", ""Adaptive Motor Precision Augmentation""]","[""RS-0092"", ""RS-0093"", ""RS-0094"", ""RS-0095""]","[""Burst Visual Tracking Augmentation"", ""Localized Acceleration Augmentation"", ""Localized Agility Augmentation"", ""Localized Anaerobic Tolerance Augmentation""]",[],[],Biological reinforcement; trade sustained or pulsed Resonance load against physical performance.,"{""Red"": ""Entry package; establishes minimum functional identity, usually with shallow-ranked Bindings."", ""Orange"": ""First support/depth additions improve reliability and efficiency."", ""Yellow"": ""Core Bindings begin operating as a deliberate synergistic package."", ""Green"": ""Mature operational path with sustained-use competence."", ""Blue"": ""Advanced specialization; basin/fatigue management and expensive depth dominate."", ""Violet"": ""Elite long-term expression of the path."", ""White"": ""Path-complete exemplar; individual White Bindings retain their own secondary expressions.""}","Curated developmental trajectory, not a class prison. Builder may alter optional choices and Binding ranks.","Builder evaluates actual basin overlap. Basin colors are structural energy identities only, never domain/element/power labels.",Minor restorative stabilization is incidental and does not replace coherence healing.,False,ALPHA path candidate
AU-P015,Endurance-Neural Resonance Path 15,Augmenter,Endurance + Neural,"[""Resonance""]","[""RS-0173"", ""RS-0178"", ""RS-0187"", ""RS-0192""]","[""Overdrive Respiratory Throughput Augmentation"", ""Overdrive Sustained Run Augmentation"", ""Persistent Anaerobic Tolerance Augmentation"", ""Persistent Cardiac Output Augmentation""]","[""RS-0099"", ""RS-0100"", ""RS-0101"", ""RS-0102""]","[""Localized Burst Dash Augmentation"", ""Localized Cardiac Output Augmentation"", ""Localized Circulatory Efficiency Augmentation"", ""Localized Climbing Output Augmentation""]",[],[],Biological reinforcement; trade sustained or pulsed Resonance load against physical performance.,"{""Red"": ""Entry package; establishes minimum functional identity, usually with shallow-ranked Bindings."", ""Orange"": ""First support/depth additions improve reliability and efficiency."", ""Yellow"": ""Core Bindings begin operating as a deliberate synergistic package."", ""Green"": ""Mature operational path with sustained-use competence."", ""Blue"": ""Advanced specialization; basin/fatigue management and expensive depth dominate."", ""Violet"": ""Elite long-term expression of the path."", ""White"": ""Path-complete exemplar; individual White Bindings retain their own secondary expressions.""}","Curated developmental trajectory, not a class prison. Builder may alter optional choices and Binding ranks.","Builder evaluates actual basin overlap. Basin colors are structural energy identities only, never domain/element/power labels.",Minor restorative stabilization is incidental and does not replace coherence healing.,False,ALPHA path candidate
AU-P016,Power-Endurance Resonance Path 16,Augmenter,Power + Endurance,"[""Resonance""]","[""RS-0061"", ""RS-0063"", ""RS-0069"", ""RS-0071""]","[""Burst Fatigue Resistance Augmentation"", ""Burst Heat Shedding Augmentation"", ""Burst Localized Recovery Augmentation"", ""Burst Metabolic Efficiency Augmentation""]","[""RS-0106"", ""RS-0107"", ""RS-0108"", ""RS-0109""]","[""Localized Explosive Power Augmentation"", ""Localized Fatigue Resistance Augmentation"", ""Localized Grip Strength Augmentation"", ""Localized Heat Shedding Augmentation""]",[],[],Biological reinforcement; trade sustained or pulsed Resonance load against physical performance.,"{""Red"": ""Entry package; establishes minimum functional identity, usually with shallow-ranked Bindings."", ""Orange"": ""First support/depth additions improve reliability and efficiency."", ""Yellow"": ""Core Bindings begin operating as a deliberate synergistic package."", ""Green"": ""Mature operational path with sustained-use competence."", ""Blue"": ""Advanced specialization; basin/fatigue management and expensive depth dominate."", ""Violet"": ""Elite long-term expression of the path."", ""White"": ""Path-complete exemplar; individual White Bindings retain their own secondary expressions.""}","Curated developmental trajectory, not a class prison. Builder may alter optional choices and Binding ranks.","Builder evaluates actual basin overlap. Basin colors are structural energy identities only, never domain/element/power labels.",Minor restorative stabilization is incidental and does not replace coherence healing.,False,ALPHA path candidate
AU-P017,Durability-Endurance Resonance Path 17,Augmenter,Durability + Endurance,"[""Resonance"", ""Persistent Topology / Coherence–Decoherence""]","[""RS-0221"", ""RS-0226"", ""RS-0003"", ""RS-0008""]","[""Persistent Spinal Reinforcement Augmentation"", ""Persistent Tendon Reinforcement Augmentation"", ""Adaptive Anaerobic Tolerance Augmentation"", ""Adaptive Cardiac Output Augmentation""]","[""RS-0113"", ""RS-0114"", ""RS-0115"", ""RS-0116""]","[""Localized Landing Tolerance Augmentation"", ""Localized Ligament Reinforcement Augmentation"", ""Localized Localized Recovery Augmentation"", ""Localized Lower-Body Power Augmentation""]",[],[],Biological reinforcement; trade sustained or pulsed Resonance load against physical performance.,"{""Red"": ""Entry package; establishes minimum functional identity, usually with shallow-ranked Bindings."", ""Orange"": ""First support/depth additions improve reliability and efficiency."", ""Yellow"": ""Core Bindings begin operating as a deliberate synergistic package."", ""Green"": ""Mature operational path with sustained-use competence."", ""Blue"": ""Advanced specialization; basin/fatigue management and expensive depth dominate."", ""Violet"": ""Elite long-term expression of the path."", ""White"": ""Path-complete exemplar; individual White Bindings retain their own secondary expressions.""}","Curated developmental trajectory, not a class prison. Builder may alter optional choices and Binding ranks.","Builder evaluates actual basin overlap. Basin colors are structural energy identities only, never domain/element/power labels.",Minor restorative stabilization is incidental and does not replace coherence healing.,False,ALPHA path candidate
AU-P018,Speed-Endurance Resonance Path 18,Augmenter,Speed + Endurance,"[""Resonance""]","[""RS-0086"", ""RS-0095"", ""RS-0100"", ""RS-0101""]","[""Burst Sustained Run Augmentation"", ""Localized Anaerobic Tolerance Augmentation"", ""Localized Cardiac Output Augmentation"", ""Localized Circulatory Efficiency Augmentation""]","[""RS-0120"", ""RS-0121"", ""RS-0122"", ""RS-0123""]","[""Localized Neural Conduction Augmentation"", ""Localized Organ Bracing Augmentation"", ""Localized Pain Gating Augmentation"", ""Localized Pressure Tolerance Augmentation""]",[],[],Biological reinforcement; trade sustained or pulsed Resonance load against physical performance.,"{""Red"": ""Entry package; establishes minimum functional identity, usually with shallow-ranked Bindings."", ""Orange"": ""First support/depth additions improve reliability and efficiency."", ""Yellow"": ""Core Bindings begin operating as a deliberate synergistic package."", ""Green"": ""Mature operational path with sustained-use competence."", ""Blue"": ""Advanced specialization; basin/fatigue management and expensive depth dominate."", ""Violet"": ""Elite long-term expression of the path."", ""White"": ""Path-complete exemplar; individual White Bindings retain their own secondary expressions.""}","Curated developmental trajectory, not a class prison. Builder may alter optional choices and Binding ranks.","Builder evaluates actual basin overlap. Basin colors are structural energy identities only, never domain/element/power labels.",Minor restorative stabilization is incidental and does not replace coherence healing.,False,ALPHA path candidate
AU-P019,Neural-Endurance Resonance Path 19,Augmenter,Neural + Endurance,"[""Resonance""]","[""RS-0057"", ""RS-0061"", ""RS-0063"", ""RS-0069""]","[""Burst Cold Tolerance Augmentation"", ""Burst Fatigue Resistance Augmentation"", ""Burst Heat Shedding Augmentation"", ""Burst Localized Recovery Augmentation""]","[""RS-0127"", ""RS-0128"", ""RS-0129"", ""RS-0130""]","[""Localized Respiratory Throughput Augmentation"", ""Localized Shock Tolerance Augmentation"", ""Localized Spinal Reinforcement Augmentation"", ""Localized Sprint Speed Augmentation""]",[],[],Biological reinforcement; trade sustained or pulsed Resonance load against physical performance.,"{""Red"": ""Entry package; establishes minimum functional identity, usually with shallow-ranked Bindings."", ""Orange"": ""First support/depth additions improve reliability and efficiency."", ""Yellow"": ""Core Bindings begin operating as a deliberate synergistic package."", ""Green"": ""Mature operational path with sustained-use competence."", ""Blue"": ""Advanced specialization; basin/fatigue management and expensive depth dominate."", ""Violet"": ""Elite long-term expression of the path."", ""White"": ""Path-complete exemplar; individual White Bindings retain their own secondary expressions.""}","Curated developmental trajectory, not a class prison. Builder may alter optional choices and Binding ranks.","Builder evaluates actual basin overlap. Basin colors are structural energy identities only, never domain/element/power labels.",Minor restorative stabilization is incidental and does not replace coherence healing.,False,ALPHA path candidate
AU-P020,Endurance-Endurance Resonance Path 20,Augmenter,Endurance + Endurance,"[""Resonance""]","[""RS-0009"", ""RS-0011"", ""RS-0015"", ""RS-0017""]","[""Adaptive Circulatory Efficiency Augmentation"", ""Adaptive Cold Tolerance Augmentation"", ""Adaptive Fatigue Resistance Augmentation"", ""Adaptive Heat Shedding Augmentation""]","[""RS-0134"", ""RS-0135"", ""RS-0136"", ""RS-0137""]","[""Localized Tendon Reinforcement Augmentation"", ""Localized Turning Authority Augmentation"", ""Localized Upper-Body Power Augmentation"", ""Localized Vestibular Control Augmentation""]",[],[],Biological reinforcement; trade sustained or pulsed Resonance load against physical performance.,"{""Red"": ""Entry package; establishes minimum functional identity, usually with shallow-ranked Bindings."", ""Orange"": ""First support/depth additions improve reliability and efficiency."", ""Yellow"": ""Core Bindings begin operating as a deliberate synergistic package."", ""Green"": ""Mature operational path with sustained-use competence."", ""Blue"": ""Advanced specialization; basin/fatigue management and expensive depth dominate."", ""Violet"": ""Elite long-term expression of the path."", ""White"": ""Path-complete exemplar; individual White Bindings retain their own secondary expressions.""}","Curated developmental trajectory, not a class prison. Builder may alter optional choices and Binding ranks.","Builder evaluates actual basin overlap. Basin colors are structural energy identities only, never domain/element/power labels.",Minor restorative stabilization is incidental and does not replace coherence healing.,False,ALPHA path candidate
AU-P021,Power-Power Resonance Path 21,Augmenter,Power + Power,"[""Resonance""]","[""RS-0014"", ""RS-0016"", ""RS-0020"", ""RS-0024""]","[""Adaptive Explosive Power Augmentation"", ""Adaptive Grip Strength Augmentation"", ""Adaptive Jump Power Augmentation"", ""Adaptive Lower-Body Power Augmentation""]","[""RS-0141"", ""RS-0142"", ""RS-0143"", ""RS-0144""]","[""Overdrive Anaerobic Tolerance Augmentation"", ""Overdrive Auditory Filtering Augmentation"", ""Overdrive Balance Augmentation"", ""Overdrive Bone Reinforcement Augmentation""]",[],[],Biological reinforcement; trade sustained or pulsed Resonance load against physical performance.,"{""Red"": ""Entry package; establishes minimum functional identity, usually with shallow-ranked Bindings."", ""Orange"": ""First support/depth additions improve reliability and efficiency."", ""Yellow"": ""Core Bindings begin operating as a deliberate synergistic package."", ""Green"": ""Mature operational path with sustained-use competence."", ""Blue"": ""Advanced specialization; basin/fatigue management and expensive depth dominate."", ""Violet"": ""Elite long-term expression of the path."", ""White"": ""Path-complete exemplar; individual White Bindings retain their own secondary expressions.""}","Curated developmental trajectory, not a class prison. Builder may alter optional choices and Binding ranks.","Builder evaluates actual basin overlap. Basin colors are structural energy identities only, never domain/element/power labels.",Minor restorative stabilization is incidental and does not replace coherence healing.,True,ALPHA path candidate
AU-P022,Durability-Power Resonance Path 22,Augmenter,Durability + Power,"[""Resonance"", ""Persistent Topology / Coherence–Decoherence""]","[""RS-0108"", ""RS-0112"", ""RS-0116"", ""RS-0119""]","[""Localized Grip Strength Augmentation"", ""Localized Jump Power Augmentation"", ""Localized Lower-Body Power Augmentation"", ""Localized Muscular Strength Augmentation""]","[""RS-0148"", ""RS-0149"", ""RS-0150"", ""RS-0151""]","[""Overdrive Climbing Output Augmentation"", ""Overdrive Cold Tolerance Augmentation"", ""Overdrive Core Stability Augmentation"", ""Overdrive Dermal Reinforcement Augmentation""]",[],[],Biological reinforcement; trade sustained or pulsed Resonance load against physical performance.,"{""Red"": ""Entry package; establishes minimum functional identity, usually with shallow-ranked Bindings."", ""Orange"": ""First support/depth additions improve reliability and efficiency."", ""Yellow"": ""Core Bindings begin operating as a deliberate synergistic package."", ""Green"": ""Mature operational path with sustained-use competence."", ""Blue"": ""Advanced specialization; basin/fatigue management and expensive depth dominate."", ""Violet"": ""Elite long-term expression of the path."", ""White"": ""Path-complete exemplar; individual White Bindings retain their own secondary expressions.""}","Curated developmental trajectory, not a class prison. Builder may alter optional choices and Binding ranks.","Builder evaluates actual basin overlap. Basin colors are structural energy identities only, never domain/element/power labels.",Minor restorative stabilization is incidental and does not replace coherence healing.,False,ALPHA path candidate
AU-P023,Speed-Power Resonance Path 23,Augmenter,Speed + Power,"[""Resonance""]","[""RS-0047"", ""RS-0048"", ""RS-0053"", ""RS-0066""]","[""Burst Acceleration Augmentation"", ""Burst Agility Augmentation"", ""Burst Burst Dash Augmentation"", ""Burst Jump Power Augmentation""]","[""RS-0155"", ""RS-0156"", ""RS-0157"", ""RS-0158""]","[""Overdrive Heat Shedding Augmentation"", ""Overdrive Impact Frame Augmentation"", ""Overdrive Joint Reinforcement Augmentation"", ""Overdrive Jump Power Augmentation""]",[],[],Biological reinforcement; trade sustained or pulsed Resonance load against physical performance.,"{""Red"": ""Entry package; establishes minimum functional identity, usually with shallow-ranked Bindings."", ""Orange"": ""First support/depth additions improve reliability and efficiency."", ""Yellow"": ""Core Bindings begin operating as a deliberate synergistic package."", ""Green"": ""Mature operational path with sustained-use competence."", ""Blue"": ""Advanced specialization; basin/fatigue management and expensive depth dominate."", ""Violet"": ""Elite long-term expression of the path."", ""White"": ""Path-complete exemplar; individual White Bindings retain their own secondary expressions.""}","Curated developmental trajectory, not a class prison. Builder may alter optional choices and Binding ranks.","Builder evaluates actual basin overlap. Basin colors are structural energy identities only, never domain/element/power labels.",Minor restorative stabilization is incidental and does not replace coherence healing.,False,ALPHA path candidate
AU-P024,Neural-Power Resonance Path 24,Augmenter,Neural + Power,"[""Resonance""]","[""RS-0228"", ""RS-0004"", ""RS-0005"", ""RS-0026""]","[""Persistent Upper-Body Power Augmentation"", ""Adaptive Auditory Filtering Augmentation"", ""Adaptive Balance Augmentation"", ""Adaptive Motor Precision Augmentation""]","[""RS-0162"", ""RS-0163"", ""RS-0164"", ""RS-0165""]","[""Overdrive Lower-Body Power Augmentation"", ""Overdrive Metabolic Efficiency Augmentation"", ""Overdrive Motor Precision Augmentation"", ""Overdrive Muscular Strength Augmentation""]",[],[],Biological reinforcement; trade sustained or pulsed Resonance load against physical performance.,"{""Red"": ""Entry package; establishes minimum functional identity, usually with shallow-ranked Bindings."", ""Orange"": ""First support/depth additions improve reliability and efficiency."", ""Yellow"": ""Core Bindings begin operating as a deliberate synergistic package."", ""Green"": ""Mature operational path with sustained-use competence."", ""Blue"": ""Advanced specialization; basin/fatigue management and expensive depth dominate."", ""Violet"": ""Elite long-term expression of the path."", ""White"": ""Path-complete exemplar; individual White Bindings retain their own secondary expressions.""}","Curated developmental trajectory, not a class prison. Builder may alter optional choices and Binding ranks.","Builder evaluates actual basin overlap. Basin colors are structural energy identities only, never domain/element/power labels.",Minor restorative stabilization is incidental and does not replace coherence healing.,False,ALPHA path candidate
AU-P025,Endurance-Power Resonance Path 25,Augmenter,Endurance + Power,"[""Resonance""]","[""RS-0136"", ""RS-0152"", ""RS-0154"", ""RS-0158""]","[""Localized Upper-Body Power Augmentation"", ""Overdrive Explosive Power Augmentation"", ""Overdrive Grip Strength Augmentation"", ""Overdrive Jump Power Augmentation""]","[""RS-0169"", ""RS-0170"", ""RS-0171"", ""RS-0172""]","[""Overdrive Pressure Tolerance Augmentation"", ""Overdrive Proprioception Augmentation"", ""Overdrive Reaction Speed Augmentation"", ""Overdrive Recovery Rate Augmentation""]",[],[],Biological reinforcement; trade sustained or pulsed Resonance load against physical performance.,"{""Red"": ""Entry package; establishes minimum functional identity, usually with shallow-ranked Bindings."", ""Orange"": ""First support/depth additions improve reliability and efficiency."", ""Yellow"": ""Core Bindings begin operating as a deliberate synergistic package."", ""Green"": ""Mature operational path with sustained-use competence."", ""Blue"": ""Advanced specialization; basin/fatigue management and expensive depth dominate."", ""Violet"": ""Elite long-term expression of the path."", ""White"": ""Path-complete exemplar; individual White Bindings retain their own secondary expressions.""}","Curated developmental trajectory, not a class prison. Builder may alter optional choices and Binding ranks.","Builder evaluates actual basin overlap. Basin colors are structural energy identities only, never domain/element/power labels.",Minor restorative stabilization is incidental and does not replace coherence healing.,False,ALPHA path candidate
AU-P026,Power-Durability Resonance Path 26,Augmenter,Power + Durability,"[""Resonance"", ""Persistent Topology / Coherence–Decoherence""]","[""RS-0213"", ""RS-0215"", ""RS-0220"", ""RS-0221""]","[""Persistent Organ Bracing Augmentation"", ""Persistent Pressure Tolerance Augmentation"", ""Persistent Shock Tolerance Augmentation"", ""Persistent Spinal Reinforcement Augmentation""]","[""RS-0176"", ""RS-0177"", ""RS-0178"", ""RS-0179""]","[""Overdrive Sprint Speed Augmentation"", ""Overdrive Structural Resonance Augmentation"", ""Overdrive Sustained Run Augmentation"", ""Overdrive Swimming Output Augmentation""]",[],[],Biological reinforcement; trade sustained or pulsed Resonance load against physical performance.,"{""Red"": ""Entry package; establishes minimum functional identity, usually with shallow-ranked Bindings."", ""Orange"": ""First support/depth additions improve reliability and efficiency."", ""Yellow"": ""Core Bindings begin operating as a deliberate synergistic package."", ""Green"": ""Mature operational path with sustained-use competence."", ""Blue"": ""Advanced specialization; basin/fatigue management and expensive depth dominate."", ""Violet"": ""Elite long-term expression of the path."", ""White"": ""Path-complete exemplar; individual White Bindings retain their own secondary expressions.""}","Curated developmental trajectory, not a class prison. Builder may alter optional choices and Binding ranks.","Builder evaluates actual basin overlap. Basin colors are structural energy identities only, never domain/element/power labels.",Minor restorative stabilization is incidental and does not replace coherence healing.,False,ALPHA path candidate
AU-P027,Durability-Durability Resonance Path 27,Augmenter,Durability + Durability,"[""Resonance"", ""Persistent Topology / Coherence–Decoherence""]","[""RS-0129"", ""RS-0134"", ""RS-0144"", ""RS-0151""]","[""Localized Spinal Reinforcement Augmentation"", ""Localized Tendon Reinforcement Augmentation"", ""Overdrive Bone Reinforcement Augmentation"", ""Overdrive Dermal Reinforcement Augmentation""]","[""RS-0183"", ""RS-0184"", ""RS-0185"", ""RS-0186""]","[""Overdrive Vestibular Control Augmentation"", ""Overdrive Visual Tracking Augmentation"", ""Persistent Acceleration Augmentation"", ""Persistent Agility Augmentation""]",[],[],Biological reinforcement; trade sustained or pulsed Resonance load against physical performance.,"{""Red"": ""Entry package; establishes minimum functional identity, usually with shallow-ranked Bindings."", ""Orange"": ""First support/depth additions improve reliability and efficiency."", ""Yellow"": ""Core Bindings begin operating as a deliberate synergistic package."", ""Green"": ""Mature operational path with sustained-use competence."", ""Blue"": ""Advanced specialization; basin/fatigue management and expensive depth dominate."", ""Violet"": ""Elite long-term expression of the path."", ""White"": ""Path-complete exemplar; individual White Bindings retain their own secondary expressions.""}","Curated developmental trajectory, not a class prison. Builder may alter optional choices and Binding ranks.","Builder evaluates actual basin overlap. Basin colors are structural energy identities only, never domain/element/power labels.",Minor restorative stabilization is incidental and does not replace coherence healing.,False,ALPHA path candidate
AU-P028,Speed-Durability Resonance Path 28,Augmenter,Speed + Durability,"[""Resonance"", ""Persistent Topology / Coherence–Decoherence""]","[""RS-0002"", ""RS-0007"", ""RS-0020"", ""RS-0038""]","[""Adaptive Agility Augmentation"", ""Adaptive Burst Dash Augmentation"", ""Adaptive Jump Power Augmentation"", ""Adaptive Sprint Speed Augmentation""]","[""RS-0190"", ""RS-0191"", ""RS-0192"", ""RS-0193""]","[""Persistent Bone Reinforcement Augmentation"", ""Persistent Burst Dash Augmentation"", ""Persistent Cardiac Output Augmentation"", ""Persistent Circulatory Efficiency Augmentation""]",[],[],Biological reinforcement; trade sustained or pulsed Resonance load against physical performance.,"{""Red"": ""Entry package; establishes minimum functional identity, usually with shallow-ranked Bindings."", ""Orange"": ""First support/depth additions improve reliability and efficiency."", ""Yellow"": ""Core Bindings begin operating as a deliberate synergistic package."", ""Green"": ""Mature operational path with sustained-use competence."", ""Blue"": ""Advanced specialization; basin/fatigue management and expensive depth dominate."", ""Violet"": ""Elite long-term expression of the path."", ""White"": ""Path-complete exemplar; individual White Bindings retain their own secondary expressions.""}","Curated developmental trajectory, not a class prison. Builder may alter optional choices and Binding ranks.","Builder evaluates actual basin overlap. Basin colors are structural energy identities only, never domain/element/power labels.",Minor restorative stabilization is incidental and does not replace coherence healing.,False,ALPHA path candidate
AU-P029,Neural-Durability Resonance Path 29,Augmenter,Neural + Durability,"[""Resonance"", ""Persistent Topology / Coherence–Decoherence""]","[""RS-0206"", ""RS-0213"", ""RS-0215"", ""RS-0220""]","[""Persistent Ligament Reinforcement Augmentation"", ""Persistent Organ Bracing Augmentation"", ""Persistent Pressure Tolerance Augmentation"", ""Persistent Shock Tolerance Augmentation""]","[""RS-0197"", ""RS-0198"", ""RS-0199"", ""RS-0200""]","[""Persistent Dermal Reinforcement Augmentation"", ""Persistent Explosive Power Augmentation"", ""Persistent Fatigue Resistance Augmentation"", ""Persistent Grip Strength Augmentation""]",[],[],Biological reinforcement; trade sustained or pulsed Resonance load against physical performance.,"{""Red"": ""Entry package; establishes minimum functional identity, usually with shallow-ranked Bindings."", ""Orange"": ""First support/depth additions improve reliability and efficiency."", ""Yellow"": ""Core Bindings begin operating as a deliberate synergistic package."", ""Green"": ""Mature operational path with sustained-use competence."", ""Blue"": ""Advanced specialization; basin/fatigue management and expensive depth dominate."", ""Violet"": ""Elite long-term expression of the path."", ""White"": ""Path-complete exemplar; individual White Bindings retain their own secondary expressions.""}","Curated developmental trajectory, not a class prison. Builder may alter optional choices and Binding ranks.","Builder evaluates actual basin overlap. Basin colors are structural energy identities only, never domain/element/power labels.",Minor restorative stabilization is incidental and does not replace coherence healing.,False,ALPHA path candidate
AU-P030,Endurance-Durability Resonance Path 30,Augmenter,Endurance + Durability,"[""Resonance"", ""Persistent Topology / Coherence–Decoherence""]","[""RS-0156"", ""RS-0157"", ""RS-0160"", ""RS-0167""]","[""Overdrive Impact Frame Augmentation"", ""Overdrive Joint Reinforcement Augmentation"", ""Overdrive Ligament Reinforcement Augmentation"", ""Overdrive Organ Bracing Augmentation""]","[""RS-0204"", ""RS-0205"", ""RS-0206"", ""RS-0207""]","[""Persistent Jump Power Augmentation"", ""Persistent Landing Tolerance Augmentation"", ""Persistent Ligament Reinforcement Augmentation"", ""Persistent Localized Recovery Augmentation""]",[],[],Biological reinforcement; trade sustained or pulsed Resonance load against physical performance.,"{""Red"": ""Entry package; establishes minimum functional identity, usually with shallow-ranked Bindings."", ""Orange"": ""First support/depth additions improve reliability and efficiency."", ""Yellow"": ""Core Bindings begin operating as a deliberate synergistic package."", ""Green"": ""Mature operational path with sustained-use competence."", ""Blue"": ""Advanced specialization; basin/fatigue management and expensive depth dominate."", ""Violet"": ""Elite long-term expression of the path."", ""White"": ""Path-complete exemplar; individual White Bindings retain their own secondary expressions.""}","Curated developmental trajectory, not a class prison. Builder may alter optional choices and Binding ranks.","Builder evaluates actual basin overlap. Basin colors are structural energy identities only, never domain/element/power labels.",Minor restorative stabilization is incidental and does not replace coherence healing.,False,ALPHA path candidate
AU-P031,Power-Speed Resonance Path 31,Augmenter,Power + Speed,"[""Resonance""]","[""RS-0001"", ""RS-0002"", ""RS-0007"", ""RS-0020""]","[""Adaptive Acceleration Augmentation"", ""Adaptive Agility Augmentation"", ""Adaptive Burst Dash Augmentation"", ""Adaptive Jump Power Augmentation""]","[""RS-0211"", ""RS-0212"", ""RS-0213"", ""RS-0214""]","[""Persistent Muscular Strength Augmentation"", ""Persistent Neural Conduction Augmentation"", ""Persistent Organ Bracing Augmentation"", ""Persistent Pain Gating Augmentation""]",[],[],Biological reinforcement; trade sustained or pulsed Resonance load against physical performance.,"{""Red"": ""Entry package; establishes minimum functional identity, usually with shallow-ranked Bindings."", ""Orange"": ""First support/depth additions improve reliability and efficiency."", ""Yellow"": ""Core Bindings begin operating as a deliberate synergistic package."", ""Green"": ""Mature operational path with sustained-use competence."", ""Blue"": ""Advanced specialization; basin/fatigue management and expensive depth dominate."", ""Violet"": ""Elite long-term expression of the path."", ""White"": ""Path-complete exemplar; individual White Bindings retain their own secondary expressions.""}","Curated developmental trajectory, not a class prison. Builder may alter optional choices and Binding ranks.","Builder evaluates actual basin overlap. Basin colors are structural energy identities only, never domain/element/power labels.",Minor restorative stabilization is incidental and does not replace coherence healing.,True,ALPHA path candidate
AU-P032,Durability-Speed Resonance Path 32,Augmenter,Durability + Speed,"[""Resonance"", ""Persistent Topology / Coherence–Decoherence""]","[""RS-0065"", ""RS-0068"", ""RS-0075"", ""RS-0077""]","[""Burst Joint Reinforcement Augmentation"", ""Burst Ligament Reinforcement Augmentation"", ""Burst Organ Bracing Augmentation"", ""Burst Pressure Tolerance Augmentation""]","[""RS-0218"", ""RS-0219"", ""RS-0220"", ""RS-0221""]","[""Persistent Recovery Rate Augmentation"", ""Persistent Respiratory Throughput Augmentation"", ""Persistent Shock Tolerance Augmentation"", ""Persistent Spinal Reinforcement Augmentation""]",[],[],Biological reinforcement; trade sustained or pulsed Resonance load against physical performance.,"{""Red"": ""Entry package; establishes minimum functional identity, usually with shallow-ranked Bindings."", ""Orange"": ""First support/depth additions improve reliability and efficiency."", ""Yellow"": ""Core Bindings begin operating as a deliberate synergistic package."", ""Green"": ""Mature operational path with sustained-use competence."", ""Blue"": ""Advanced specialization; basin/fatigue management and expensive depth dominate."", ""Violet"": ""Elite long-term expression of the path."", ""White"": ""Path-complete exemplar; individual White Bindings retain their own secondary expressions.""}","Curated developmental trajectory, not a class prison. Builder may alter optional choices and Binding ranks.","Builder evaluates actual basin overlap. Basin colors are structural energy identities only, never domain/element/power labels.",Minor restorative stabilization is incidental and does not replace coherence healing.,False,ALPHA path candidate
AU-P033,Speed-Speed Resonance Path 33,Augmenter,Speed + Speed,"[""Resonance""]","[""RS-0047"", ""RS-0048"", ""RS-0053"", ""RS-0066""]","[""Burst Acceleration Augmentation"", ""Burst Agility Augmentation"", ""Burst Burst Dash Augmentation"", ""Burst Jump Power Augmentation""]","[""RS-0225"", ""RS-0226"", ""RS-0227"", ""RS-0228""]","[""Persistent Swimming Output Augmentation"", ""Persistent Tendon Reinforcement Augmentation"", ""Persistent Turning Authority Augmentation"", ""Persistent Upper-Body Power Augmentation""]",[],[],Biological reinforcement; trade sustained or pulsed Resonance load against physical performance.,"{""Red"": ""Entry package; establishes minimum functional identity, usually with shallow-ranked Bindings."", ""Orange"": ""First support/depth additions improve reliability and efficiency."", ""Yellow"": ""Core Bindings begin operating as a deliberate synergistic package."", ""Green"": ""Mature operational path with sustained-use competence."", ""Blue"": ""Advanced specialization; basin/fatigue management and expensive depth dominate."", ""Violet"": ""Elite long-term expression of the path."", ""White"": ""Path-complete exemplar; individual White Bindings retain their own secondary expressions.""}","Curated developmental trajectory, not a class prison. Builder may alter optional choices and Binding ranks.","Builder evaluates actual basin overlap. Basin colors are structural energy identities only, never domain/element/power labels.",Minor restorative stabilization is incidental and does not replace coherence healing.,False,ALPHA path candidate
AU-P034,Neural-Speed Resonance Path 34,Augmenter,Neural + Speed,"[""Resonance""]","[""RS-0171"", ""RS-0183"", ""RS-0184"", ""RS-0188""]","[""Overdrive Reaction Speed Augmentation"", ""Overdrive Vestibular Control Augmentation"", ""Overdrive Visual Tracking Augmentation"", ""Persistent Auditory Filtering Augmentation""]","[""RS-0002"", ""RS-0003"", ""RS-0004"", ""RS-0005""]","[""Adaptive Agility Augmentation"", ""Adaptive Anaerobic Tolerance Augmentation"", ""Adaptive Auditory Filtering Augmentation"", ""Adaptive Balance Augmentation""]",[],[],Biological reinforcement; trade sustained or pulsed Resonance load against physical performance.,"{""Red"": ""Entry package; establishes minimum functional identity, usually with shallow-ranked Bindings."", ""Orange"": ""First support/depth additions improve reliability and efficiency."", ""Yellow"": ""Core Bindings begin operating as a deliberate synergistic package."", ""Green"": ""Mature operational path with sustained-use competence."", ""Blue"": ""Advanced specialization; basin/fatigue management and expensive depth dominate."", ""Violet"": ""Elite long-term expression of the path."", ""White"": ""Path-complete exemplar; individual White Bindings retain their own secondary expressions.""}","Curated developmental trajectory, not a class prison. Builder may alter optional choices and Binding ranks.","Builder evaluates actual basin overlap. Basin colors are structural energy identities only, never domain/element/power labels.",Minor restorative stabilization is incidental and does not replace coherence healing.,False,ALPHA path candidate
AU-P035,Endurance-Speed Resonance Path 35,Augmenter,Endurance + Speed,"[""Resonance""]","[""RS-0069"", ""RS-0071"", ""RS-0080"", ""RS-0081""]","[""Burst Localized Recovery Augmentation"", ""Burst Metabolic Efficiency Augmentation"", ""Burst Recovery Rate Augmentation"", ""Burst Respiratory Throughput Augmentation""]","[""RS-0009"", ""RS-0010"", ""RS-0011"", ""RS-0012""]","[""Adaptive Circulatory Efficiency Augmentation"", ""Adaptive Climbing Output Augmentation"", ""Adaptive Cold Tolerance Augmentation"", ""Adaptive Core Stability Augmentation""]",[],[],Biological reinforcement; trade sustained or pulsed Resonance load against physical performance.,"{""Red"": ""Entry package; establishes minimum functional identity, usually with shallow-ranked Bindings."", ""Orange"": ""First support/depth additions improve reliability and efficiency."", ""Yellow"": ""Core Bindings begin operating as a deliberate synergistic package."", ""Green"": ""Mature operational path with sustained-use competence."", ""Blue"": ""Advanced specialization; basin/fatigue management and expensive depth dominate."", ""Violet"": ""Elite long-term expression of the path."", ""White"": ""Path-complete exemplar; individual White Bindings retain their own secondary expressions.""}","Curated developmental trajectory, not a class prison. Builder may alter optional choices and Binding ranks.","Builder evaluates actual basin overlap. Basin colors are structural energy identities only, never domain/element/power labels.",Minor restorative stabilization is incidental and does not replace coherence healing.,False,ALPHA path candidate
AU-P036,Power-Neural Resonance Path 36,Augmenter,Power + Neural,"[""Resonance""]","[""RS-0033"", ""RS-0045"", ""RS-0046"", ""RS-0050""]","[""Adaptive Reaction Speed Augmentation"", ""Adaptive Vestibular Control Augmentation"", ""Adaptive Visual Tracking Augmentation"", ""Burst Auditory Filtering Augmentation""]","[""RS-0016"", ""RS-0017"", ""RS-0018"", ""RS-0019""]","[""Adaptive Grip Strength Augmentation"", ""Adaptive Heat Shedding Augmentation"", ""Adaptive Impact Frame Augmentation"", ""Adaptive Joint Reinforcement Augmentation""]",[],[],Biological reinforcement; trade sustained or pulsed Resonance load against physical performance.,"{""Red"": ""Entry package; establishes minimum functional identity, usually with shallow-ranked Bindings."", ""Orange"": ""First support/depth additions improve reliability and efficiency."", ""Yellow"": ""Core Bindings begin operating as a deliberate synergistic package."", ""Green"": ""Mature operational path with sustained-use competence."", ""Blue"": ""Advanced specialization; basin/fatigue management and expensive depth dominate."", ""Violet"": ""Elite long-term expression of the path."", ""White"": ""Path-complete exemplar; individual White Bindings retain their own secondary expressions.""}","Curated developmental trajectory, not a class prison. Builder may alter optional choices and Binding ranks.","Builder evaluates actual basin overlap. Basin colors are structural energy identities only, never domain/element/power labels.",Minor restorative stabilization is incidental and does not replace coherence healing.,False,ALPHA path candidate
AU-P037,Durability-Neural Resonance Path 37,Augmenter,Durability + Neural,"[""Resonance"", ""Persistent Topology / Coherence–Decoherence""]","[""RS-0083"", ""RS-0088"", ""RS-0098"", ""RS-0105""]","[""Burst Spinal Reinforcement Augmentation"", ""Burst Tendon Reinforcement Augmentation"", ""Localized Bone Reinforcement Augmentation"", ""Localized Dermal Reinforcement Augmentation""]","[""RS-0023"", ""RS-0024"", ""RS-0025"", ""RS-0026""]","[""Adaptive Localized Recovery Augmentation"", ""Adaptive Lower-Body Power Augmentation"", ""Adaptive Metabolic Efficiency Augmentation"", ""Adaptive Motor Precision Augmentation""]",[],[],Biological reinforcement; trade sustained or pulsed Resonance load against physical performance.,"{""Red"": ""Entry package; establishes minimum functional identity, usually with shallow-ranked Bindings."", ""Orange"": ""First support/depth additions improve reliability and efficiency."", ""Yellow"": ""Core Bindings begin operating as a deliberate synergistic package."", ""Green"": ""Mature operational path with sustained-use competence."", ""Blue"": ""Advanced specialization; basin/fatigue management and expensive depth dominate."", ""Violet"": ""Elite long-term expression of the path."", ""White"": ""Path-complete exemplar; individual White Bindings retain their own secondary expressions.""}","Curated developmental trajectory, not a class prison. Builder may alter optional choices and Binding ranks.","Builder evaluates actual basin overlap. Basin colors are structural energy identities only, never domain/element/power labels.",Minor restorative stabilization is incidental and does not replace coherence healing.,False,ALPHA path candidate
AU-P038,Speed-Neural Resonance Path 38,Augmenter,Speed + Neural,"[""Resonance""]","[""RS-0074"", ""RS-0078"", ""RS-0079"", ""RS-0091""]","[""Burst Neural Conduction Augmentation"", ""Burst Proprioception Augmentation"", ""Burst Reaction Speed Augmentation"", ""Burst Vestibular Control Augmentation""]","[""RS-0030"", ""RS-0031"", ""RS-0032"", ""RS-0033""]","[""Adaptive Pain Gating Augmentation"", ""Adaptive Pressure Tolerance Augmentation"", ""Adaptive Proprioception Augmentation"", ""Adaptive Reaction Speed Augmentation""]",[],[],Biological reinforcement; trade sustained or pulsed Resonance load against physical performance.,"{""Red"": ""Entry package; establishes minimum functional identity, usually with shallow-ranked Bindings."", ""Orange"": ""First support/depth additions improve reliability and efficiency."", ""Yellow"": ""Core Bindings begin operating as a deliberate synergistic package."", ""Green"": ""Mature operational path with sustained-use competence."", ""Blue"": ""Advanced specialization; basin/fatigue management and expensive depth dominate."", ""Violet"": ""Elite long-term expression of the path."", ""White"": ""Path-complete exemplar; individual White Bindings retain their own secondary expressions.""}","Curated developmental trajectory, not a class prison. Builder may alter optional choices and Binding ranks.","Builder evaluates actual basin overlap. Basin colors are structural energy identities only, never domain/element/power labels.",Minor restorative stabilization is incidental and does not replace coherence healing.,False,ALPHA path candidate
AU-P039,Neural-Neural Resonance Path 39,Augmenter,Neural + Neural,"[""Resonance""]","[""RS-0210"", ""RS-0212"", ""RS-0216"", ""RS-0217""]","[""Persistent Motor Precision Augmentation"", ""Persistent Neural Conduction Augmentation"", ""Persistent Proprioception Augmentation"", ""Persistent Reaction Speed Augmentation""]","[""RS-0037"", ""RS-0038"", ""RS-0039"", ""RS-0040""]","[""Adaptive Spinal Reinforcement Augmentation"", ""Adaptive Sprint Speed Augmentation"", ""Adaptive Structural Resonance Augmentation"", ""Adaptive Sustained Run Augmentation""]",[],[],Biological reinforcement; trade sustained or pulsed Resonance load against physical performance.,"{""Red"": ""Entry package; establishes minimum functional identity, usually with shallow-ranked Bindings."", ""Orange"": ""First support/depth additions improve reliability and efficiency."", ""Yellow"": ""Core Bindings begin operating as a deliberate synergistic package."", ""Green"": ""Mature operational path with sustained-use competence."", ""Blue"": ""Advanced specialization; basin/fatigue management and expensive depth dominate."", ""Violet"": ""Elite long-term expression of the path."", ""White"": ""Path-complete exemplar; individual White Bindings retain their own secondary expressions.""}","Curated developmental trajectory, not a class prison. Builder may alter optional choices and Binding ranks.","Builder evaluates actual basin overlap. Basin colors are structural energy identities only, never domain/element/power labels.",Minor restorative stabilization is incidental and does not replace coherence healing.,False,ALPHA path candidate
AU-P040,Endurance-Neural Resonance Path 40,Augmenter,Endurance + Neural,"[""Resonance""]","[""RS-0095"", ""RS-0100"", ""RS-0101"", ""RS-0103""]","[""Localized Anaerobic Tolerance Augmentation"", ""Localized Cardiac Output Augmentation"", ""Localized Circulatory Efficiency Augmentation"", ""Localized Cold Tolerance Augmentation""]","[""RS-0044"", ""RS-0045"", ""RS-0046"", ""RS-0047""]","[""Adaptive Upper-Body Power Augmentation"", ""Adaptive Vestibular Control Augmentation"", ""Adaptive Visual Tracking Augmentation"", ""Burst Acceleration Augmentation""]",[],[],Biological reinforcement; trade sustained or pulsed Resonance load against physical performance.,"{""Red"": ""Entry package; establishes minimum functional identity, usually with shallow-ranked Bindings."", ""Orange"": ""First support/depth additions improve reliability and efficiency."", ""Yellow"": ""Core Bindings begin operating as a deliberate synergistic package."", ""Green"": ""Mature operational path with sustained-use competence."", ""Blue"": ""Advanced specialization; basin/fatigue management and expensive depth dominate."", ""Violet"": ""Elite long-term expression of the path."", ""White"": ""Path-complete exemplar; individual White Bindings retain their own secondary expressions.""}","Curated developmental trajectory, not a class prison. Builder may alter optional choices and Binding ranks.","Builder evaluates actual basin overlap. Basin colors are structural energy identities only, never domain/element/power labels.",Minor restorative stabilization is incidental and does not replace coherence healing.,False,ALPHA path candidate
AU-P041,Power-Endurance Resonance Path 41,Augmenter,Power + Endurance,"[""Resonance""]","[""RS-0017"", ""RS-0023"", ""RS-0025"", ""RS-0034""]","[""Adaptive Heat Shedding Augmentation"", ""Adaptive Localized Recovery Augmentation"", ""Adaptive Metabolic Efficiency Augmentation"", ""Adaptive Recovery Rate Augmentation""]","[""RS-0051"", ""RS-0052"", ""RS-0053"", ""RS-0054""]","[""Burst Balance Augmentation"", ""Burst Bone Reinforcement Augmentation"", ""Burst Burst Dash Augmentation"", ""Burst Cardiac Output Augmentation""]",[],[],Biological reinforcement; trade sustained or pulsed Resonance load against physical performance.,"{""Red"": ""Entry package; establishes minimum functional identity, usually with shallow-ranked Bindings."", ""Orange"": ""First support/depth additions improve reliability and efficiency."", ""Yellow"": ""Core Bindings begin operating as a deliberate synergistic package."", ""Green"": ""Mature operational path with sustained-use competence."", ""Blue"": ""Advanced specialization; basin/fatigue management and expensive depth dominate."", ""Violet"": ""Elite long-term expression of the path."", ""White"": ""Path-complete exemplar; individual White Bindings retain their own secondary expressions.""}","Curated developmental trajectory, not a class prison. Builder may alter optional choices and Binding ranks.","Builder evaluates actual basin overlap. Basin colors are structural energy identities only, never domain/element/power labels.",Minor restorative stabilization is incidental and does not replace coherence healing.,True,ALPHA path candidate
AU-P042,Durability-Endurance Resonance Path 42,Augmenter,Durability + Endurance,"[""Resonance"", ""Persistent Topology / Coherence–Decoherence""]","[""RS-0083"", ""RS-0088"", ""RS-0098"", ""RS-0105""]","[""Burst Spinal Reinforcement Augmentation"", ""Burst Tendon Reinforcement Augmentation"", ""Localized Bone Reinforcement Augmentation"", ""Localized Dermal Reinforcement Augmentation""]","[""RS-0058"", ""RS-0059"", ""RS-0060"", ""RS-0061""]","[""Burst Core Stability Augmentation"", ""Burst Dermal Reinforcement Augmentation"", ""Burst Explosive Power Augmentation"", ""Burst Fatigue Resistance Augmentation""]",[],[],Biological reinforcement; trade sustained or pulsed Resonance load against physical performance.,"{""Red"": ""Entry package; establishes minimum functional identity, usually with shallow-ranked Bindings."", ""Orange"": ""First support/depth additions improve reliability and efficiency."", ""Yellow"": ""Core Bindings begin operating as a deliberate synergistic package."", ""Green"": ""Mature operational path with sustained-use competence."", ""Blue"": ""Advanced specialization; basin/fatigue management and expensive depth dominate."", ""Violet"": ""Elite long-term expression of the path."", ""White"": ""Path-complete exemplar; individual White Bindings retain their own secondary expressions.""}","Curated developmental trajectory, not a class prison. Builder may alter optional choices and Binding ranks.","Builder evaluates actual basin overlap. Basin colors are structural energy identities only, never domain/element/power labels.",Minor restorative stabilization is incidental and does not replace coherence healing.,False,ALPHA path candidate
AU-P043,Speed-Endurance Resonance Path 43,Augmenter,Speed + Endurance,"[""Resonance""]","[""RS-0049"", ""RS-0054"", ""RS-0055"", ""RS-0057""]","[""Burst Anaerobic Tolerance Augmentation"", ""Burst Cardiac Output Augmentation"", ""Burst Circulatory Efficiency Augmentation"", ""Burst Cold Tolerance Augmentation""]","[""RS-0065"", ""RS-0066"", ""RS-0067"", ""RS-0068""]","[""Burst Joint Reinforcement Augmentation"", ""Burst Jump Power Augmentation"", ""Burst Landing Tolerance Augmentation"", ""Burst Ligament Reinforcement Augmentation""]",[],[],Biological reinforcement; trade sustained or pulsed Resonance load against physical performance.,"{""Red"": ""Entry package; establishes minimum functional identity, usually with shallow-ranked Bindings."", ""Orange"": ""First support/depth additions improve reliability and efficiency."", ""Yellow"": ""Core Bindings begin operating as a deliberate synergistic package."", ""Green"": ""Mature operational path with sustained-use competence."", ""Blue"": ""Advanced specialization; basin/fatigue management and expensive depth dominate."", ""Violet"": ""Elite long-term expression of the path."", ""White"": ""Path-complete exemplar; individual White Bindings retain their own secondary expressions.""}","Curated developmental trajectory, not a class prison. Builder may alter optional choices and Binding ranks.","Builder evaluates actual basin overlap. Basin colors are structural energy identities only, never domain/element/power labels.",Minor restorative stabilization is incidental and does not replace coherence healing.,False,ALPHA path candidate
AU-P044,Neural-Endurance Resonance Path 44,Augmenter,Neural + Endurance,"[""Resonance""]","[""RS-0210"", ""RS-0212"", ""RS-0216"", ""RS-0217""]","[""Persistent Motor Precision Augmentation"", ""Persistent Neural Conduction Augmentation"", ""Persistent Proprioception Augmentation"", ""Persistent Reaction Speed Augmentation""]","[""RS-0072"", ""RS-0073"", ""RS-0074"", ""RS-0075""]","[""Burst Motor Precision Augmentation"", ""Burst Muscular Strength Augmentation"", ""Burst Neural Conduction Augmentation"", ""Burst Organ Bracing Augmentation""]",[],[],Biological reinforcement; trade sustained or pulsed Resonance load against physical performance.,"{""Red"": ""Entry package; establishes minimum functional identity, usually with shallow-ranked Bindings."", ""Orange"": ""First support/depth additions improve reliability and efficiency."", ""Yellow"": ""Core Bindings begin operating as a deliberate synergistic package."", ""Green"": ""Mature operational path with sustained-use competence."", ""Blue"": ""Advanced specialization; basin/fatigue management and expensive depth dominate."", ""Violet"": ""Elite long-term expression of the path."", ""White"": ""Path-complete exemplar; individual White Bindings retain their own secondary expressions.""}","Curated developmental trajectory, not a class prison. Builder may alter optional choices and Binding ranks.","Builder evaluates actual basin overlap. Basin colors are structural energy identities only, never domain/element/power labels.",Minor restorative stabilization is incidental and does not replace coherence healing.,False,ALPHA path candidate
AU-P045,Endurance-Endurance Resonance Path 45,Augmenter,Endurance + Endurance,"[""Resonance""]","[""RS-0095"", ""RS-0100"", ""RS-0101"", ""RS-0103""]","[""Localized Anaerobic Tolerance Augmentation"", ""Localized Cardiac Output Augmentation"", ""Localized Circulatory Efficiency Augmentation"", ""Localized Cold Tolerance Augmentation""]","[""RS-0079"", ""RS-0080"", ""RS-0081"", ""RS-0082""]","[""Burst Reaction Speed Augmentation"", ""Burst Recovery Rate Augmentation"", ""Burst Respiratory Throughput Augmentation"", ""Burst Shock Tolerance Augmentation""]",[],[],Biological reinforcement; trade sustained or pulsed Resonance load against physical performance.,"{""Red"": ""Entry package; establishes minimum functional identity, usually with shallow-ranked Bindings."", ""Orange"": ""First support/depth additions improve reliability and efficiency."", ""Yellow"": ""Core Bindings begin operating as a deliberate synergistic package."", ""Green"": ""Mature operational path with sustained-use competence."", ""Blue"": ""Advanced specialization; basin/fatigue management and expensive depth dominate."", ""Violet"": ""Elite long-term expression of the path."", ""White"": ""Path-complete exemplar; individual White Bindings retain their own secondary expressions.""}","Curated developmental trajectory, not a class prison. Builder may alter optional choices and Binding ranks.","Builder evaluates actual basin overlap. Basin colors are structural energy identities only, never domain/element/power labels.",Minor restorative stabilization is incidental and does not replace coherence healing.,False,ALPHA path candidate
MA-P001,Combustion Expression Path 01,Maege,Combustion expression,"[""Genesis Expression""]","[""GE-0044"", ""GE-0045"", ""GE-0046"", ""GE-0047""]","[""Forking Combustion Arc"", ""Single Combustion Arc"", ""Burst Combustion Beam"", ""Channeled Combustion Beam""]","[""GE-0404"", ""GE-0405"", ""GE-0406"", ""GE-0407""]","[""Arc Barrage Pattern"", ""Barrage Pattern"", ""Carpet Pattern"", ""Cascade Pattern""]",[],[],External energy/matter expression through lawful Transduction geometry.,"{""Red"": ""Entry package; establishes minimum functional identity, usually with shallow-ranked Bindings."", ""Orange"": ""First support/depth additions improve reliability and efficiency."", ""Yellow"": ""Core Bindings begin operating as a deliberate synergistic package."", ""Green"": ""Mature operational path with sustained-use competence."", ""Blue"": ""Advanced specialization; basin/fatigue management and expensive depth dominate."", ""Violet"": ""Elite long-term expression of the path."", ""White"": ""Path-complete exemplar; individual White Bindings retain their own secondary expressions.""}","Curated developmental trajectory, not a class prison. Builder may alter optional choices and Binding ranks.","Builder evaluates actual basin overlap. Basin colors are structural energy identities only, never domain/element/power labels.",,True,ALPHA path candidate
MA-P002,Plasma Expression Path 02,Maege,Plasma expression,"[""Genesis Expression"", ""Resonance""]","[""GE-0248"", ""GE-0249"", ""GE-0250"", ""GE-0251""]","[""Plasma Colossus Elemental"", ""Plasma Drake Elemental"", ""Plasma Hound Elemental"", ""Plasma Raptor Elemental""]","[""GE-0408"", ""GE-0409"", ""GE-0410"", ""GE-0411""]","[""Corkscrew Pattern"", ""Crossfire Pattern"", ""Delayed Split Pattern"", ""Echo Pattern""]",[],[],External energy/matter expression through lawful Transduction geometry.,"{""Red"": ""Entry package; establishes minimum functional identity, usually with shallow-ranked Bindings."", ""Orange"": ""First support/depth additions improve reliability and efficiency."", ""Yellow"": ""Core Bindings begin operating as a deliberate synergistic package."", ""Green"": ""Mature operational path with sustained-use competence."", ""Blue"": ""Advanced specialization; basin/fatigue management and expensive depth dominate."", ""Violet"": ""Elite long-term expression of the path."", ""White"": ""Path-complete exemplar; individual White Bindings retain their own secondary expressions.""}","Curated developmental trajectory, not a class prison. Builder may alter optional choices and Binding ranks.","Builder evaluates actual basin overlap. Basin colors are structural energy identities only, never domain/element/power labels.",,False,ALPHA path candidate
MA-P003,Lightning Expression Path 03,Maege,Lightning expression,"[""Genesis Expression"", ""Resonance""]","[""GE-0232"", ""GE-0233"", ""GE-0234"", ""GE-0235""]","[""Lightning Colossus Elemental"", ""Lightning Drake Elemental"", ""Lightning Hound Elemental"", ""Lightning Raptor Elemental""]","[""GE-0412"", ""GE-0413"", ""GE-0414"", ""GE-0415""]","[""Fan Pattern"", ""Focus Barrage Pattern"", ""Fork Pattern"", ""Grid Pattern""]",[],[],External energy/matter expression through lawful Transduction geometry.,"{""Red"": ""Entry package; establishes minimum functional identity, usually with shallow-ranked Bindings."", ""Orange"": ""First support/depth additions improve reliability and efficiency."", ""Yellow"": ""Core Bindings begin operating as a deliberate synergistic package."", ""Green"": ""Mature operational path with sustained-use competence."", ""Blue"": ""Advanced specialization; basin/fatigue management and expensive depth dominate."", ""Violet"": ""Elite long-term expression of the path."", ""White"": ""Path-complete exemplar; individual White Bindings retain their own secondary expressions.""}","Curated developmental trajectory, not a class prison. Builder may alter optional choices and Binding ranks.","Builder evaluates actual basin overlap. Basin colors are structural energy identities only, never domain/element/power labels.",,False,ALPHA path candidate
MA-P004,Thermal Expression Path 04,Maege,Thermal expression,"[""Genesis Expression""]","[""GE-0535"", ""GE-0558"", ""GE-0559"", ""GE-0560""]","[""Thermal Shard"", ""Forking Thermal Arc"", ""Single Thermal Arc"", ""Burst Thermal Beam""]","[""GE-0416"", ""GE-0417"", ""GE-0418"", ""GE-0419""]","[""Halo Pattern Pattern"", ""Hammer Pattern"", ""Ladder Pattern"", ""Mirror Pattern""]",[],[],External energy/matter expression through lawful Transduction geometry.,"{""Red"": ""Entry package; establishes minimum functional identity, usually with shallow-ranked Bindings."", ""Orange"": ""First support/depth additions improve reliability and efficiency."", ""Yellow"": ""Core Bindings begin operating as a deliberate synergistic package."", ""Green"": ""Mature operational path with sustained-use competence."", ""Blue"": ""Advanced specialization; basin/fatigue management and expensive depth dominate."", ""Violet"": ""Elite long-term expression of the path."", ""White"": ""Path-complete exemplar; individual White Bindings retain their own secondary expressions.""}","Curated developmental trajectory, not a class prison. Builder may alter optional choices and Binding ranks.","Builder evaluates actual basin overlap. Basin colors are structural energy identities only, never domain/element/power labels.",,False,ALPHA path candidate
MA-P005,Cryogenic Expression Path 05,Maege,Cryogenic expression,"[""Genesis Expression""]","[""GE-0144"", ""GE-0145"", ""GE-0146"", ""GE-0147""]","[""Forking Cryogenic Arc"", ""Single Cryogenic Arc"", ""Burst Cryogenic Beam"", ""Channeled Cryogenic Beam""]","[""GE-0420"", ""GE-0421"", ""GE-0422"", ""GE-0423""]","[""Net Pattern"", ""Offset Pattern"", ""Overlap Pattern"", ""Pincer Pattern""]",[],[],External energy/matter expression through lawful Transduction geometry.,"{""Red"": ""Entry package; establishes minimum functional identity, usually with shallow-ranked Bindings."", ""Orange"": ""First support/depth additions improve reliability and efficiency."", ""Yellow"": ""Core Bindings begin operating as a deliberate synergistic package."", ""Green"": ""Mature operational path with sustained-use competence."", ""Blue"": ""Advanced specialization; basin/fatigue management and expensive depth dominate."", ""Violet"": ""Elite long-term expression of the path."", ""White"": ""Path-complete exemplar; individual White Bindings retain their own secondary expressions.""}","Curated developmental trajectory, not a class prison. Builder may alter optional choices and Binding ranks.","Builder evaluates actual basin overlap. Basin colors are structural energy identities only, never domain/element/power labels.",,False,ALPHA path candidate
MA-P006,Steam Expression Path 06,Maege,Steam expression,"[""Genesis Expression"", ""Resonance""]","[""GE-0272"", ""GE-0273"", ""GE-0274"", ""GE-0275""]","[""Steam Colossus Elemental"", ""Steam Drake Elemental"", ""Steam Hound Elemental"", ""Steam Raptor Elemental""]","[""GE-0424"", ""GE-0425"", ""GE-0426"", ""GE-0427""]","[""Pinwheel Pattern"", ""Precision Volley Pattern"", ""Pulse Chain Pattern"", ""Pulse Grid Pattern""]",[],[],External energy/matter expression through lawful Transduction geometry.,"{""Red"": ""Entry package; establishes minimum functional identity, usually with shallow-ranked Bindings."", ""Orange"": ""First support/depth additions improve reliability and efficiency."", ""Yellow"": ""Core Bindings begin operating as a deliberate synergistic package."", ""Green"": ""Mature operational path with sustained-use competence."", ""Blue"": ""Advanced specialization; basin/fatigue management and expensive depth dominate."", ""Violet"": ""Elite long-term expression of the path."", ""White"": ""Path-complete exemplar; individual White Bindings retain their own secondary expressions.""}","Curated developmental trajectory, not a class prison. Builder may alter optional choices and Binding ranks.","Builder evaluates actual basin overlap. Basin colors are structural energy identities only, never domain/element/power labels.",,False,ALPHA path candidate
MA-P007,Atmospheric Expression Path 07,Maege,Atmospheric expression,"[""Genesis Expression""]","[""GE-0021"", ""GE-0022"", ""GE-0023"", ""GE-0024""]","[""Forking Atmospheric Arc"", ""Single Atmospheric Arc"", ""Burst Atmospheric Beam"", ""Channeled Atmospheric Beam""]","[""GE-0428"", ""GE-0429"", ""GE-0430"", ""GE-0431""]","[""Quad Pattern"", ""Rain Pattern"", ""Rainburst Pattern"", ""Reverse Pattern""]",[],[],External energy/matter expression through lawful Transduction geometry.,"{""Red"": ""Entry package; establishes minimum functional identity, usually with shallow-ranked Bindings."", ""Orange"": ""First support/depth additions improve reliability and efficiency."", ""Yellow"": ""Core Bindings begin operating as a deliberate synergistic package."", ""Green"": ""Mature operational path with sustained-use competence."", ""Blue"": ""Advanced specialization; basin/fatigue management and expensive depth dominate."", ""Violet"": ""Elite long-term expression of the path."", ""White"": ""Path-complete exemplar; individual White Bindings retain their own secondary expressions.""}","Curated developmental trajectory, not a class prison. Builder may alter optional choices and Binding ranks.","Builder evaluates actual basin overlap. Basin colors are structural energy identities only, never domain/element/power labels.",,False,ALPHA path candidate
MA-P008,Water Expression Path 08,Maege,Water expression,"[""Genesis Expression"", ""Resonance""]","[""GE-0288"", ""GE-0289"", ""GE-0290"", ""GE-0291""]","[""Water Colossus Elemental"", ""Water Drake Elemental"", ""Water Hound Elemental"", ""Water Raptor Elemental""]","[""GE-0432"", ""GE-0433"", ""GE-0434"", ""GE-0435""]","[""Ring Barrage Pattern"", ""Scatter Pattern"", ""Shotgun Pattern"", ""Shotline Pattern""]",[],[],External energy/matter expression through lawful Transduction geometry.,"{""Red"": ""Entry package; establishes minimum functional identity, usually with shallow-ranked Bindings."", ""Orange"": ""First support/depth additions improve reliability and efficiency."", ""Yellow"": ""Core Bindings begin operating as a deliberate synergistic package."", ""Green"": ""Mature operational path with sustained-use competence."", ""Blue"": ""Advanced specialization; basin/fatigue management and expensive depth dominate."", ""Violet"": ""Elite long-term expression of the path."", ""White"": ""Path-complete exemplar; individual White Bindings retain their own secondary expressions.""}","Curated developmental trajectory, not a class prison. Builder may alter optional choices and Binding ranks.","Builder evaluates actual basin overlap. Basin colors are structural energy identities only, never domain/element/power labels.",,False,ALPHA path candidate
MA-P009,Mineral Expression Path 09,Maege,Mineral expression,"[""Genesis Expression""]","[""GE-0384"", ""GE-0385"", ""GE-0386"", ""GE-0387""]","[""Forking Mineral Arc"", ""Single Mineral Arc"", ""Burst Mineral Beam"", ""Channeled Mineral Beam""]","[""GE-0436"", ""GE-0437"", ""GE-0438"", ""GE-0439""]","[""Spiral Pattern"", ""Split Pattern"", ""Spread Barrage Pattern"", ""Stagger Pattern""]",[],[],External energy/matter expression through lawful Transduction geometry.,"{""Red"": ""Entry package; establishes minimum functional identity, usually with shallow-ranked Bindings."", ""Orange"": ""First support/depth additions improve reliability and efficiency."", ""Yellow"": ""Core Bindings begin operating as a deliberate synergistic package."", ""Green"": ""Mature operational path with sustained-use competence."", ""Blue"": ""Advanced specialization; basin/fatigue management and expensive depth dominate."", ""Violet"": ""Elite long-term expression of the path."", ""White"": ""Path-complete exemplar; individual White Bindings retain their own secondary expressions.""}","Curated developmental trajectory, not a class prison. Builder may alter optional choices and Binding ranks.","Builder evaluates actual basin overlap. Basin colors are structural energy identities only, never domain/element/power labels.",,False,ALPHA path candidate
MA-P010,Sand Expression Path 10,Maege,Sand expression,"[""Genesis Expression"", ""Resonance""]","[""GE-0256"", ""GE-0257"", ""GE-0258"", ""GE-0259""]","[""Sand Colossus Elemental"", ""Sand Drake Elemental"", ""Sand Hound Elemental"", ""Sand Raptor Elemental""]","[""GE-0440"", ""GE-0441"", ""GE-0442"", ""GE-0443""]","[""Sweep Pattern"", ""Triple Pattern"", ""Twin Pattern"", ""Wave Pattern""]",[],[],External energy/matter expression through lawful Transduction geometry.,"{""Red"": ""Entry package; establishes minimum functional identity, usually with shallow-ranked Bindings."", ""Orange"": ""First support/depth additions improve reliability and efficiency."", ""Yellow"": ""Core Bindings begin operating as a deliberate synergistic package."", ""Green"": ""Mature operational path with sustained-use competence."", ""Blue"": ""Advanced specialization; basin/fatigue management and expensive depth dominate."", ""Violet"": ""Elite long-term expression of the path."", ""White"": ""Path-complete exemplar; individual White Bindings retain their own secondary expressions.""}","Curated developmental trajectory, not a class prison. Builder may alter optional choices and Binding ranks.","Builder evaluates actual basin overlap. Basin colors are structural energy identities only, never domain/element/power labels.",,False,ALPHA path candidate
MA-P011,Glass Expression Path 11,Maege,Glass expression,"[""Genesis Expression"", ""Resonance""]","[""GE-0208"", ""GE-0209"", ""GE-0210"", ""GE-0211""]","[""Glass Colossus Elemental"", ""Glass Drake Elemental"", ""Glass Hound Elemental"", ""Glass Raptor Elemental""]","[""DG-0001"", ""DG-0002"", ""DG-0003"", ""DG-0004""]","[""Expanded Adjacency Bridge"", ""Expanded Compression Corridor"", ""Expanded Directional Bias"", ""Expanded Expansion Pocket""]",[],[],External energy/matter expression through lawful Transduction geometry.,"{""Red"": ""Entry package; establishes minimum functional identity, usually with shallow-ranked Bindings."", ""Orange"": ""First support/depth additions improve reliability and efficiency."", ""Yellow"": ""Core Bindings begin operating as a deliberate synergistic package."", ""Green"": ""Mature operational path with sustained-use competence."", ""Blue"": ""Advanced specialization; basin/fatigue management and expensive depth dominate."", ""Violet"": ""Elite long-term expression of the path."", ""White"": ""Path-complete exemplar; individual White Bindings retain their own secondary expressions.""}","Curated developmental trajectory, not a class prison. Builder may alter optional choices and Binding ranks.","Builder evaluates actual basin overlap. Basin colors are structural energy identities only, never domain/element/power labels.",,False,ALPHA path candidate
MA-P012,Iron Expression Path 12,Maege,Iron expression,"[""Genesis Expression"", ""Resonance""]","[""GE-0224"", ""GE-0225"", ""GE-0226"", ""GE-0227""]","[""Iron Colossus Elemental"", ""Iron Drake Elemental"", ""Iron Hound Elemental"", ""Iron Raptor Elemental""]","[""DG-0005"", ""DG-0006"", ""DG-0007"", ""DG-0008""]","[""Expanded Geometric Cage"", ""Expanded Landing Field"", ""Expanded Orientation Lock"", ""Expanded Relative Distance Bias""]",[],[],External energy/matter expression through lawful Transduction geometry.,"{""Red"": ""Entry package; establishes minimum functional identity, usually with shallow-ranked Bindings."", ""Orange"": ""First support/depth additions improve reliability and efficiency."", ""Yellow"": ""Core Bindings begin operating as a deliberate synergistic package."", ""Green"": ""Mature operational path with sustained-use competence."", ""Blue"": ""Advanced specialization; basin/fatigue management and expensive depth dominate."", ""Violet"": ""Elite long-term expression of the path."", ""White"": ""Path-complete exemplar; individual White Bindings retain their own secondary expressions.""}","Curated developmental trajectory, not a class prison. Builder may alter optional choices and Binding ranks.","Builder evaluates actual basin overlap. Basin colors are structural energy identities only, never domain/element/power labels.",,True,ALPHA path candidate
MA-P013,Copper Expression Path 13,Maege,Copper expression,"[""Genesis Expression""]","[""GE-0064"", ""GE-0065"", ""GE-0066"", ""GE-0067""]","[""Forking Copper Arc"", ""Single Copper Arc"", ""Burst Copper Beam"", ""Channeled Copper Beam""]","[""DG-0009"", ""DG-0010"", ""DG-0011"", ""DG-0012""]","[""Expanded Rotation Field"", ""Expanded Spatial Anchor"", ""Expanded Spatial Exclusion"", ""Expanded Spatial Shear""]",[],[],External energy/matter expression through lawful Transduction geometry.,"{""Red"": ""Entry package; establishes minimum functional identity, usually with shallow-ranked Bindings."", ""Orange"": ""First support/depth additions improve reliability and efficiency."", ""Yellow"": ""Core Bindings begin operating as a deliberate synergistic package."", ""Green"": ""Mature operational path with sustained-use competence."", ""Blue"": ""Advanced specialization; basin/fatigue management and expensive depth dominate."", ""Violet"": ""Elite long-term expression of the path."", ""White"": ""Path-complete exemplar; individual White Bindings retain their own secondary expressions.""}","Curated developmental trajectory, not a class prison. Builder may alter optional choices and Binding ranks.","Builder evaluates actual basin overlap. Basin colors are structural energy identities only, never domain/element/power labels.",,False,ALPHA path candidate
MA-P014,Magnetic Expression Path 14,Maege,Magnetic expression,"[""Genesis Expression""]","[""GE-0364"", ""GE-0365"", ""GE-0366"", ""GE-0367""]","[""Forking Magnetic Arc"", ""Single Magnetic Arc"", ""Burst Magnetic Beam"", ""Channeled Magnetic Beam""]","[""DG-0013"", ""DG-0014"", ""DG-0015"", ""DG-0016""]","[""Expanded Spatial Step"", ""Expanded Trajectory Bias"", ""Expanded Vector Redirect"", ""Focused Adjacency Bridge""]",[],[],External energy/matter expression through lawful Transduction geometry.,"{""Red"": ""Entry package; establishes minimum functional identity, usually with shallow-ranked Bindings."", ""Orange"": ""First support/depth additions improve reliability and efficiency."", ""Yellow"": ""Core Bindings begin operating as a deliberate synergistic package."", ""Green"": ""Mature operational path with sustained-use competence."", ""Blue"": ""Advanced specialization; basin/fatigue management and expensive depth dominate."", ""Violet"": ""Elite long-term expression of the path."", ""White"": ""Path-complete exemplar; individual White Bindings retain their own secondary expressions.""}","Curated developmental trajectory, not a class prison. Builder may alter optional choices and Binding ranks.","Builder evaluates actual basin overlap. Basin colors are structural energy identities only, never domain/element/power labels.",,False,ALPHA path candidate
MA-P015,Photonic Expression Path 15,Maege,Photonic expression,"[""Genesis Expression"", ""Resonance""]","[""GE-0240"", ""GE-0241"", ""GE-0242"", ""GE-0243""]","[""Photonic Colossus Elemental"", ""Photonic Drake Elemental"", ""Photonic Hound Elemental"", ""Photonic Raptor Elemental""]","[""DG-0017"", ""DG-0018"", ""DG-0019"", ""DG-0020""]","[""Focused Compression Corridor"", ""Focused Directional Bias"", ""Focused Expansion Pocket"", ""Focused Geometric Cage""]",[],[],External energy/matter expression through lawful Transduction geometry.,"{""Red"": ""Entry package; establishes minimum functional identity, usually with shallow-ranked Bindings."", ""Orange"": ""First support/depth additions improve reliability and efficiency."", ""Yellow"": ""Core Bindings begin operating as a deliberate synergistic package."", ""Green"": ""Mature operational path with sustained-use competence."", ""Blue"": ""Advanced specialization; basin/fatigue management and expensive depth dominate."", ""Violet"": ""Elite long-term expression of the path."", ""White"": ""Path-complete exemplar; individual White Bindings retain their own secondary expressions.""}","Curated developmental trajectory, not a class prison. Builder may alter optional choices and Binding ranks.","Builder evaluates actual basin overlap. Basin colors are structural energy identities only, never domain/element/power labels.",,False,ALPHA path candidate
MA-P016,Acoustic Expression Path 16,Maege,Acoustic expression,"[""Genesis Expression""]","[""GE-0001"", ""GE-0002"", ""GE-0003"", ""GE-0004""]","[""Forking Acoustic Arc"", ""Single Acoustic Arc"", ""Burst Acoustic Beam"", ""Channeled Acoustic Beam""]","[""DG-0021"", ""DG-0022"", ""DG-0023"", ""DG-0024""]","[""Focused Landing Field"", ""Focused Orientation Lock"", ""Focused Relative Distance Bias"", ""Focused Rotation Field""]",[],[],External energy/matter expression through lawful Transduction geometry.,"{""Red"": ""Entry package; establishes minimum functional identity, usually with shallow-ranked Bindings."", ""Orange"": ""First support/depth additions improve reliability and efficiency."", ""Yellow"": ""Core Bindings begin operating as a deliberate synergistic package."", ""Green"": ""Mature operational path with sustained-use competence."", ""Blue"": ""Advanced specialization; basin/fatigue management and expensive depth dominate."", ""Violet"": ""Elite long-term expression of the path."", ""White"": ""Path-complete exemplar; individual White Bindings retain their own secondary expressions.""}","Curated developmental trajectory, not a class prison. Builder may alter optional choices and Binding ranks.","Builder evaluates actual basin overlap. Basin colors are structural energy identities only, never domain/element/power labels.",,False,ALPHA path candidate
MA-P017,Smoke Expression Path 17,Maege,Smoke expression,"[""Genesis Expression"", ""Resonance""]","[""GE-0264"", ""GE-0265"", ""GE-0266"", ""GE-0267""]","[""Smoke Colossus Elemental"", ""Smoke Drake Elemental"", ""Smoke Hound Elemental"", ""Smoke Raptor Elemental""]","[""DG-0025"", ""DG-0026"", ""DG-0027"", ""DG-0028""]","[""Focused Spatial Anchor"", ""Focused Spatial Exclusion"", ""Focused Spatial Shear"", ""Focused Spatial Step""]",[],[],External energy/matter expression through lawful Transduction geometry.,"{""Red"": ""Entry package; establishes minimum functional identity, usually with shallow-ranked Bindings."", ""Orange"": ""First support/depth additions improve reliability and efficiency."", ""Yellow"": ""Core Bindings begin operating as a deliberate synergistic package."", ""Green"": ""Mature operational path with sustained-use competence."", ""Blue"": ""Advanced specialization; basin/fatigue management and expensive depth dominate."", ""Violet"": ""Elite long-term expression of the path."", ""White"": ""Path-complete exemplar; individual White Bindings retain their own secondary expressions.""}","Curated developmental trajectory, not a class prison. Builder may alter optional choices and Binding ranks.","Builder evaluates actual basin overlap. Basin colors are structural energy identities only, never domain/element/power labels.",,False,ALPHA path candidate
MA-P018,Ash Expression Path 18,Maege,Ash expression,"[""Genesis Expression"", ""Resonance""]","[""GE-0184"", ""GE-0185"", ""GE-0186"", ""GE-0187""]","[""Ash Colossus Elemental"", ""Ash Drake Elemental"", ""Ash Hound Elemental"", ""Ash Raptor Elemental""]","[""DG-0029"", ""DG-0030"", ""DG-0031"", ""CH-0001""]","[""Focused Trajectory Bias"", ""Focused Vector Redirect"", ""Continuous Spatial Resolution (CSR)"", ""Counter-Resolve Beam""]",[],[],External energy/matter expression through lawful Transduction geometry.,"{""Red"": ""Entry package; establishes minimum functional identity, usually with shallow-ranked Bindings."", ""Orange"": ""First support/depth additions improve reliability and efficiency."", ""Yellow"": ""Core Bindings begin operating as a deliberate synergistic package."", ""Green"": ""Mature operational path with sustained-use competence."", ""Blue"": ""Advanced specialization; basin/fatigue management and expensive depth dominate."", ""Violet"": ""Elite long-term expression of the path."", ""White"": ""Path-complete exemplar; individual White Bindings retain their own secondary expressions.""}","Curated developmental trajectory, not a class prison. Builder may alter optional choices and Binding ranks.","Builder evaluates actual basin overlap. Basin colors are structural energy identities only, never domain/element/power labels.",,False,ALPHA path candidate
MA-P019,Genesis Expression Path 19,Maege,Genesis expression,"[""Genesis Expression""]","[""GE-0043"", ""GE-0444"", ""GE-0528""]","[""Genesis Beam"", ""Genesis Orb"", ""Genesis Shard""]","[""CH-0002"", ""CH-0003"", ""CH-0004"", ""CH-0005""]","[""Counter-Resolve Bolt"", ""Counter-Resolve Field"", ""Counter-Resolve Mark"", ""Counter-Resolve Pulse""]",[],[],External energy/matter expression through lawful Transduction geometry.,"{""Red"": ""Entry package; establishes minimum functional identity, usually with shallow-ranked Bindings."", ""Orange"": ""First support/depth additions improve reliability and efficiency."", ""Yellow"": ""Core Bindings begin operating as a deliberate synergistic package."", ""Green"": ""Mature operational path with sustained-use competence."", ""Blue"": ""Advanced specialization; basin/fatigue management and expensive depth dominate."", ""Violet"": ""Elite long-term expression of the path."", ""White"": ""Path-complete exemplar; individual White Bindings retain their own secondary expressions.""}","Curated developmental trajectory, not a class prison. Builder may alter optional choices and Binding ranks.","Builder evaluates actual basin overlap. Basin colors are structural energy identities only, never domain/element/power labels.",,False,ALPHA path candidate
MA-P020,Kinetic Expression Path 20,Maege,Kinetic expression,"[""Genesis Expression""]","[""GE-0344"", ""GE-0345"", ""GE-0346"", ""GE-0347""]","[""Forking Kinetic Arc"", ""Single Kinetic Arc"", ""Burst Kinetic Beam"", ""Channeled Kinetic Beam""]","[""CH-0006"", ""CH-0007"", ""CH-0008"", ""CH-0009""]","[""Counter-Resolve Ring"", ""Dampen Beam"", ""Dampen Bolt"", ""Dampen Field""]",[],[],External energy/matter expression through lawful Transduction geometry.,"{""Red"": ""Entry package; establishes minimum functional identity, usually with shallow-ranked Bindings."", ""Orange"": ""First support/depth additions improve reliability and efficiency."", ""Yellow"": ""Core Bindings begin operating as a deliberate synergistic package."", ""Green"": ""Mature operational path with sustained-use competence."", ""Blue"": ""Advanced specialization; basin/fatigue management and expensive depth dominate."", ""Violet"": ""Elite long-term expression of the path."", ""White"": ""Path-complete exemplar; individual White Bindings retain their own secondary expressions.""}","Curated developmental trajectory, not a class prison. Builder may alter optional choices and Binding ranks.","Builder evaluates actual basin overlap. Basin colors are structural energy identities only, never domain/element/power labels.",,False,ALPHA path candidate
MA-P021,Pressure Expression Path 21,Maege,Pressure expression,"[""Genesis Expression""]","[""GE-0485"", ""GE-0486"", ""GE-0487"", ""GE-0488""]","[""Forking Pressure Arc"", ""Single Pressure Arc"", ""Burst Pressure Beam"", ""Channeled Pressure Beam""]","[""CH-0010"", ""CH-0011"", ""CH-0012"", ""CH-0013""]","[""Dampen Mark"", ""Dampen Pulse"", ""Dampen Ring"", ""Deflect Beam""]",[],[],External energy/matter expression through lawful Transduction geometry.,"{""Red"": ""Entry package; establishes minimum functional identity, usually with shallow-ranked Bindings."", ""Orange"": ""First support/depth additions improve reliability and efficiency."", ""Yellow"": ""Core Bindings begin operating as a deliberate synergistic package."", ""Green"": ""Mature operational path with sustained-use competence."", ""Blue"": ""Advanced specialization; basin/fatigue management and expensive depth dominate."", ""Violet"": ""Elite long-term expression of the path."", ""White"": ""Path-complete exemplar; individual White Bindings retain their own secondary expressions.""}","Curated developmental trajectory, not a class prison. Builder may alter optional choices and Binding ranks.","Builder evaluates actual basin overlap. Basin colors are structural energy identities only, never domain/element/power labels.",,False,ALPHA path candidate
MA-P022,Combustion Expression Path 22,Maege,Combustion expression,"[""Genesis Expression""]","[""GE-0048"", ""GE-0049"", ""GE-0050"", ""GE-0051""]","[""Implosive Combustion Burst"", ""Outward Combustion Burst"", ""Mobile Combustion Field"", ""Static Combustion Field""]","[""CH-0014"", ""CH-0015"", ""CH-0016"", ""CH-0017""]","[""Deflect Bolt"", ""Deflect Field"", ""Deflect Mark"", ""Deflect Pulse""]",[],[],External energy/matter expression through lawful Transduction geometry.,"{""Red"": ""Entry package; establishes minimum functional identity, usually with shallow-ranked Bindings."", ""Orange"": ""First support/depth additions improve reliability and efficiency."", ""Yellow"": ""Core Bindings begin operating as a deliberate synergistic package."", ""Green"": ""Mature operational path with sustained-use competence."", ""Blue"": ""Advanced specialization; basin/fatigue management and expensive depth dominate."", ""Violet"": ""Elite long-term expression of the path."", ""White"": ""Path-complete exemplar; individual White Bindings retain their own secondary expressions.""}","Curated developmental trajectory, not a class prison. Builder may alter optional choices and Binding ranks.","Builder evaluates actual basin overlap. Basin colors are structural energy identities only, never domain/element/power labels.",,False,ALPHA path candidate
MA-P023,Plasma Expression Path 23,Maege,Plasma expression,"[""Genesis Expression"", ""Resonance""]","[""GE-0252"", ""GE-0253"", ""GE-0254"", ""GE-0255""]","[""Plasma Sentinel Elemental"", ""Plasma Serpent Elemental"", ""Plasma Swarm Elemental"", ""Plasma Wisp Elemental""]","[""CH-0018"", ""CH-0019"", ""CH-0020"", ""CH-0021""]","[""Deflect Ring"", ""Desynchronize Beam"", ""Desynchronize Bolt"", ""Desynchronize Field""]",[],[],External energy/matter expression through lawful Transduction geometry.,"{""Red"": ""Entry package; establishes minimum functional identity, usually with shallow-ranked Bindings."", ""Orange"": ""First support/depth additions improve reliability and efficiency."", ""Yellow"": ""Core Bindings begin operating as a deliberate synergistic package."", ""Green"": ""Mature operational path with sustained-use competence."", ""Blue"": ""Advanced specialization; basin/fatigue management and expensive depth dominate."", ""Violet"": ""Elite long-term expression of the path."", ""White"": ""Path-complete exemplar; individual White Bindings retain their own secondary expressions.""}","Curated developmental trajectory, not a class prison. Builder may alter optional choices and Binding ranks.","Builder evaluates actual basin overlap. Basin colors are structural energy identities only, never domain/element/power labels.",,True,ALPHA path candidate
MA-P024,Lightning Expression Path 24,Maege,Lightning expression,"[""Genesis Expression"", ""Resonance""]","[""GE-0236"", ""GE-0237"", ""GE-0238"", ""GE-0239""]","[""Lightning Sentinel Elemental"", ""Lightning Serpent Elemental"", ""Lightning Swarm Elemental"", ""Lightning Wisp Elemental""]","[""CH-0022"", ""CH-0023"", ""CH-0024"", ""CH-0025""]","[""Desynchronize Mark"", ""Desynchronize Pulse"", ""Desynchronize Ring"", ""Interrupt Beam""]",[],[],External energy/matter expression through lawful Transduction geometry.,"{""Red"": ""Entry package; establishes minimum functional identity, usually with shallow-ranked Bindings."", ""Orange"": ""First support/depth additions improve reliability and efficiency."", ""Yellow"": ""Core Bindings begin operating as a deliberate synergistic package."", ""Green"": ""Mature operational path with sustained-use competence."", ""Blue"": ""Advanced specialization; basin/fatigue management and expensive depth dominate."", ""Violet"": ""Elite long-term expression of the path."", ""White"": ""Path-complete exemplar; individual White Bindings retain their own secondary expressions.""}","Curated developmental trajectory, not a class prison. Builder may alter optional choices and Binding ranks.","Builder evaluates actual basin overlap. Basin colors are structural energy identities only, never domain/element/power labels.",,False,ALPHA path candidate
MA-P025,Thermal Expression Path 25,Maege,Thermal expression,"[""Genesis Expression""]","[""GE-0561"", ""GE-0562"", ""GE-0563"", ""GE-0564""]","[""Channeled Thermal Beam"", ""Implosive Thermal Burst"", ""Outward Thermal Burst"", ""Mobile Thermal Field""]","[""CH-0026"", ""CH-0027"", ""CH-0028"", ""CH-0029""]","[""Interrupt Bolt"", ""Interrupt Field"", ""Interrupt Mark"", ""Interrupt Pulse""]",[],[],External energy/matter expression through lawful Transduction geometry.,"{""Red"": ""Entry package; establishes minimum functional identity, usually with shallow-ranked Bindings."", ""Orange"": ""First support/depth additions improve reliability and efficiency."", ""Yellow"": ""Core Bindings begin operating as a deliberate synergistic package."", ""Green"": ""Mature operational path with sustained-use competence."", ""Blue"": ""Advanced specialization; basin/fatigue management and expensive depth dominate."", ""Violet"": ""Elite long-term expression of the path."", ""White"": ""Path-complete exemplar; individual White Bindings retain their own secondary expressions.""}","Curated developmental trajectory, not a class prison. Builder may alter optional choices and Binding ranks.","Builder evaluates actual basin overlap. Basin colors are structural energy identities only, never domain/element/power labels.",,False,ALPHA path candidate
MA-P026,Cryogenic Expression Path 26,Maege,Cryogenic expression,"[""Genesis Expression""]","[""GE-0148"", ""GE-0149"", ""GE-0150"", ""GE-0151""]","[""Implosive Cryogenic Burst"", ""Outward Cryogenic Burst"", ""Mobile Cryogenic Field"", ""Static Cryogenic Field""]","[""CH-0030"", ""CH-0031"", ""CH-0032"", ""CH-0033""]","[""Interrupt Ring"", ""Saturate Beam"", ""Saturate Bolt"", ""Saturate Field""]",[],[],External energy/matter expression through lawful Transduction geometry.,"{""Red"": ""Entry package; establishes minimum functional identity, usually with shallow-ranked Bindings."", ""Orange"": ""First support/depth additions improve reliability and efficiency."", ""Yellow"": ""Core Bindings begin operating as a deliberate synergistic package."", ""Green"": ""Mature operational path with sustained-use competence."", ""Blue"": ""Advanced specialization; basin/fatigue management and expensive depth dominate."", ""Violet"": ""Elite long-term expression of the path."", ""White"": ""Path-complete exemplar; individual White Bindings retain their own secondary expressions.""}","Curated developmental trajectory, not a class prison. Builder may alter optional choices and Binding ranks.","Builder evaluates actual basin overlap. Basin colors are structural energy identities only, never domain/element/power labels.",,False,ALPHA path candidate
MA-P027,Steam Expression Path 27,Maege,Steam expression,"[""Genesis Expression"", ""Resonance""]","[""GE-0276"", ""GE-0277"", ""GE-0278"", ""GE-0279""]","[""Steam Sentinel Elemental"", ""Steam Serpent Elemental"", ""Steam Swarm Elemental"", ""Steam Wisp Elemental""]","[""CH-0034"", ""CH-0035"", ""CH-0036"", ""CH-0037""]","[""Saturate Mark"", ""Saturate Pulse"", ""Saturate Ring"", ""Scatter Beam""]",[],[],External energy/matter expression through lawful Transduction geometry.,"{""Red"": ""Entry package; establishes minimum functional identity, usually with shallow-ranked Bindings."", ""Orange"": ""First support/depth additions improve reliability and efficiency."", ""Yellow"": ""Core Bindings begin operating as a deliberate synergistic package."", ""Green"": ""Mature operational path with sustained-use competence."", ""Blue"": ""Advanced specialization; basin/fatigue management and expensive depth dominate."", ""Violet"": ""Elite long-term expression of the path."", ""White"": ""Path-complete exemplar; individual White Bindings retain their own secondary expressions.""}","Curated developmental trajectory, not a class prison. Builder may alter optional choices and Binding ranks.","Builder evaluates actual basin overlap. Basin colors are structural energy identities only, never domain/element/power labels.",,False,ALPHA path candidate
MA-P028,Atmospheric Expression Path 28,Maege,Atmospheric expression,"[""Genesis Expression""]","[""GE-0025"", ""GE-0026"", ""GE-0027"", ""GE-0028""]","[""Implosive Atmospheric Burst"", ""Outward Atmospheric Burst"", ""Mobile Atmospheric Field"", ""Static Atmospheric Field""]","[""CH-0038"", ""CH-0039"", ""CH-0040"", ""CH-0041""]","[""Scatter Bolt"", ""Scatter Field"", ""Scatter Mark"", ""Scatter Pulse""]",[],[],External energy/matter expression through lawful Transduction geometry.,"{""Red"": ""Entry package; establishes minimum functional identity, usually with shallow-ranked Bindings."", ""Orange"": ""First support/depth additions improve reliability and efficiency."", ""Yellow"": ""Core Bindings begin operating as a deliberate synergistic package."", ""Green"": ""Mature operational path with sustained-use competence."", ""Blue"": ""Advanced specialization; basin/fatigue management and expensive depth dominate."", ""Violet"": ""Elite long-term expression of the path."", ""White"": ""Path-complete exemplar; individual White Bindings retain their own secondary expressions.""}","Curated developmental trajectory, not a class prison. Builder may alter optional choices and Binding ranks.","Builder evaluates actual basin overlap. Basin colors are structural energy identities only, never domain/element/power labels.",,False,ALPHA path candidate
MA-P029,Water Expression Path 29,Maege,Water expression,"[""Genesis Expression"", ""Resonance""]","[""GE-0292"", ""GE-0293"", ""GE-0294"", ""GE-0295""]","[""Water Sentinel Elemental"", ""Water Serpent Elemental"", ""Water Swarm Elemental"", ""Water Wisp Elemental""]","[""CH-0042"", ""CH-0043"", ""CH-0044"", ""CH-0045""]","[""Scatter Ring"", ""Sever Beam"", ""Sever Bolt"", ""Sever Field""]",[],[],External energy/matter expression through lawful Transduction geometry.,"{""Red"": ""Entry package; establishes minimum functional identity, usually with shallow-ranked Bindings."", ""Orange"": ""First support/depth additions improve reliability and efficiency."", ""Yellow"": ""Core Bindings begin operating as a deliberate synergistic package."", ""Green"": ""Mature operational path with sustained-use competence."", ""Blue"": ""Advanced specialization; basin/fatigue management and expensive depth dominate."", ""Violet"": ""Elite long-term expression of the path."", ""White"": ""Path-complete exemplar; individual White Bindings retain their own secondary expressions.""}","Curated developmental trajectory, not a class prison. Builder may alter optional choices and Binding ranks.","Builder evaluates actual basin overlap. Basin colors are structural energy identities only, never domain/element/power labels.",,False,ALPHA path candidate
MA-P030,Mineral Expression Path 30,Maege,Mineral expression,"[""Genesis Expression""]","[""GE-0388"", ""GE-0389"", ""GE-0390"", ""GE-0391""]","[""Implosive Mineral Burst"", ""Outward Mineral Burst"", ""Mobile Mineral Field"", ""Static Mineral Field""]","[""CH-0046"", ""CH-0047"", ""CH-0048"", ""CH-0049""]","[""Sever Mark"", ""Sever Pulse"", ""Sever Ring"", ""Suppress Beam""]",[],[],External energy/matter expression through lawful Transduction geometry.,"{""Red"": ""Entry package; establishes minimum functional identity, usually with shallow-ranked Bindings."", ""Orange"": ""First support/depth additions improve reliability and efficiency."", ""Yellow"": ""Core Bindings begin operating as a deliberate synergistic package."", ""Green"": ""Mature operational path with sustained-use competence."", ""Blue"": ""Advanced specialization; basin/fatigue management and expensive depth dominate."", ""Violet"": ""Elite long-term expression of the path."", ""White"": ""Path-complete exemplar; individual White Bindings retain their own secondary expressions.""}","Curated developmental trajectory, not a class prison. Builder may alter optional choices and Binding ranks.","Builder evaluates actual basin overlap. Basin colors are structural energy identities only, never domain/element/power labels.",,False,ALPHA path candidate
MA-P031,Sand Expression Path 31,Maege,Sand expression,"[""Genesis Expression"", ""Resonance""]","[""GE-0260"", ""GE-0261"", ""GE-0262"", ""GE-0263""]","[""Sand Sentinel Elemental"", ""Sand Serpent Elemental"", ""Sand Swarm Elemental"", ""Sand Wisp Elemental""]","[""CH-0050"", ""CH-0051"", ""CH-0052"", ""CH-0053""]","[""Suppress Bolt"", ""Suppress Field"", ""Suppress Mark"", ""Suppress Pulse""]",[],[],External energy/matter expression through lawful Transduction geometry.,"{""Red"": ""Entry package; establishes minimum functional identity, usually with shallow-ranked Bindings."", ""Orange"": ""First support/depth additions improve reliability and efficiency."", ""Yellow"": ""Core Bindings begin operating as a deliberate synergistic package."", ""Green"": ""Mature operational path with sustained-use competence."", ""Blue"": ""Advanced specialization; basin/fatigue management and expensive depth dominate."", ""Violet"": ""Elite long-term expression of the path."", ""White"": ""Path-complete exemplar; individual White Bindings retain their own secondary expressions.""}","Curated developmental trajectory, not a class prison. Builder may alter optional choices and Binding ranks.","Builder evaluates actual basin overlap. Basin colors are structural energy identities only, never domain/element/power labels.",,False,ALPHA path candidate
MA-P032,Glass Expression Path 32,Maege,Glass expression,"[""Genesis Expression"", ""Resonance""]","[""GE-0212"", ""GE-0213"", ""GE-0214"", ""GE-0215""]","[""Glass Sentinel Elemental"", ""Glass Serpent Elemental"", ""Glass Swarm Elemental"", ""Glass Wisp Elemental""]","[""CH-0054"", ""CH-0055"", ""CH-0056"", ""CH-0057""]","[""Suppress Ring"", ""Unanchor Beam"", ""Unanchor Bolt"", ""Unanchor Field""]",[],[],External energy/matter expression through lawful Transduction geometry.,"{""Red"": ""Entry package; establishes minimum functional identity, usually with shallow-ranked Bindings."", ""Orange"": ""First support/depth additions improve reliability and efficiency."", ""Yellow"": ""Core Bindings begin operating as a deliberate synergistic package."", ""Green"": ""Mature operational path with sustained-use competence."", ""Blue"": ""Advanced specialization; basin/fatigue management and expensive depth dominate."", ""Violet"": ""Elite long-term expression of the path."", ""White"": ""Path-complete exemplar; individual White Bindings retain their own secondary expressions.""}","Curated developmental trajectory, not a class prison. Builder may alter optional choices and Binding ranks.","Builder evaluates actual basin overlap. Basin colors are structural energy identities only, never domain/element/power labels.",,False,ALPHA path candidate
MA-P033,Iron Expression Path 33,Maege,Iron expression,"[""Genesis Expression"", ""Resonance""]","[""GE-0228"", ""GE-0229"", ""GE-0230"", ""GE-0231""]","[""Iron Sentinel Elemental"", ""Iron Serpent Elemental"", ""Iron Swarm Elemental"", ""Iron Wisp Elemental""]","[""CH-0058"", ""CH-0059"", ""CH-0060"", ""GE-0404""]","[""Unanchor Mark"", ""Unanchor Pulse"", ""Unanchor Ring"", ""Arc Barrage Pattern""]",[],[],External energy/matter expression through lawful Transduction geometry.,"{""Red"": ""Entry package; establishes minimum functional identity, usually with shallow-ranked Bindings."", ""Orange"": ""First support/depth additions improve reliability and efficiency."", ""Yellow"": ""Core Bindings begin operating as a deliberate synergistic package."", ""Green"": ""Mature operational path with sustained-use competence."", ""Blue"": ""Advanced specialization; basin/fatigue management and expensive depth dominate."", ""Violet"": ""Elite long-term expression of the path."", ""White"": ""Path-complete exemplar; individual White Bindings retain their own secondary expressions.""}","Curated developmental trajectory, not a class prison. Builder may alter optional choices and Binding ranks.","Builder evaluates actual basin overlap. Basin colors are structural energy identities only, never domain/element/power labels.",,False,ALPHA path candidate
MA-P034,Copper Expression Path 34,Maege,Copper expression,"[""Genesis Expression""]","[""GE-0068"", ""GE-0069"", ""GE-0070"", ""GE-0071""]","[""Implosive Copper Burst"", ""Outward Copper Burst"", ""Mobile Copper Field"", ""Static Copper Field""]","[""GE-0405"", ""GE-0406"", ""GE-0407"", ""GE-0408""]","[""Barrage Pattern"", ""Carpet Pattern"", ""Cascade Pattern"", ""Corkscrew Pattern""]",[],[],External energy/matter expression through lawful Transduction geometry.,"{""Red"": ""Entry package; establishes minimum functional identity, usually with shallow-ranked Bindings."", ""Orange"": ""First support/depth additions improve reliability and efficiency."", ""Yellow"": ""Core Bindings begin operating as a deliberate synergistic package."", ""Green"": ""Mature operational path with sustained-use competence."", ""Blue"": ""Advanced specialization; basin/fatigue management and expensive depth dominate."", ""Violet"": ""Elite long-term expression of the path."", ""White"": ""Path-complete exemplar; individual White Bindings retain their own secondary expressions.""}","Curated developmental trajectory, not a class prison. Builder may alter optional choices and Binding ranks.","Builder evaluates actual basin overlap. Basin colors are structural energy identities only, never domain/element/power labels.",,True,ALPHA path candidate
MA-P035,Magnetic Expression Path 35,Maege,Magnetic expression,"[""Genesis Expression""]","[""GE-0368"", ""GE-0369"", ""GE-0370"", ""GE-0371""]","[""Implosive Magnetic Burst"", ""Outward Magnetic Burst"", ""Mobile Magnetic Field"", ""Static Magnetic Field""]","[""GE-0409"", ""GE-0410"", ""GE-0411"", ""GE-0412""]","[""Crossfire Pattern"", ""Delayed Split Pattern"", ""Echo Pattern"", ""Fan Pattern""]",[],[],External energy/matter expression through lawful Transduction geometry.,"{""Red"": ""Entry package; establishes minimum functional identity, usually with shallow-ranked Bindings."", ""Orange"": ""First support/depth additions improve reliability and efficiency."", ""Yellow"": ""Core Bindings begin operating as a deliberate synergistic package."", ""Green"": ""Mature operational path with sustained-use competence."", ""Blue"": ""Advanced specialization; basin/fatigue management and expensive depth dominate."", ""Violet"": ""Elite long-term expression of the path."", ""White"": ""Path-complete exemplar; individual White Bindings retain their own secondary expressions.""}","Curated developmental trajectory, not a class prison. Builder may alter optional choices and Binding ranks.","Builder evaluates actual basin overlap. Basin colors are structural energy identities only, never domain/element/power labels.",,False,ALPHA path candidate
MA-P036,Photonic Expression Path 36,Maege,Photonic expression,"[""Genesis Expression"", ""Resonance""]","[""GE-0244"", ""GE-0245"", ""GE-0246"", ""GE-0247""]","[""Photonic Sentinel Elemental"", ""Photonic Serpent Elemental"", ""Photonic Swarm Elemental"", ""Photonic Wisp Elemental""]","[""GE-0413"", ""GE-0414"", ""GE-0415"", ""GE-0416""]","[""Focus Barrage Pattern"", ""Fork Pattern"", ""Grid Pattern"", ""Halo Pattern Pattern""]",[],[],External energy/matter expression through lawful Transduction geometry.,"{""Red"": ""Entry package; establishes minimum functional identity, usually with shallow-ranked Bindings."", ""Orange"": ""First support/depth additions improve reliability and efficiency."", ""Yellow"": ""Core Bindings begin operating as a deliberate synergistic package."", ""Green"": ""Mature operational path with sustained-use competence."", ""Blue"": ""Advanced specialization; basin/fatigue management and expensive depth dominate."", ""Violet"": ""Elite long-term expression of the path."", ""White"": ""Path-complete exemplar; individual White Bindings retain their own secondary expressions.""}","Curated developmental trajectory, not a class prison. Builder may alter optional choices and Binding ranks.","Builder evaluates actual basin overlap. Basin colors are structural energy identities only, never domain/element/power labels.",,False,ALPHA path candidate
MA-P037,Acoustic Expression Path 37,Maege,Acoustic expression,"[""Genesis Expression""]","[""GE-0005"", ""GE-0006"", ""GE-0007"", ""GE-0008""]","[""Implosive Acoustic Burst"", ""Outward Acoustic Burst"", ""Mobile Acoustic Field"", ""Static Acoustic Field""]","[""GE-0417"", ""GE-0418"", ""GE-0419"", ""GE-0420""]","[""Hammer Pattern"", ""Ladder Pattern"", ""Mirror Pattern"", ""Net Pattern""]",[],[],External energy/matter expression through lawful Transduction geometry.,"{""Red"": ""Entry package; establishes minimum functional identity, usually with shallow-ranked Bindings."", ""Orange"": ""First support/depth additions improve reliability and efficiency."", ""Yellow"": ""Core Bindings begin operating as a deliberate synergistic package."", ""Green"": ""Mature operational path with sustained-use competence."", ""Blue"": ""Advanced specialization; basin/fatigue management and expensive depth dominate."", ""Violet"": ""Elite long-term expression of the path."", ""White"": ""Path-complete exemplar; individual White Bindings retain their own secondary expressions.""}","Curated developmental trajectory, not a class prison. Builder may alter optional choices and Binding ranks.","Builder evaluates actual basin overlap. Basin colors are structural energy identities only, never domain/element/power labels.",,False,ALPHA path candidate
MA-P038,Smoke Expression Path 38,Maege,Smoke expression,"[""Genesis Expression"", ""Resonance""]","[""GE-0268"", ""GE-0269"", ""GE-0270"", ""GE-0271""]","[""Smoke Sentinel Elemental"", ""Smoke Serpent Elemental"", ""Smoke Swarm Elemental"", ""Smoke Wisp Elemental""]","[""GE-0421"", ""GE-0422"", ""GE-0423"", ""GE-0424""]","[""Offset Pattern"", ""Overlap Pattern"", ""Pincer Pattern"", ""Pinwheel Pattern""]",[],[],External energy/matter expression through lawful Transduction geometry.,"{""Red"": ""Entry package; establishes minimum functional identity, usually with shallow-ranked Bindings."", ""Orange"": ""First support/depth additions improve reliability and efficiency."", ""Yellow"": ""Core Bindings begin operating as a deliberate synergistic package."", ""Green"": ""Mature operational path with sustained-use competence."", ""Blue"": ""Advanced specialization; basin/fatigue management and expensive depth dominate."", ""Violet"": ""Elite long-term expression of the path."", ""White"": ""Path-complete exemplar; individual White Bindings retain their own secondary expressions.""}","Curated developmental trajectory, not a class prison. Builder may alter optional choices and Binding ranks.","Builder evaluates actual basin overlap. Basin colors are structural energy identities only, never domain/element/power labels.",,False,ALPHA path candidate
MA-P039,Ash Expression Path 39,Maege,Ash expression,"[""Genesis Expression"", ""Resonance""]","[""GE-0188"", ""GE-0189"", ""GE-0190"", ""GE-0191""]","[""Ash Sentinel Elemental"", ""Ash Serpent Elemental"", ""Ash Swarm Elemental"", ""Ash Wisp Elemental""]","[""GE-0425"", ""GE-0426"", ""GE-0427"", ""GE-0428""]","[""Precision Volley Pattern"", ""Pulse Chain Pattern"", ""Pulse Grid Pattern"", ""Quad Pattern""]",[],[],External energy/matter expression through lawful Transduction geometry.,"{""Red"": ""Entry package; establishes minimum functional identity, usually with shallow-ranked Bindings."", ""Orange"": ""First support/depth additions improve reliability and efficiency."", ""Yellow"": ""Core Bindings begin operating as a deliberate synergistic package."", ""Green"": ""Mature operational path with sustained-use competence."", ""Blue"": ""Advanced specialization; basin/fatigue management and expensive depth dominate."", ""Violet"": ""Elite long-term expression of the path."", ""White"": ""Path-complete exemplar; individual White Bindings retain their own secondary expressions.""}","Curated developmental trajectory, not a class prison. Builder may alter optional choices and Binding ranks.","Builder evaluates actual basin overlap. Basin colors are structural energy identities only, never domain/element/power labels.",,False,ALPHA path candidate
MA-P040,Genesis Expression Path 40,Maege,Genesis expression,"[""Genesis Expression""]","[""GE-0444"", ""GE-0528"", ""GE-0043""]","[""Genesis Orb"", ""Genesis Shard"", ""Genesis Beam""]","[""GE-0429"", ""GE-0430"", ""GE-0431"", ""GE-0432""]","[""Rain Pattern"", ""Rainburst Pattern"", ""Reverse Pattern"", ""Ring Barrage Pattern""]",[],[],External energy/matter expression through lawful Transduction geometry.,"{""Red"": ""Entry package; establishes minimum functional identity, usually with shallow-ranked Bindings."", ""Orange"": ""First support/depth additions improve reliability and efficiency."", ""Yellow"": ""Core Bindings begin operating as a deliberate synergistic package."", ""Green"": ""Mature operational path with sustained-use competence."", ""Blue"": ""Advanced specialization; basin/fatigue management and expensive depth dominate."", ""Violet"": ""Elite long-term expression of the path."", ""White"": ""Path-complete exemplar; individual White Bindings retain their own secondary expressions.""}","Curated developmental trajectory, not a class prison. Builder may alter optional choices and Binding ranks.","Builder evaluates actual basin overlap. Basin colors are structural energy identities only, never domain/element/power labels.",,False,ALPHA path candidate
MA-P041,Kinetic Expression Path 41,Maege,Kinetic expression,"[""Genesis Expression""]","[""GE-0348"", ""GE-0349"", ""GE-0350"", ""GE-0351""]","[""Implosive Kinetic Burst"", ""Outward Kinetic Burst"", ""Mobile Kinetic Field"", ""Static Kinetic Field""]","[""GE-0433"", ""GE-0434"", ""GE-0435"", ""GE-0436""]","[""Scatter Pattern"", ""Shotgun Pattern"", ""Shotline Pattern"", ""Spiral Pattern""]",[],[],External energy/matter expression through lawful Transduction geometry.,"{""Red"": ""Entry package; establishes minimum functional identity, usually with shallow-ranked Bindings."", ""Orange"": ""First support/depth additions improve reliability and efficiency."", ""Yellow"": ""Core Bindings begin operating as a deliberate synergistic package."", ""Green"": ""Mature operational path with sustained-use competence."", ""Blue"": ""Advanced specialization; basin/fatigue management and expensive depth dominate."", ""Violet"": ""Elite long-term expression of the path."", ""White"": ""Path-complete exemplar; individual White Bindings retain their own secondary expressions.""}","Curated developmental trajectory, not a class prison. Builder may alter optional choices and Binding ranks.","Builder evaluates actual basin overlap. Basin colors are structural energy identities only, never domain/element/power labels.",,False,ALPHA path candidate
MA-P042,Pressure Expression Path 42,Maege,Pressure expression,"[""Genesis Expression""]","[""GE-0489"", ""GE-0490"", ""GE-0491"", ""GE-0492""]","[""Implosive Pressure Burst"", ""Outward Pressure Burst"", ""Mobile Pressure Field"", ""Static Pressure Field""]","[""GE-0437"", ""GE-0438"", ""GE-0439"", ""GE-0440""]","[""Split Pattern"", ""Spread Barrage Pattern"", ""Stagger Pattern"", ""Sweep Pattern""]",[],[],External energy/matter expression through lawful Transduction geometry.,"{""Red"": ""Entry package; establishes minimum functional identity, usually with shallow-ranked Bindings."", ""Orange"": ""First support/depth additions improve reliability and efficiency."", ""Yellow"": ""Core Bindings begin operating as a deliberate synergistic package."", ""Green"": ""Mature operational path with sustained-use competence."", ""Blue"": ""Advanced specialization; basin/fatigue management and expensive depth dominate."", ""Violet"": ""Elite long-term expression of the path."", ""White"": ""Path-complete exemplar; individual White Bindings retain their own secondary expressions.""}","Curated developmental trajectory, not a class prison. Builder may alter optional choices and Binding ranks.","Builder evaluates actual basin overlap. Basin colors are structural energy identities only, never domain/element/power labels.",,False,ALPHA path candidate
MA-P043,Combustion Expression Path 43,Maege,Combustion expression,"[""Genesis Expression""]","[""GE-0052"", ""GE-0053"", ""GE-0054"", ""GE-0055""]","[""Focused Combustion Jet"", ""Sweeping Combustion Jet"", ""Piercing Combustion Lance"", ""Staged Combustion Lance""]","[""GE-0441"", ""GE-0442"", ""GE-0443"", ""DG-0001""]","[""Triple Pattern"", ""Twin Pattern"", ""Wave Pattern"", ""Expanded Adjacency Bridge""]",[],[],External energy/matter expression through lawful Transduction geometry.,"{""Red"": ""Entry package; establishes minimum functional identity, usually with shallow-ranked Bindings."", ""Orange"": ""First support/depth additions improve reliability and efficiency."", ""Yellow"": ""Core Bindings begin operating as a deliberate synergistic package."", ""Green"": ""Mature operational path with sustained-use competence."", ""Blue"": ""Advanced specialization; basin/fatigue management and expensive depth dominate."", ""Violet"": ""Elite long-term expression of the path."", ""White"": ""Path-complete exemplar; individual White Bindings retain their own secondary expressions.""}","Curated developmental trajectory, not a class prison. Builder may alter optional choices and Binding ranks.","Builder evaluates actual basin overlap. Basin colors are structural energy identities only, never domain/element/power labels.",,False,ALPHA path candidate
MA-P044,Plasma Expression Path 44,Maege,Plasma expression,"[""Genesis Expression""]","[""GE-0465"", ""GE-0466"", ""GE-0467"", ""GE-0468""]","[""Forking Plasma Arc"", ""Single Plasma Arc"", ""Burst Plasma Beam"", ""Channeled Plasma Beam""]","[""DG-0002"", ""DG-0003"", ""DG-0004"", ""DG-0005""]","[""Expanded Compression Corridor"", ""Expanded Directional Bias"", ""Expanded Expansion Pocket"", ""Expanded Geometric Cage""]",[],[],External energy/matter expression through lawful Transduction geometry.,"{""Red"": ""Entry package; establishes minimum functional identity, usually with shallow-ranked Bindings."", ""Orange"": ""First support/depth additions improve reliability and efficiency."", ""Yellow"": ""Core Bindings begin operating as a deliberate synergistic package."", ""Green"": ""Mature operational path with sustained-use competence."", ""Blue"": ""Advanced specialization; basin/fatigue management and expensive depth dominate."", ""Violet"": ""Elite long-term expression of the path."", ""White"": ""Path-complete exemplar; individual White Bindings retain their own secondary expressions.""}","Curated developmental trajectory, not a class prison. Builder may alter optional choices and Binding ranks.","Builder evaluates actual basin overlap. Basin colors are structural energy identities only, never domain/element/power labels.",,False,ALPHA path candidate
MA-P045,Lightning Expression Path 45,Maege,Lightning expression,"[""Genesis Expression"", ""Resonance""]","[""GE-0232"", ""GE-0233"", ""GE-0234"", ""GE-0235""]","[""Lightning Colossus Elemental"", ""Lightning Drake Elemental"", ""Lightning Hound Elemental"", ""Lightning Raptor Elemental""]","[""DG-0006"", ""DG-0007"", ""DG-0008"", ""DG-0009""]","[""Expanded Landing Field"", ""Expanded Orientation Lock"", ""Expanded Relative Distance Bias"", ""Expanded Rotation Field""]",[],[],External energy/matter expression through lawful Transduction geometry.,"{""Red"": ""Entry package; establishes minimum functional identity, usually with shallow-ranked Bindings."", ""Orange"": ""First support/depth additions improve reliability and efficiency."", ""Yellow"": ""Core Bindings begin operating as a deliberate synergistic package."", ""Green"": ""Mature operational path with sustained-use competence."", ""Blue"": ""Advanced specialization; basin/fatigue management and expensive depth dominate."", ""Violet"": ""Elite long-term expression of the path."", ""White"": ""Path-complete exemplar; individual White Bindings retain their own secondary expressions.""}","Curated developmental trajectory, not a class prison. Builder may alter optional choices and Binding ranks.","Builder evaluates actual basin overlap. Basin colors are structural energy identities only, never domain/element/power labels.",,True,ALPHA path candidate
MA-P046,Dimensional Skirmisher Path 01,Maege,Dimensional mobility/control,"[""Dimensional Geometry"", ""Genesis Expression""]","[""DG-0001"", ""DG-0002"", ""DG-0003"", ""GE-0001""]","[""Expanded Adjacency Bridge"", ""Expanded Compression Corridor"", ""Expanded Directional Bias"", ""Forking Acoustic Arc""]","[""GE-0001"", ""GE-0002"", ""GE-0003"", ""GE-0004""]","[""Forking Acoustic Arc"", ""Single Acoustic Arc"", ""Burst Acoustic Beam"", ""Channeled Acoustic Beam""]",[],[],"Control position, trajectory, adjacency, and engagement geometry.","{""Red"": ""Entry package; establishes minimum functional identity, usually with shallow-ranked Bindings."", ""Orange"": ""First support/depth additions improve reliability and efficiency."", ""Yellow"": ""Core Bindings begin operating as a deliberate synergistic package."", ""Green"": ""Mature operational path with sustained-use competence."", ""Blue"": ""Advanced specialization; basin/fatigue management and expensive depth dominate."", ""Violet"": ""Elite long-term expression of the path."", ""White"": ""Path-complete exemplar; individual White Bindings retain their own secondary expressions.""}","Curated developmental trajectory, not a class prison. Builder may alter optional choices and Binding ranks.","Builder evaluates actual basin overlap. Basin colors are structural energy identities only, never domain/element/power labels.",,False,ALPHA path candidate
MA-P047,Dimensional Skirmisher Path 02,Maege,Dimensional mobility/control,"[""Dimensional Geometry"", ""Genesis Expression""]","[""DG-0004"", ""DG-0005"", ""DG-0006"", ""GE-0012""]","[""Expanded Expansion Pocket"", ""Expanded Geometric Cage"", ""Expanded Landing Field"", ""Staged Acoustic Lance""]","[""GE-0006"", ""GE-0007"", ""GE-0008"", ""GE-0009""]","[""Outward Acoustic Burst"", ""Mobile Acoustic Field"", ""Static Acoustic Field"", ""Focused Acoustic Jet""]",[],[],"Control position, trajectory, adjacency, and engagement geometry.","{""Red"": ""Entry package; establishes minimum functional identity, usually with shallow-ranked Bindings."", ""Orange"": ""First support/depth additions improve reliability and efficiency."", ""Yellow"": ""Core Bindings begin operating as a deliberate synergistic package."", ""Green"": ""Mature operational path with sustained-use competence."", ""Blue"": ""Advanced specialization; basin/fatigue management and expensive depth dominate."", ""Violet"": ""Elite long-term expression of the path."", ""White"": ""Path-complete exemplar; individual White Bindings retain their own secondary expressions.""}","Curated developmental trajectory, not a class prison. Builder may alter optional choices and Binding ranks.","Builder evaluates actual basin overlap. Basin colors are structural energy identities only, never domain/element/power labels.",,False,ALPHA path candidate
MA-P048,Dimensional Skirmisher Path 03,Maege,Dimensional mobility/control,"[""Dimensional Geometry"", ""Genesis Expression""]","[""DG-0007"", ""DG-0008"", ""DG-0009"", ""GE-0023""]","[""Expanded Orientation Lock"", ""Expanded Relative Distance Bias"", ""Expanded Rotation Field"", ""Burst Atmospheric Beam""]","[""GE-0011"", ""GE-0012"", ""GE-0013"", ""GE-0014""]","[""Piercing Acoustic Lance"", ""Staged Acoustic Lance"", ""Controlled Acoustic Orb"", ""Detonating Acoustic Orb""]",[],[],"Control position, trajectory, adjacency, and engagement geometry.","{""Red"": ""Entry package; establishes minimum functional identity, usually with shallow-ranked Bindings."", ""Orange"": ""First support/depth additions improve reliability and efficiency."", ""Yellow"": ""Core Bindings begin operating as a deliberate synergistic package."", ""Green"": ""Mature operational path with sustained-use competence."", ""Blue"": ""Advanced specialization; basin/fatigue management and expensive depth dominate."", ""Violet"": ""Elite long-term expression of the path."", ""White"": ""Path-complete exemplar; individual White Bindings retain their own secondary expressions.""}","Curated developmental trajectory, not a class prison. Builder may alter optional choices and Binding ranks.","Builder evaluates actual basin overlap. Basin colors are structural energy identities only, never domain/element/power labels.",,False,ALPHA path candidate
MA-P049,Dimensional Skirmisher Path 04,Maege,Dimensional mobility/control,"[""Dimensional Geometry"", ""Genesis Expression""]","[""DG-0010"", ""DG-0011"", ""DG-0012"", ""GE-0034""]","[""Expanded Spatial Anchor"", ""Expanded Spatial Exclusion"", ""Expanded Spatial Shear"", ""Detonating Atmospheric Orb""]","[""GE-0016"", ""GE-0017"", ""GE-0018"", ""GE-0019""]","[""Released Acoustic Projectile"", ""Contracting Acoustic Ring"", ""Expanding Acoustic Ring"", ""Repeating Acoustic Wave""]",[],[],"Control position, trajectory, adjacency, and engagement geometry.","{""Red"": ""Entry package; establishes minimum functional identity, usually with shallow-ranked Bindings."", ""Orange"": ""First support/depth additions improve reliability and efficiency."", ""Yellow"": ""Core Bindings begin operating as a deliberate synergistic package."", ""Green"": ""Mature operational path with sustained-use competence."", ""Blue"": ""Advanced specialization; basin/fatigue management and expensive depth dominate."", ""Violet"": ""Elite long-term expression of the path."", ""White"": ""Path-complete exemplar; individual White Bindings retain their own secondary expressions.""}","Curated developmental trajectory, not a class prison. Builder may alter optional choices and Binding ranks.","Builder evaluates actual basin overlap. Basin colors are structural energy identities only, never domain/element/power labels.",,False,ALPHA path candidate
MA-P050,Dimensional Skirmisher Path 05,Maege,Dimensional mobility/control,"[""Dimensional Geometry"", ""Genesis Expression""]","[""DG-0013"", ""DG-0014"", ""DG-0015"", ""GE-0045""]","[""Expanded Spatial Step"", ""Expanded Trajectory Bias"", ""Expanded Vector Redirect"", ""Single Combustion Arc""]","[""GE-0021"", ""GE-0022"", ""GE-0023"", ""GE-0024""]","[""Forking Atmospheric Arc"", ""Single Atmospheric Arc"", ""Burst Atmospheric Beam"", ""Channeled Atmospheric Beam""]",[],[],"Control position, trajectory, adjacency, and engagement geometry.","{""Red"": ""Entry package; establishes minimum functional identity, usually with shallow-ranked Bindings."", ""Orange"": ""First support/depth additions improve reliability and efficiency."", ""Yellow"": ""Core Bindings begin operating as a deliberate synergistic package."", ""Green"": ""Mature operational path with sustained-use competence."", ""Blue"": ""Advanced specialization; basin/fatigue management and expensive depth dominate."", ""Violet"": ""Elite long-term expression of the path."", ""White"": ""Path-complete exemplar; individual White Bindings retain their own secondary expressions.""}","Curated developmental trajectory, not a class prison. Builder may alter optional choices and Binding ranks.","Builder evaluates actual basin overlap. Basin colors are structural energy identities only, never domain/element/power labels.",,False,ALPHA path candidate
MA-P051,Dimensional Skirmisher Path 06,Maege,Dimensional mobility/control,"[""Dimensional Geometry"", ""Genesis Expression""]","[""DG-0016"", ""DG-0017"", ""DG-0018"", ""GE-0056""]","[""Focused Adjacency Bridge"", ""Focused Compression Corridor"", ""Focused Directional Bias"", ""Controlled Combustion Orb""]","[""GE-0026"", ""GE-0027"", ""GE-0028"", ""GE-0029""]","[""Outward Atmospheric Burst"", ""Mobile Atmospheric Field"", ""Static Atmospheric Field"", ""Focused Atmospheric Jet""]",[],[],"Control position, trajectory, adjacency, and engagement geometry.","{""Red"": ""Entry package; establishes minimum functional identity, usually with shallow-ranked Bindings."", ""Orange"": ""First support/depth additions improve reliability and efficiency."", ""Yellow"": ""Core Bindings begin operating as a deliberate synergistic package."", ""Green"": ""Mature operational path with sustained-use competence."", ""Blue"": ""Advanced specialization; basin/fatigue management and expensive depth dominate."", ""Violet"": ""Elite long-term expression of the path."", ""White"": ""Path-complete exemplar; individual White Bindings retain their own secondary expressions.""}","Curated developmental trajectory, not a class prison. Builder may alter optional choices and Binding ranks.","Builder evaluates actual basin overlap. Basin colors are structural energy identities only, never domain/element/power labels.",,False,ALPHA path candidate
MA-P052,Dimensional Skirmisher Path 07,Maege,Dimensional mobility/control,"[""Dimensional Geometry"", ""Genesis Expression""]","[""DG-0019"", ""DG-0020"", ""DG-0021"", ""GE-0067""]","[""Focused Expansion Pocket"", ""Focused Geometric Cage"", ""Focused Landing Field"", ""Channeled Copper Beam""]","[""GE-0031"", ""GE-0032"", ""GE-0033"", ""GE-0034""]","[""Piercing Atmospheric Lance"", ""Staged Atmospheric Lance"", ""Controlled Atmospheric Orb"", ""Detonating Atmospheric Orb""]",[],[],"Control position, trajectory, adjacency, and engagement geometry.","{""Red"": ""Entry package; establishes minimum functional identity, usually with shallow-ranked Bindings."", ""Orange"": ""First support/depth additions improve reliability and efficiency."", ""Yellow"": ""Core Bindings begin operating as a deliberate synergistic package."", ""Green"": ""Mature operational path with sustained-use competence."", ""Blue"": ""Advanced specialization; basin/fatigue management and expensive depth dominate."", ""Violet"": ""Elite long-term expression of the path."", ""White"": ""Path-complete exemplar; individual White Bindings retain their own secondary expressions.""}","Curated developmental trajectory, not a class prison. Builder may alter optional choices and Binding ranks.","Builder evaluates actual basin overlap. Basin colors are structural energy identities only, never domain/element/power labels.",,False,ALPHA path candidate
MA-P053,Dimensional Skirmisher Path 08,Maege,Dimensional mobility/control,"[""Dimensional Geometry"", ""Genesis Expression""]","[""DG-0022"", ""DG-0023"", ""DG-0024"", ""GE-0078""]","[""Focused Orientation Lock"", ""Focused Relative Distance Bias"", ""Focused Rotation Field"", ""Overcharged Copper Projectile""]","[""GE-0036"", ""GE-0037"", ""GE-0038"", ""GE-0039""]","[""Released Atmospheric Projectile"", ""Contracting Atmospheric Ring"", ""Expanding Atmospheric Ring"", ""Repeating Atmospheric Wave""]",[],[],"Control position, trajectory, adjacency, and engagement geometry.","{""Red"": ""Entry package; establishes minimum functional identity, usually with shallow-ranked Bindings."", ""Orange"": ""First support/depth additions improve reliability and efficiency."", ""Yellow"": ""Core Bindings begin operating as a deliberate synergistic package."", ""Green"": ""Mature operational path with sustained-use competence."", ""Blue"": ""Advanced specialization; basin/fatigue management and expensive depth dominate."", ""Violet"": ""Elite long-term expression of the path."", ""White"": ""Path-complete exemplar; individual White Bindings retain their own secondary expressions.""}","Curated developmental trajectory, not a class prison. Builder may alter optional choices and Binding ranks.","Builder evaluates actual basin overlap. Basin colors are structural energy identities only, never domain/element/power labels.",,False,ALPHA path candidate
MA-P054,Dimensional Skirmisher Path 09,Maege,Dimensional mobility/control,"[""Dimensional Geometry"", ""Genesis Expression""]","[""DG-0025"", ""DG-0026"", ""DG-0027"", ""GE-0089""]","[""Focused Spatial Anchor"", ""Focused Spatial Exclusion"", ""Focused Spatial Shear"", ""Beetle Swarm Manifestation — Breaker""]","[""GE-0041"", ""GE-0042"", ""GE-0043"", ""GE-0044""]","[""Barrier Dome"", ""Barrier Plane"", ""Genesis Beam"", ""Forking Combustion Arc""]",[],[],"Control position, trajectory, adjacency, and engagement geometry.","{""Red"": ""Entry package; establishes minimum functional identity, usually with shallow-ranked Bindings."", ""Orange"": ""First support/depth additions improve reliability and efficiency."", ""Yellow"": ""Core Bindings begin operating as a deliberate synergistic package."", ""Green"": ""Mature operational path with sustained-use competence."", ""Blue"": ""Advanced specialization; basin/fatigue management and expensive depth dominate."", ""Violet"": ""Elite long-term expression of the path."", ""White"": ""Path-complete exemplar; individual White Bindings retain their own secondary expressions.""}","Curated developmental trajectory, not a class prison. Builder may alter optional choices and Binding ranks.","Builder evaluates actual basin overlap. Basin colors are structural energy identities only, never domain/element/power labels.",,False,ALPHA path candidate
MA-P055,Dimensional Skirmisher Path 10,Maege,Dimensional mobility/control,"[""Dimensional Geometry"", ""Genesis Expression""]","[""DG-0028"", ""DG-0029"", ""DG-0030"", ""GE-0100""]","[""Focused Spatial Step"", ""Focused Trajectory Bias"", ""Focused Vector Redirect"", ""Falcon Manifestation — Carrier""]","[""GE-0046"", ""GE-0047"", ""GE-0048"", ""GE-0049""]","[""Burst Combustion Beam"", ""Channeled Combustion Beam"", ""Implosive Combustion Burst"", ""Outward Combustion Burst""]",[],[],"Control position, trajectory, adjacency, and engagement geometry.","{""Red"": ""Entry package; establishes minimum functional identity, usually with shallow-ranked Bindings."", ""Orange"": ""First support/depth additions improve reliability and efficiency."", ""Yellow"": ""Core Bindings begin operating as a deliberate synergistic package."", ""Green"": ""Mature operational path with sustained-use competence."", ""Blue"": ""Advanced specialization; basin/fatigue management and expensive depth dominate."", ""Violet"": ""Elite long-term expression of the path."", ""White"": ""Path-complete exemplar; individual White Bindings retain their own secondary expressions.""}","Curated developmental trajectory, not a class prison. Builder may alter optional choices and Binding ranks.","Builder evaluates actual basin overlap. Basin colors are structural energy identities only, never domain/element/power labels.",,False,ALPHA path candidate
MA-P056,Chirality Control Path 01,Maege,Chirality / counter-Transduction,"[""Chirality"", ""Genesis Field Topology""]","[""CH-0001"", ""CH-0002"", ""CH-0003"", ""GF-0084""]","[""Counter-Resolve Beam"", ""Counter-Resolve Bolt"", ""Counter-Resolve Field"", ""Summon Dampen""]","[""GF-0001"", ""GF-0002"", ""GF-0003"", ""GF-0004""]","[""Expanded Anchor Map"", ""Expanded Bandwidth Read"", ""Expanded Basin Load Read"", ""Expanded Binding Read""]",[],[],Manipulate organizational admissibility and interfere with hostile resolved structures.,"{""Red"": ""Entry package; establishes minimum functional identity, usually with shallow-ranked Bindings."", ""Orange"": ""First support/depth additions improve reliability and efficiency."", ""Yellow"": ""Core Bindings begin operating as a deliberate synergistic package."", ""Green"": ""Mature operational path with sustained-use competence."", ""Blue"": ""Advanced specialization; basin/fatigue management and expensive depth dominate."", ""Violet"": ""Elite long-term expression of the path."", ""White"": ""Path-complete exemplar; individual White Bindings retain their own secondary expressions.""}","Curated developmental trajectory, not a class prison. Builder may alter optional choices and Binding ranks.","Builder evaluates actual basin overlap. Basin colors are structural energy identities only, never domain/element/power labels.",,True,ALPHA path candidate
MA-P057,Chirality Control Path 02,Maege,Chirality / counter-Transduction,"[""Chirality"", ""Genesis Field Topology""]","[""CH-0004"", ""CH-0005"", ""CH-0006"", ""CH-0002""]","[""Counter-Resolve Mark"", ""Counter-Resolve Pulse"", ""Counter-Resolve Ring"", ""Counter-Resolve Bolt""]","[""GF-0007"", ""GF-0008"", ""GF-0009"", ""GF-0010""]","[""Expanded Event Residue Read"", ""Expanded Field Gradient Sense"", ""Expanded Field Occlusion Read"", ""Expanded Formation Map""]",[],[],Manipulate organizational admissibility and interfere with hostile resolved structures.,"{""Red"": ""Entry package; establishes minimum functional identity, usually with shallow-ranked Bindings."", ""Orange"": ""First support/depth additions improve reliability and efficiency."", ""Yellow"": ""Core Bindings begin operating as a deliberate synergistic package."", ""Green"": ""Mature operational path with sustained-use competence."", ""Blue"": ""Advanced specialization; basin/fatigue management and expensive depth dominate."", ""Violet"": ""Elite long-term expression of the path."", ""White"": ""Path-complete exemplar; individual White Bindings retain their own secondary expressions.""}","Curated developmental trajectory, not a class prison. Builder may alter optional choices and Binding ranks.","Builder evaluates actual basin overlap. Basin colors are structural energy identities only, never domain/element/power labels.",,False,ALPHA path candidate
MA-P058,Chirality Control Path 03,Maege,Chirality / counter-Transduction,"[""Chirality"", ""Genesis Field Topology""]","[""CH-0007"", ""CH-0008"", ""CH-0009"", ""CH-0004""]","[""Dampen Beam"", ""Dampen Bolt"", ""Dampen Field"", ""Counter-Resolve Mark""]","[""GF-0013"", ""GF-0014"", ""GF-0015"", ""GF-0016""]","[""Expanded Identity Signature"", ""Expanded Ingress Map"", ""Expanded Motion Forecast"", ""Expanded Range Map""]",[],[],Manipulate organizational admissibility and interfere with hostile resolved structures.,"{""Red"": ""Entry package; establishes minimum functional identity, usually with shallow-ranked Bindings."", ""Orange"": ""First support/depth additions improve reliability and efficiency."", ""Yellow"": ""Core Bindings begin operating as a deliberate synergistic package."", ""Green"": ""Mature operational path with sustained-use competence."", ""Blue"": ""Advanced specialization; basin/fatigue management and expensive depth dominate."", ""Violet"": ""Elite long-term expression of the path."", ""White"": ""Path-complete exemplar; individual White Bindings retain their own secondary expressions.""}","Curated developmental trajectory, not a class prison. Builder may alter optional choices and Binding ranks.","Builder evaluates actual basin overlap. Basin colors are structural energy identities only, never domain/element/power labels.",,False,ALPHA path candidate
MA-P059,Chirality Control Path 04,Maege,Chirality / counter-Transduction,"[""Chirality"", ""Genesis Field Topology""]","[""CH-0010"", ""CH-0011"", ""CH-0012"", ""CH-0006""]","[""Dampen Mark"", ""Dampen Pulse"", ""Dampen Ring"", ""Counter-Resolve Ring""]","[""GF-0019"", ""GF-0020"", ""GF-0021"", ""GF-0022""]","[""Expanded Transduction Trace"", ""Expanded Velis Survey"", ""Focused Anchor Map"", ""Focused Bandwidth Read""]",[],[],Manipulate organizational admissibility and interfere with hostile resolved structures.,"{""Red"": ""Entry package; establishes minimum functional identity, usually with shallow-ranked Bindings."", ""Orange"": ""First support/depth additions improve reliability and efficiency."", ""Yellow"": ""Core Bindings begin operating as a deliberate synergistic package."", ""Green"": ""Mature operational path with sustained-use competence."", ""Blue"": ""Advanced specialization; basin/fatigue management and expensive depth dominate."", ""Violet"": ""Elite long-term expression of the path."", ""White"": ""Path-complete exemplar; individual White Bindings retain their own secondary expressions.""}","Curated developmental trajectory, not a class prison. Builder may alter optional choices and Binding ranks.","Builder evaluates actual basin overlap. Basin colors are structural energy identities only, never domain/element/power labels.",,False,ALPHA path candidate
MA-P060,Chirality Control Path 05,Maege,Chirality / counter-Transduction,"[""Chirality"", ""Genesis Field Topology""]","[""CH-0013"", ""CH-0014"", ""CH-0015"", ""CH-0008""]","[""Deflect Beam"", ""Deflect Bolt"", ""Deflect Field"", ""Dampen Bolt""]","[""GF-0025"", ""GF-0026"", ""GF-0027"", ""GF-0028""]","[""Focused Coherence Diagnostic"", ""Focused Egress Map"", ""Focused Event Residue Read"", ""Focused Field Gradient Sense""]",[],[],Manipulate organizational admissibility and interfere with hostile resolved structures.,"{""Red"": ""Entry package; establishes minimum functional identity, usually with shallow-ranked Bindings."", ""Orange"": ""First support/depth additions improve reliability and efficiency."", ""Yellow"": ""Core Bindings begin operating as a deliberate synergistic package."", ""Green"": ""Mature operational path with sustained-use competence."", ""Blue"": ""Advanced specialization; basin/fatigue management and expensive depth dominate."", ""Violet"": ""Elite long-term expression of the path."", ""White"": ""Path-complete exemplar; individual White Bindings retain their own secondary expressions.""}","Curated developmental trajectory, not a class prison. Builder may alter optional choices and Binding ranks.","Builder evaluates actual basin overlap. Basin colors are structural energy identities only, never domain/element/power labels.",,False,ALPHA path candidate
MA-P061,Chirality Control Path 06,Maege,Chirality / counter-Transduction,"[""Chirality"", ""Genesis Field Topology""]","[""CH-0016"", ""CH-0017"", ""CH-0018"", ""CH-0010""]","[""Deflect Mark"", ""Deflect Pulse"", ""Deflect Ring"", ""Dampen Mark""]","[""GF-0031"", ""GF-0032"", ""GF-0033"", ""GF-0034""]","[""Focused Genesis Sight"", ""Focused Hazard Resolve"", ""Focused Identity Signature"", ""Focused Ingress Map""]",[],[],Manipulate organizational admissibility and interfere with hostile resolved structures.,"{""Red"": ""Entry package; establishes minimum functional identity, usually with shallow-ranked Bindings."", ""Orange"": ""First support/depth additions improve reliability and efficiency."", ""Yellow"": ""Core Bindings begin operating as a deliberate synergistic package."", ""Green"": ""Mature operational path with sustained-use competence."", ""Blue"": ""Advanced specialization; basin/fatigue management and expensive depth dominate."", ""Violet"": ""Elite long-term expression of the path."", ""White"": ""Path-complete exemplar; individual White Bindings retain their own secondary expressions.""}","Curated developmental trajectory, not a class prison. Builder may alter optional choices and Binding ranks.","Builder evaluates actual basin overlap. Basin colors are structural energy identities only, never domain/element/power labels.",,True,ALPHA path candidate
MA-P062,Chirality Control Path 07,Maege,Chirality / counter-Transduction,"[""Chirality"", ""Genesis Field Topology""]","[""CH-0019"", ""CH-0020"", ""CH-0021"", ""CH-0012""]","[""Desynchronize Beam"", ""Desynchronize Bolt"", ""Desynchronize Field"", ""Dampen Ring""]","[""GF-0037"", ""GF-0038"", ""GF-0039"", ""GF-0040""]","[""Focused Structural Weakness Read"", ""Focused Intercept Resolve"", ""Focused Transduction Trace"", ""Focused Velis Survey""]",[],[],Manipulate organizational admissibility and interfere with hostile resolved structures.,"{""Red"": ""Entry package; establishes minimum functional identity, usually with shallow-ranked Bindings."", ""Orange"": ""First support/depth additions improve reliability and efficiency."", ""Yellow"": ""Core Bindings begin operating as a deliberate synergistic package."", ""Green"": ""Mature operational path with sustained-use competence."", ""Blue"": ""Advanced specialization; basin/fatigue management and expensive depth dominate."", ""Violet"": ""Elite long-term expression of the path."", ""White"": ""Path-complete exemplar; individual White Bindings retain their own secondary expressions.""}","Curated developmental trajectory, not a class prison. Builder may alter optional choices and Binding ranks.","Builder evaluates actual basin overlap. Basin colors are structural energy identities only, never domain/element/power labels.",,False,ALPHA path candidate
MA-P063,Chirality Control Path 08,Maege,Chirality / counter-Transduction,"[""Chirality"", ""Genesis Field Topology""]","[""CH-0022"", ""CH-0023"", ""CH-0024"", ""CH-0014""]","[""Desynchronize Mark"", ""Desynchronize Pulse"", ""Desynchronize Ring"", ""Deflect Bolt""]","[""GF-0043"", ""GF-0044"", ""GF-0045"", ""GF-0046""]","[""Command Relay"", ""Conditional Command"", ""Deep Manifest"", ""Dismiss""]",[],[],Manipulate organizational admissibility and interfere with hostile resolved structures.,"{""Red"": ""Entry package; establishes minimum functional identity, usually with shallow-ranked Bindings."", ""Orange"": ""First support/depth additions improve reliability and efficiency."", ""Yellow"": ""Core Bindings begin operating as a deliberate synergistic package."", ""Green"": ""Mature operational path with sustained-use competence."", ""Blue"": ""Advanced specialization; basin/fatigue management and expensive depth dominate."", ""Violet"": ""Elite long-term expression of the path."", ""White"": ""Path-complete exemplar; individual White Bindings retain their own secondary expressions.""}","Curated developmental trajectory, not a class prison. Builder may alter optional choices and Binding ranks.","Builder evaluates actual basin overlap. Basin colors are structural energy identities only, never domain/element/power labels.",,False,ALPHA path candidate
MA-P064,Chirality Control Path 09,Maege,Chirality / counter-Transduction,"[""Chirality"", ""Genesis Field Topology""]","[""CH-0025"", ""CH-0026"", ""CH-0027"", ""CH-0016""]","[""Interrupt Beam"", ""Interrupt Bolt"", ""Interrupt Field"", ""Deflect Mark""]","[""GF-0049"", ""GF-0050"", ""GF-0051"", ""GF-0052""]","[""Extraction Carry"", ""Formation Link"", ""Guard Command"", ""Harrier Command""]",[],[],Manipulate organizational admissibility and interfere with hostile resolved structures.,"{""Red"": ""Entry package; establishes minimum functional identity, usually with shallow-ranked Bindings."", ""Orange"": ""First support/depth additions improve reliability and efficiency."", ""Yellow"": ""Core Bindings begin operating as a deliberate synergistic package."", ""Green"": ""Mature operational path with sustained-use competence."", ""Blue"": ""Advanced specialization; basin/fatigue management and expensive depth dominate."", ""Violet"": ""Elite long-term expression of the path."", ""White"": ""Path-complete exemplar; individual White Bindings retain their own secondary expressions.""}","Curated developmental trajectory, not a class prison. Builder may alter optional choices and Binding ranks.","Builder evaluates actual basin overlap. Basin colors are structural energy identities only, never domain/element/power labels.",,False,ALPHA path candidate
MA-P065,Chirality Control Path 10,Maege,Chirality / counter-Transduction,"[""Chirality"", ""Genesis Field Topology""]","[""CH-0028"", ""CH-0029"", ""CH-0030"", ""CH-0018""]","[""Interrupt Mark"", ""Interrupt Pulse"", ""Interrupt Ring"", ""Deflect Ring""]","[""GF-0055"", ""GF-0056"", ""GF-0057"", ""GF-0058""]","[""Intercept Command"", ""Leash Boundary"", ""Light Manifest"", ""Linked Sustain""]",[],[],Manipulate organizational admissibility and interfere with hostile resolved structures.,"{""Red"": ""Entry package; establishes minimum functional identity, usually with shallow-ranked Bindings."", ""Orange"": ""First support/depth additions improve reliability and efficiency."", ""Yellow"": ""Core Bindings begin operating as a deliberate synergistic package."", ""Green"": ""Mature operational path with sustained-use competence."", ""Blue"": ""Advanced specialization; basin/fatigue management and expensive depth dominate."", ""Violet"": ""Elite long-term expression of the path."", ""White"": ""Path-complete exemplar; individual White Bindings retain their own secondary expressions.""}","Curated developmental trajectory, not a class prison. Builder may alter optional choices and Binding ranks.","Builder evaluates actual basin overlap. Basin colors are structural energy identities only, never domain/element/power labels.",,False,ALPHA path candidate
SU-P001,Elementalist Manifestation Path 01,Summoner,Elemental summoning,"[""Genesis Expression"", ""Resonance"", ""Chirality""]","[""GF-0041"", ""GF-0042"", ""GF-0043"", ""RS-0001""]","[""Basin Shedding"", ""Burst Manifest"", ""Command Relay"", ""Adaptive Acceleration Augmentation""]","[""CH-0001"", ""CH-0002"", ""CH-0003"", ""CH-0004""]","[""Counter-Resolve Beam"", ""Counter-Resolve Bolt"", ""Counter-Resolve Field"", ""Counter-Resolve Mark""]","[""SE-0001"", ""SE-0002"", ""SE-0003""]","[""Combustion Wisp"", ""Combustion Hound"", ""Combustion Raptor""]",Maintain non-sentient autonomous elemental manifestations; output/count compete against continuous fatigue and basin availability.,"{""Red"": ""Entry package; establishes minimum functional identity, usually with shallow-ranked Bindings."", ""Orange"": ""First support/depth additions improve reliability and efficiency."", ""Yellow"": ""Core Bindings begin operating as a deliberate synergistic package."", ""Green"": ""Mature operational path with sustained-use competence."", ""Blue"": ""Advanced specialization; basin/fatigue management and expensive depth dominate."", ""Violet"": ""Elite long-term expression of the path."", ""White"": ""Path-complete exemplar; individual White Bindings retain their own secondary expressions.""}","Curated developmental trajectory, not a class prison. Builder may alter optional choices and Binding ranks.","Builder evaluates actual basin overlap. Basin colors are structural energy identities only, never domain/element/power labels.",,True,ALPHA path candidate
SU-P002,Elementalist Manifestation Path 02,Summoner,Elemental summoning,"[""Genesis Expression"", ""Resonance"", ""Chirality""]","[""GF-0044"", ""GF-0045"", ""GF-0046"", ""RS-0006""]","[""Conditional Command"", ""Deep Manifest"", ""Dismiss"", ""Adaptive Bone Reinforcement Augmentation""]","[""CH-0008"", ""CH-0009"", ""CH-0010"", ""CH-0011""]","[""Dampen Bolt"", ""Dampen Field"", ""Dampen Mark"", ""Dampen Pulse""]","[""SE-0005"", ""SE-0006"", ""SE-0007""]","[""Combustion Sentinel"", ""Combustion Manta"", ""Combustion Swarm""]",Maintain non-sentient autonomous elemental manifestations; output/count compete against continuous fatigue and basin availability.,"{""Red"": ""Entry package; establishes minimum functional identity, usually with shallow-ranked Bindings."", ""Orange"": ""First support/depth additions improve reliability and efficiency."", ""Yellow"": ""Core Bindings begin operating as a deliberate synergistic package."", ""Green"": ""Mature operational path with sustained-use competence."", ""Blue"": ""Advanced specialization; basin/fatigue management and expensive depth dominate."", ""Violet"": ""Elite long-term expression of the path."", ""White"": ""Path-complete exemplar; individual White Bindings retain their own secondary expressions.""}","Curated developmental trajectory, not a class prison. Builder may alter optional choices and Binding ranks.","Builder evaluates actual basin overlap. Basin colors are structural energy identities only, never domain/element/power labels.",,False,ALPHA path candidate
SU-P003,Elementalist Manifestation Path 03,Summoner,Elemental summoning,"[""Genesis Expression"", ""Resonance"", ""Chirality""]","[""GF-0047"", ""GF-0048"", ""GF-0049"", ""RS-0011""]","[""Emergency Collapse"", ""Escort Command"", ""Extraction Carry"", ""Adaptive Cold Tolerance Augmentation""]","[""CH-0015"", ""CH-0016"", ""CH-0017"", ""CH-0018""]","[""Deflect Field"", ""Deflect Mark"", ""Deflect Pulse"", ""Deflect Ring""]","[""SE-0009"", ""SE-0010"", ""SE-0011""]","[""Combustion Colossus"", ""Combustion Drake"", ""Plasma Wisp""]",Maintain non-sentient autonomous elemental manifestations; output/count compete against continuous fatigue and basin availability.,"{""Red"": ""Entry package; establishes minimum functional identity, usually with shallow-ranked Bindings."", ""Orange"": ""First support/depth additions improve reliability and efficiency."", ""Yellow"": ""Core Bindings begin operating as a deliberate synergistic package."", ""Green"": ""Mature operational path with sustained-use competence."", ""Blue"": ""Advanced specialization; basin/fatigue management and expensive depth dominate."", ""Violet"": ""Elite long-term expression of the path."", ""White"": ""Path-complete exemplar; individual White Bindings retain their own secondary expressions.""}","Curated developmental trajectory, not a class prison. Builder may alter optional choices and Binding ranks.","Builder evaluates actual basin overlap. Basin colors are structural energy identities only, never domain/element/power labels.",,False,ALPHA path candidate
SU-P004,Elementalist Manifestation Path 04,Summoner,Elemental summoning,"[""Genesis Expression"", ""Resonance"", ""Chirality""]","[""GF-0050"", ""GF-0051"", ""GF-0052"", ""RS-0016""]","[""Formation Link"", ""Guard Command"", ""Harrier Command"", ""Adaptive Grip Strength Augmentation""]","[""CH-0022"", ""CH-0023"", ""CH-0024"", ""CH-0025""]","[""Desynchronize Mark"", ""Desynchronize Pulse"", ""Desynchronize Ring"", ""Interrupt Beam""]","[""SE-0013"", ""SE-0014"", ""SE-0015""]","[""Plasma Raptor"", ""Plasma Serpent"", ""Plasma Sentinel""]",Maintain non-sentient autonomous elemental manifestations; output/count compete against continuous fatigue and basin availability.,"{""Red"": ""Entry package; establishes minimum functional identity, usually with shallow-ranked Bindings."", ""Orange"": ""First support/depth additions improve reliability and efficiency."", ""Yellow"": ""Core Bindings begin operating as a deliberate synergistic package."", ""Green"": ""Mature operational path with sustained-use competence."", ""Blue"": ""Advanced specialization; basin/fatigue management and expensive depth dominate."", ""Violet"": ""Elite long-term expression of the path."", ""White"": ""Path-complete exemplar; individual White Bindings retain their own secondary expressions.""}","Curated developmental trajectory, not a class prison. Builder may alter optional choices and Binding ranks.","Builder evaluates actual basin overlap. Basin colors are structural energy identities only, never domain/element/power labels.",,False,ALPHA path candidate
SU-P005,Elementalist Manifestation Path 05,Summoner,Elemental summoning,"[""Genesis Expression"", ""Resonance"", ""Chirality""]","[""GF-0053"", ""GF-0054"", ""GF-0055"", ""RS-0021""]","[""Hold Position"", ""Hunt Command"", ""Intercept Command"", ""Adaptive Landing Tolerance Augmentation""]","[""CH-0029"", ""CH-0030"", ""CH-0031"", ""CH-0032""]","[""Interrupt Pulse"", ""Interrupt Ring"", ""Saturate Beam"", ""Saturate Bolt""]","[""SE-0017"", ""SE-0018"", ""SE-0019""]","[""Plasma Swarm"", ""Plasma Stag"", ""Plasma Colossus""]",Maintain non-sentient autonomous elemental manifestations; output/count compete against continuous fatigue and basin availability.,"{""Red"": ""Entry package; establishes minimum functional identity, usually with shallow-ranked Bindings."", ""Orange"": ""First support/depth additions improve reliability and efficiency."", ""Yellow"": ""Core Bindings begin operating as a deliberate synergistic package."", ""Green"": ""Mature operational path with sustained-use competence."", ""Blue"": ""Advanced specialization; basin/fatigue management and expensive depth dominate."", ""Violet"": ""Elite long-term expression of the path."", ""White"": ""Path-complete exemplar; individual White Bindings retain their own secondary expressions.""}","Curated developmental trajectory, not a class prison. Builder may alter optional choices and Binding ranks.","Builder evaluates actual basin overlap. Basin colors are structural energy identities only, never domain/element/power labels.",,False,ALPHA path candidate
SU-P006,Elementalist Manifestation Path 06,Summoner,Elemental summoning,"[""Genesis Expression"", ""Resonance"", ""Chirality""]","[""GF-0056"", ""GF-0057"", ""GF-0058"", ""RS-0026""]","[""Leash Boundary"", ""Light Manifest"", ""Linked Sustain"", ""Adaptive Motor Precision Augmentation""]","[""CH-0036"", ""CH-0037"", ""CH-0038"", ""CH-0039""]","[""Saturate Ring"", ""Scatter Beam"", ""Scatter Bolt"", ""Scatter Field""]","[""SE-0021"", ""SE-0022"", ""SE-0023""]","[""Lightning Wisp"", ""Lightning Hound"", ""Lightning Raptor""]",Maintain non-sentient autonomous elemental manifestations; output/count compete against continuous fatigue and basin availability.,"{""Red"": ""Entry package; establishes minimum functional identity, usually with shallow-ranked Bindings."", ""Orange"": ""First support/depth additions improve reliability and efficiency."", ""Yellow"": ""Core Bindings begin operating as a deliberate synergistic package."", ""Green"": ""Mature operational path with sustained-use competence."", ""Blue"": ""Advanced specialization; basin/fatigue management and expensive depth dominate."", ""Violet"": ""Elite long-term expression of the path."", ""White"": ""Path-complete exemplar; individual White Bindings retain their own secondary expressions.""}","Curated developmental trajectory, not a class prison. Builder may alter optional choices and Binding ranks.","Builder evaluates actual basin overlap. Basin colors are structural energy identities only, never domain/element/power labels.",,False,ALPHA path candidate
SU-P007,Elementalist Manifestation Path 07,Summoner,Elemental summoning,"[""Genesis Expression"", ""Resonance"", ""Chirality""]","[""GF-0059"", ""GF-0060"", ""GF-0061"", ""RS-0031""]","[""Manifestation Audit"", ""Pack Link"", ""Parallel Focus"", ""Adaptive Pressure Tolerance Augmentation""]","[""CH-0043"", ""CH-0044"", ""CH-0045"", ""CH-0046""]","[""Sever Beam"", ""Sever Bolt"", ""Sever Field"", ""Sever Mark""]","[""SE-0025"", ""SE-0026"", ""SE-0027""]","[""Lightning Sentinel"", ""Lightning Manta"", ""Lightning Swarm""]",Maintain non-sentient autonomous elemental manifestations; output/count compete against continuous fatigue and basin availability.,"{""Red"": ""Entry package; establishes minimum functional identity, usually with shallow-ranked Bindings."", ""Orange"": ""First support/depth additions improve reliability and efficiency."", ""Yellow"": ""Core Bindings begin operating as a deliberate synergistic package."", ""Green"": ""Mature operational path with sustained-use competence."", ""Blue"": ""Advanced specialization; basin/fatigue management and expensive depth dominate."", ""Violet"": ""Elite long-term expression of the path."", ""White"": ""Path-complete exemplar; individual White Bindings retain their own secondary expressions.""}","Curated developmental trajectory, not a class prison. Builder may alter optional choices and Binding ranks.","Builder evaluates actual basin overlap. Basin colors are structural energy identities only, never domain/element/power labels.",,False,ALPHA path candidate
SU-P008,Elementalist Manifestation Path 08,Summoner,Elemental summoning,"[""Genesis Expression"", ""Resonance"", ""Chirality""]","[""GF-0062"", ""GF-0063"", ""GF-0064"", ""RS-0036""]","[""Patrol Loop"", ""Persistence Anchor"", ""Priority Stack"", ""Adaptive Shock Tolerance Augmentation""]","[""CH-0050"", ""CH-0051"", ""CH-0052"", ""CH-0053""]","[""Suppress Bolt"", ""Suppress Field"", ""Suppress Mark"", ""Suppress Pulse""]","[""SE-0029"", ""SE-0030"", ""SE-0031""]","[""Lightning Colossus"", ""Lightning Drake"", ""Thermal Wisp""]",Maintain non-sentient autonomous elemental manifestations; output/count compete against continuous fatigue and basin availability.,"{""Red"": ""Entry package; establishes minimum functional identity, usually with shallow-ranked Bindings."", ""Orange"": ""First support/depth additions improve reliability and efficiency."", ""Yellow"": ""Core Bindings begin operating as a deliberate synergistic package."", ""Green"": ""Mature operational path with sustained-use competence."", ""Blue"": ""Advanced specialization; basin/fatigue management and expensive depth dominate."", ""Violet"": ""Elite long-term expression of the path."", ""White"": ""Path-complete exemplar; individual White Bindings retain their own secondary expressions.""}","Curated developmental trajectory, not a class prison. Builder may alter optional choices and Binding ranks.","Builder evaluates actual basin overlap. Basin colors are structural energy identities only, never domain/element/power labels.",,False,ALPHA path candidate
SU-P009,Elementalist Manifestation Path 09,Summoner,Elemental summoning,"[""Genesis Expression"", ""Resonance"", ""Chirality""]","[""GF-0065"", ""GF-0066"", ""GF-0067"", ""RS-0041""]","[""Range Anchor"", ""Recall"", ""Reconstitute"", ""Adaptive Swimming Output Augmentation""]","[""CH-0057"", ""CH-0058"", ""CH-0059"", ""CH-0060""]","[""Unanchor Field"", ""Unanchor Mark"", ""Unanchor Pulse"", ""Unanchor Ring""]","[""SE-0033"", ""SE-0034"", ""SE-0035""]","[""Thermal Raptor"", ""Thermal Serpent"", ""Thermal Sentinel""]",Maintain non-sentient autonomous elemental manifestations; output/count compete against continuous fatigue and basin availability.,"{""Red"": ""Entry package; establishes minimum functional identity, usually with shallow-ranked Bindings."", ""Orange"": ""First support/depth additions improve reliability and efficiency."", ""Yellow"": ""Core Bindings begin operating as a deliberate synergistic package."", ""Green"": ""Mature operational path with sustained-use competence."", ""Blue"": ""Advanced specialization; basin/fatigue management and expensive depth dominate."", ""Violet"": ""Elite long-term expression of the path."", ""White"": ""Path-complete exemplar; individual White Bindings retain their own secondary expressions.""}","Curated developmental trajectory, not a class prison. Builder may alter optional choices and Binding ranks.","Builder evaluates actual basin overlap. Basin colors are structural energy identities only, never domain/element/power labels.",,False,ALPHA path candidate
SU-P010,Elementalist Manifestation Path 10,Summoner,Elemental summoning,"[""Genesis Expression"", ""Resonance"", ""Chirality""]","[""GF-0068"", ""GF-0069"", ""GF-0070"", ""RS-0046""]","[""Remote Manifest"", ""Reserve Feed"", ""Return Route"", ""Adaptive Visual Tracking Augmentation""]","[""GE-0004"", ""GE-0005"", ""GE-0006"", ""GE-0007""]","[""Channeled Acoustic Beam"", ""Implosive Acoustic Burst"", ""Outward Acoustic Burst"", ""Mobile Acoustic Field""]","[""SE-0037"", ""SE-0038"", ""SE-0039""]","[""Thermal Swarm"", ""Thermal Stag"", ""Thermal Colossus""]",Maintain non-sentient autonomous elemental manifestations; output/count compete against continuous fatigue and basin availability.,"{""Red"": ""Entry package; establishes minimum functional identity, usually with shallow-ranked Bindings."", ""Orange"": ""First support/depth additions improve reliability and efficiency."", ""Yellow"": ""Core Bindings begin operating as a deliberate synergistic package."", ""Green"": ""Mature operational path with sustained-use competence."", ""Blue"": ""Advanced specialization; basin/fatigue management and expensive depth dominate."", ""Violet"": ""Elite long-term expression of the path."", ""White"": ""Path-complete exemplar; individual White Bindings retain their own secondary expressions.""}","Curated developmental trajectory, not a class prison. Builder may alter optional choices and Binding ranks.","Builder evaluates actual basin overlap. Basin colors are structural energy identities only, never domain/element/power labels.",,True,ALPHA path candidate
SU-P011,Elementalist Manifestation Path 11,Summoner,Elemental summoning,"[""Genesis Expression"", ""Resonance"", ""Chirality""]","[""GF-0071"", ""GF-0072"", ""GF-0073"", ""RS-0051""]","[""Return on Fatigue"", ""Sacrificial Guard"", ""Safe Dismissal"", ""Burst Balance Augmentation""]","[""GE-0011"", ""GE-0012"", ""GE-0013"", ""GE-0014""]","[""Piercing Acoustic Lance"", ""Staged Acoustic Lance"", ""Controlled Acoustic Orb"", ""Detonating Acoustic Orb""]","[""SE-0041"", ""SE-0042"", ""SE-0043""]","[""Cryogenic Wisp"", ""Cryogenic Hound"", ""Cryogenic Raptor""]",Maintain non-sentient autonomous elemental manifestations; output/count compete against continuous fatigue and basin availability.,"{""Red"": ""Entry package; establishes minimum functional identity, usually with shallow-ranked Bindings."", ""Orange"": ""First support/depth additions improve reliability and efficiency."", ""Yellow"": ""Core Bindings begin operating as a deliberate synergistic package."", ""Green"": ""Mature operational path with sustained-use competence."", ""Blue"": ""Advanced specialization; basin/fatigue management and expensive depth dominate."", ""Violet"": ""Elite long-term expression of the path."", ""White"": ""Path-complete exemplar; individual White Bindings retain their own secondary expressions.""}","Curated developmental trajectory, not a class prison. Builder may alter optional choices and Binding ranks.","Builder evaluates actual basin overlap. Basin colors are structural energy identities only, never domain/element/power labels.",,False,ALPHA path candidate
SU-P012,Elementalist Manifestation Path 12,Summoner,Elemental summoning,"[""Genesis Expression"", ""Resonance"", ""Chirality""]","[""GF-0074"", ""GF-0075"", ""GF-0076"", ""RS-0056""]","[""Scout Relay"", ""Search Command"", ""Shared Hearing"", ""Burst Climbing Output Augmentation""]","[""GE-0018"", ""GE-0019"", ""GE-0020"", ""GE-0021""]","[""Expanding Acoustic Ring"", ""Repeating Acoustic Wave"", ""Single-Front Acoustic Wave"", ""Forking Atmospheric Arc""]","[""SE-0045"", ""SE-0046"", ""SE-0047""]","[""Cryogenic Sentinel"", ""Cryogenic Manta"", ""Cryogenic Swarm""]",Maintain non-sentient autonomous elemental manifestations; output/count compete against continuous fatigue and basin availability.,"{""Red"": ""Entry package; establishes minimum functional identity, usually with shallow-ranked Bindings."", ""Orange"": ""First support/depth additions improve reliability and efficiency."", ""Yellow"": ""Core Bindings begin operating as a deliberate synergistic package."", ""Green"": ""Mature operational path with sustained-use competence."", ""Blue"": ""Advanced specialization; basin/fatigue management and expensive depth dominate."", ""Violet"": ""Elite long-term expression of the path."", ""White"": ""Path-complete exemplar; individual White Bindings retain their own secondary expressions.""}","Curated developmental trajectory, not a class prison. Builder may alter optional choices and Binding ranks.","Builder evaluates actual basin overlap. Basin colors are structural energy identities only, never domain/element/power labels.",,False,ALPHA path candidate
SU-P013,Elementalist Manifestation Path 13,Summoner,Elemental summoning,"[""Genesis Expression"", ""Resonance"", ""Chirality""]","[""GF-0077"", ""GF-0078"", ""GF-0079"", ""RS-0061""]","[""Shared Sight"", ""Silent Command"", ""Slow Manifest"", ""Burst Fatigue Resistance Augmentation""]","[""GE-0025"", ""GE-0026"", ""GE-0027"", ""GE-0028""]","[""Implosive Atmospheric Burst"", ""Outward Atmospheric Burst"", ""Mobile Atmospheric Field"", ""Static Atmospheric Field""]","[""SE-0049"", ""SE-0050"", ""SE-0051""]","[""Cryogenic Colossus"", ""Cryogenic Drake"", ""Steam Wisp""]",Maintain non-sentient autonomous elemental manifestations; output/count compete against continuous fatigue and basin availability.,"{""Red"": ""Entry package; establishes minimum functional identity, usually with shallow-ranked Bindings."", ""Orange"": ""First support/depth additions improve reliability and efficiency."", ""Yellow"": ""Core Bindings begin operating as a deliberate synergistic package."", ""Green"": ""Mature operational path with sustained-use competence."", ""Blue"": ""Advanced specialization; basin/fatigue management and expensive depth dominate."", ""Violet"": ""Elite long-term expression of the path."", ""White"": ""Path-complete exemplar; individual White Bindings retain their own secondary expressions.""}","Curated developmental trajectory, not a class prison. Builder may alter optional choices and Binding ranks.","Builder evaluates actual basin overlap. Basin colors are structural energy identities only, never domain/element/power labels.",,False,ALPHA path candidate
SU-P014,Elementalist Manifestation Path 14,Summoner,Elemental summoning,"[""Genesis Expression"", ""Resonance"", ""Chirality""]","[""GF-0080"", ""GF-0081"", ""GF-0082"", ""RS-0066""]","[""Split Focus"", ""Summon Amplify"", ""Summon Barrier"", ""Burst Jump Power Augmentation""]","[""GE-0032"", ""GE-0033"", ""GE-0034"", ""GE-0035""]","[""Staged Atmospheric Lance"", ""Controlled Atmospheric Orb"", ""Detonating Atmospheric Orb"", ""Overcharged Atmospheric Projectile""]","[""SE-0053"", ""SE-0054"", ""SE-0055""]","[""Steam Raptor"", ""Steam Serpent"", ""Steam Sentinel""]",Maintain non-sentient autonomous elemental manifestations; output/count compete against continuous fatigue and basin availability.,"{""Red"": ""Entry package; establishes minimum functional identity, usually with shallow-ranked Bindings."", ""Orange"": ""First support/depth additions improve reliability and efficiency."", ""Yellow"": ""Core Bindings begin operating as a deliberate synergistic package."", ""Green"": ""Mature operational path with sustained-use competence."", ""Blue"": ""Advanced specialization; basin/fatigue management and expensive depth dominate."", ""Violet"": ""Elite long-term expression of the path."", ""White"": ""Path-complete exemplar; individual White Bindings retain their own secondary expressions.""}","Curated developmental trajectory, not a class prison. Builder may alter optional choices and Binding ranks.","Builder evaluates actual basin overlap. Basin colors are structural energy identities only, never domain/element/power labels.",,False,ALPHA path candidate
SU-P015,Elementalist Manifestation Path 15,Summoner,Elemental summoning,"[""Genesis Expression"", ""Resonance"", ""Chirality""]","[""GF-0083"", ""GF-0084"", ""GF-0085"", ""RS-0071""]","[""Summon Coherence"", ""Summon Dampen"", ""Summon Handoff"", ""Burst Metabolic Efficiency Augmentation""]","[""GE-0039"", ""GE-0040"", ""GE-0041"", ""GE-0042""]","[""Repeating Atmospheric Wave"", ""Single-Front Atmospheric Wave"", ""Barrier Dome"", ""Barrier Plane""]","[""SE-0057"", ""SE-0058"", ""SE-0059""]","[""Steam Swarm"", ""Steam Stag"", ""Steam Colossus""]",Maintain non-sentient autonomous elemental manifestations; output/count compete against continuous fatigue and basin availability.,"{""Red"": ""Entry package; establishes minimum functional identity, usually with shallow-ranked Bindings."", ""Orange"": ""First support/depth additions improve reliability and efficiency."", ""Yellow"": ""Core Bindings begin operating as a deliberate synergistic package."", ""Green"": ""Mature operational path with sustained-use competence."", ""Blue"": ""Advanced specialization; basin/fatigue management and expensive depth dominate."", ""Violet"": ""Elite long-term expression of the path."", ""White"": ""Path-complete exemplar; individual White Bindings retain their own secondary expressions.""}","Curated developmental trajectory, not a class prison. Builder may alter optional choices and Binding ranks.","Builder evaluates actual basin overlap. Basin colors are structural energy identities only, never domain/element/power labels.",,False,ALPHA path candidate
SU-P016,Elementalist Manifestation Path 16,Summoner,Elemental summoning,"[""Genesis Expression"", ""Resonance"", ""Chirality""]","[""GF-0086"", ""GF-0087"", ""GF-0088"", ""RS-0076""]","[""Summon Mark"", ""Target Share"", ""Shared Intercept Resolve"", ""Burst Pain Gating Augmentation""]","[""GE-0046"", ""GE-0047"", ""GE-0048"", ""GE-0049""]","[""Burst Combustion Beam"", ""Channeled Combustion Beam"", ""Implosive Combustion Burst"", ""Outward Combustion Burst""]","[""SE-0061"", ""SE-0062"", ""SE-0063""]","[""Atmospheric Wisp"", ""Atmospheric Hound"", ""Atmospheric Raptor""]",Maintain non-sentient autonomous elemental manifestations; output/count compete against continuous fatigue and basin availability.,"{""Red"": ""Entry package; establishes minimum functional identity, usually with shallow-ranked Bindings."", ""Orange"": ""First support/depth additions improve reliability and efficiency."", ""Yellow"": ""Core Bindings begin operating as a deliberate synergistic package."", ""Green"": ""Mature operational path with sustained-use competence."", ""Blue"": ""Advanced specialization; basin/fatigue management and expensive depth dominate."", ""Violet"": ""Elite long-term expression of the path."", ""White"": ""Path-complete exemplar; individual White Bindings retain their own secondary expressions.""}","Curated developmental trajectory, not a class prison. Builder may alter optional choices and Binding ranks.","Builder evaluates actual basin overlap. Basin colors are structural energy identities only, never domain/element/power labels.",,False,ALPHA path candidate
SU-P017,Elementalist Manifestation Path 17,Summoner,Elemental summoning,"[""Genesis Expression"", ""Resonance"", ""Chirality""]","[""GF-0089"", ""GF-0090"", ""GF-0041"", ""RS-0081""]","[""Track Command"", ""Waypoint Lattice"", ""Basin Shedding"", ""Burst Respiratory Throughput Augmentation""]","[""GE-0053"", ""GE-0054"", ""GE-0055"", ""GE-0056""]","[""Sweeping Combustion Jet"", ""Piercing Combustion Lance"", ""Staged Combustion Lance"", ""Controlled Combustion Orb""]","[""SE-0065"", ""SE-0066"", ""SE-0067""]","[""Atmospheric Sentinel"", ""Atmospheric Manta"", ""Atmospheric Swarm""]",Maintain non-sentient autonomous elemental manifestations; output/count compete against continuous fatigue and basin availability.,"{""Red"": ""Entry package; establishes minimum functional identity, usually with shallow-ranked Bindings."", ""Orange"": ""First support/depth additions improve reliability and efficiency."", ""Yellow"": ""Core Bindings begin operating as a deliberate synergistic package."", ""Green"": ""Mature operational path with sustained-use competence."", ""Blue"": ""Advanced specialization; basin/fatigue management and expensive depth dominate."", ""Violet"": ""Elite long-term expression of the path."", ""White"": ""Path-complete exemplar; individual White Bindings retain their own secondary expressions.""}","Curated developmental trajectory, not a class prison. Builder may alter optional choices and Binding ranks.","Builder evaluates actual basin overlap. Basin colors are structural energy identities only, never domain/element/power labels.",,False,ALPHA path candidate
SU-P018,Elementalist Manifestation Path 18,Summoner,Elemental summoning,"[""Genesis Expression"", ""Resonance"", ""Chirality""]","[""GF-0042"", ""GF-0043"", ""GF-0044"", ""RS-0086""]","[""Burst Manifest"", ""Command Relay"", ""Conditional Command"", ""Burst Sustained Run Augmentation""]","[""GE-0060"", ""GE-0061"", ""GE-0062"", ""GE-0063""]","[""Contracting Combustion Ring"", ""Expanding Combustion Ring"", ""Repeating Combustion Wave"", ""Single-Front Combustion Wave""]","[""SE-0069"", ""SE-0070"", ""SE-0071""]","[""Atmospheric Colossus"", ""Atmospheric Drake"", ""Water Wisp""]",Maintain non-sentient autonomous elemental manifestations; output/count compete against continuous fatigue and basin availability.,"{""Red"": ""Entry package; establishes minimum functional identity, usually with shallow-ranked Bindings."", ""Orange"": ""First support/depth additions improve reliability and efficiency."", ""Yellow"": ""Core Bindings begin operating as a deliberate synergistic package."", ""Green"": ""Mature operational path with sustained-use competence."", ""Blue"": ""Advanced specialization; basin/fatigue management and expensive depth dominate."", ""Violet"": ""Elite long-term expression of the path."", ""White"": ""Path-complete exemplar; individual White Bindings retain their own secondary expressions.""}","Curated developmental trajectory, not a class prison. Builder may alter optional choices and Binding ranks.","Builder evaluates actual basin overlap. Basin colors are structural energy identities only, never domain/element/power labels.",,False,ALPHA path candidate
SU-P019,Elementalist Manifestation Path 19,Summoner,Elemental summoning,"[""Genesis Expression"", ""Resonance"", ""Chirality""]","[""GF-0045"", ""GF-0046"", ""GF-0047"", ""RS-0091""]","[""Deep Manifest"", ""Dismiss"", ""Emergency Collapse"", ""Burst Vestibular Control Augmentation""]","[""GE-0067"", ""GE-0068"", ""GE-0069"", ""GE-0070""]","[""Channeled Copper Beam"", ""Implosive Copper Burst"", ""Outward Copper Burst"", ""Mobile Copper Field""]","[""SE-0073"", ""SE-0074"", ""SE-0075""]","[""Water Raptor"", ""Water Serpent"", ""Water Sentinel""]",Maintain non-sentient autonomous elemental manifestations; output/count compete against continuous fatigue and basin availability.,"{""Red"": ""Entry package; establishes minimum functional identity, usually with shallow-ranked Bindings."", ""Orange"": ""First support/depth additions improve reliability and efficiency."", ""Yellow"": ""Core Bindings begin operating as a deliberate synergistic package."", ""Green"": ""Mature operational path with sustained-use competence."", ""Blue"": ""Advanced specialization; basin/fatigue management and expensive depth dominate."", ""Violet"": ""Elite long-term expression of the path."", ""White"": ""Path-complete exemplar; individual White Bindings retain their own secondary expressions.""}","Curated developmental trajectory, not a class prison. Builder may alter optional choices and Binding ranks.","Builder evaluates actual basin overlap. Basin colors are structural energy identities only, never domain/element/power labels.",,True,ALPHA path candidate
SU-P020,Elementalist Manifestation Path 20,Summoner,Elemental summoning,"[""Genesis Expression"", ""Resonance"", ""Chirality""]","[""GF-0048"", ""GF-0049"", ""GF-0050"", ""RS-0096""]","[""Escort Command"", ""Extraction Carry"", ""Formation Link"", ""Localized Auditory Filtering Augmentation""]","[""GE-0074"", ""GE-0075"", ""GE-0076"", ""GE-0077""]","[""Piercing Copper Lance"", ""Staged Copper Lance"", ""Controlled Copper Orb"", ""Detonating Copper Orb""]","[""SE-0077"", ""SE-0078"", ""SE-0079""]","[""Water Swarm"", ""Water Stag"", ""Water Colossus""]",Maintain non-sentient autonomous elemental manifestations; output/count compete against continuous fatigue and basin availability.,"{""Red"": ""Entry package; establishes minimum functional identity, usually with shallow-ranked Bindings."", ""Orange"": ""First support/depth additions improve reliability and efficiency."", ""Yellow"": ""Core Bindings begin operating as a deliberate synergistic package."", ""Green"": ""Mature operational path with sustained-use competence."", ""Blue"": ""Advanced specialization; basin/fatigue management and expensive depth dominate."", ""Violet"": ""Elite long-term expression of the path."", ""White"": ""Path-complete exemplar; individual White Bindings retain their own secondary expressions.""}","Curated developmental trajectory, not a class prison. Builder may alter optional choices and Binding ranks.","Builder evaluates actual basin overlap. Basin colors are structural energy identities only, never domain/element/power labels.",,False,ALPHA path candidate
SU-P021,Elementalist Manifestation Path 21,Summoner,Elemental summoning,"[""Genesis Expression"", ""Resonance"", ""Chirality""]","[""GF-0051"", ""GF-0052"", ""GF-0053"", ""RS-0101""]","[""Guard Command"", ""Harrier Command"", ""Hold Position"", ""Localized Circulatory Efficiency Augmentation""]","[""GE-0081"", ""GE-0082"", ""GE-0083"", ""GE-0084""]","[""Expanding Copper Ring"", ""Repeating Copper Wave"", ""Single-Front Copper Wave"", ""Bear Manifestation — Breaker""]","[""SE-0081"", ""SE-0082"", ""SE-0083""]","[""Mineral Wisp"", ""Mineral Hound"", ""Mineral Raptor""]",Maintain non-sentient autonomous elemental manifestations; output/count compete against continuous fatigue and basin availability.,"{""Red"": ""Entry package; establishes minimum functional identity, usually with shallow-ranked Bindings."", ""Orange"": ""First support/depth additions improve reliability and efficiency."", ""Yellow"": ""Core Bindings begin operating as a deliberate synergistic package."", ""Green"": ""Mature operational path with sustained-use competence."", ""Blue"": ""Advanced specialization; basin/fatigue management and expensive depth dominate."", ""Violet"": ""Elite long-term expression of the path."", ""White"": ""Path-complete exemplar; individual White Bindings retain their own secondary expressions.""}","Curated developmental trajectory, not a class prison. Builder may alter optional choices and Binding ranks.","Builder evaluates actual basin overlap. Basin colors are structural energy identities only, never domain/element/power labels.",,False,ALPHA path candidate
SU-P022,Elementalist Manifestation Path 22,Summoner,Elemental summoning,"[""Genesis Expression"", ""Resonance"", ""Chirality""]","[""GF-0054"", ""GF-0055"", ""GF-0056"", ""RS-0106""]","[""Hunt Command"", ""Intercept Command"", ""Leash Boundary"", ""Localized Explosive Power Augmentation""]","[""GE-0088"", ""GE-0089"", ""GE-0090"", ""GE-0091""]","[""Bear Manifestation — Scout"", ""Beetle Swarm Manifestation — Breaker"", ""Beetle Swarm Manifestation — Carrier"", ""Beetle Swarm Manifestation — Guard""]","[""SE-0085"", ""SE-0086"", ""SE-0087""]","[""Mineral Sentinel"", ""Mineral Manta"", ""Mineral Swarm""]",Maintain non-sentient autonomous elemental manifestations; output/count compete against continuous fatigue and basin availability.,"{""Red"": ""Entry package; establishes minimum functional identity, usually with shallow-ranked Bindings."", ""Orange"": ""First support/depth additions improve reliability and efficiency."", ""Yellow"": ""Core Bindings begin operating as a deliberate synergistic package."", ""Green"": ""Mature operational path with sustained-use competence."", ""Blue"": ""Advanced specialization; basin/fatigue management and expensive depth dominate."", ""Violet"": ""Elite long-term expression of the path."", ""White"": ""Path-complete exemplar; individual White Bindings retain their own secondary expressions.""}","Curated developmental trajectory, not a class prison. Builder may alter optional choices and Binding ranks.","Builder evaluates actual basin overlap. Basin colors are structural energy identities only, never domain/element/power labels.",,False,ALPHA path candidate
SU-P023,Elementalist Manifestation Path 23,Summoner,Elemental summoning,"[""Genesis Expression"", ""Resonance"", ""Chirality""]","[""GF-0057"", ""GF-0058"", ""GF-0059"", ""RS-0111""]","[""Light Manifest"", ""Linked Sustain"", ""Manifestation Audit"", ""Localized Joint Reinforcement Augmentation""]","[""GE-0095"", ""GE-0096"", ""GE-0097"", ""GE-0098""]","[""Drake Manifestation — Carrier"", ""Drake Manifestation — Guard"", ""Drake Manifestation — Hunter"", ""Drake Manifestation — Scout""]","[""SE-0089"", ""SE-0090"", ""SE-0091""]","[""Mineral Colossus"", ""Mineral Drake"", ""Sand Wisp""]",Maintain non-sentient autonomous elemental manifestations; output/count compete against continuous fatigue and basin availability.,"{""Red"": ""Entry package; establishes minimum functional identity, usually with shallow-ranked Bindings."", ""Orange"": ""First support/depth additions improve reliability and efficiency."", ""Yellow"": ""Core Bindings begin operating as a deliberate synergistic package."", ""Green"": ""Mature operational path with sustained-use competence."", ""Blue"": ""Advanced specialization; basin/fatigue management and expensive depth dominate."", ""Violet"": ""Elite long-term expression of the path."", ""White"": ""Path-complete exemplar; individual White Bindings retain their own secondary expressions.""}","Curated developmental trajectory, not a class prison. Builder may alter optional choices and Binding ranks.","Builder evaluates actual basin overlap. Basin colors are structural energy identities only, never domain/element/power labels.",,False,ALPHA path candidate
SU-P024,Elementalist Manifestation Path 24,Summoner,Elemental summoning,"[""Genesis Expression"", ""Resonance"", ""Chirality""]","[""GF-0060"", ""GF-0061"", ""GF-0062"", ""RS-0116""]","[""Pack Link"", ""Parallel Focus"", ""Patrol Loop"", ""Localized Lower-Body Power Augmentation""]","[""GE-0102"", ""GE-0103"", ""GE-0104"", ""GE-0105""]","[""Falcon Manifestation — Hunter"", ""Falcon Manifestation — Scout"", ""Hound Manifestation — Breaker"", ""Hound Manifestation — Carrier""]","[""SE-0093"", ""SE-0094"", ""SE-0095""]","[""Sand Raptor"", ""Sand Serpent"", ""Sand Sentinel""]",Maintain non-sentient autonomous elemental manifestations; output/count compete against continuous fatigue and basin availability.,"{""Red"": ""Entry package; establishes minimum functional identity, usually with shallow-ranked Bindings."", ""Orange"": ""First support/depth additions improve reliability and efficiency."", ""Yellow"": ""Core Bindings begin operating as a deliberate synergistic package."", ""Green"": ""Mature operational path with sustained-use competence."", ""Blue"": ""Advanced specialization; basin/fatigue management and expensive depth dominate."", ""Violet"": ""Elite long-term expression of the path."", ""White"": ""Path-complete exemplar; individual White Bindings retain their own secondary expressions.""}","Curated developmental trajectory, not a class prison. Builder may alter optional choices and Binding ranks.","Builder evaluates actual basin overlap. Basin colors are structural energy identities only, never domain/element/power labels.",,False,ALPHA path candidate
SU-P025,Elementalist Manifestation Path 25,Summoner,Elemental summoning,"[""Genesis Expression"", ""Resonance"", ""Chirality""]","[""GF-0063"", ""GF-0064"", ""GF-0065"", ""RS-0121""]","[""Persistence Anchor"", ""Priority Stack"", ""Range Anchor"", ""Localized Organ Bracing Augmentation""]","[""GE-0109"", ""GE-0110"", ""GE-0111"", ""GE-0112""]","[""Leviathan Manifestation — Breaker"", ""Leviathan Manifestation — Carrier"", ""Leviathan Manifestation — Guard"", ""Leviathan Manifestation — Hunter""]","[""SE-0097"", ""SE-0098"", ""SE-0099""]","[""Sand Swarm"", ""Sand Stag"", ""Sand Colossus""]",Maintain non-sentient autonomous elemental manifestations; output/count compete against continuous fatigue and basin availability.,"{""Red"": ""Entry package; establishes minimum functional identity, usually with shallow-ranked Bindings."", ""Orange"": ""First support/depth additions improve reliability and efficiency."", ""Yellow"": ""Core Bindings begin operating as a deliberate synergistic package."", ""Green"": ""Mature operational path with sustained-use competence."", ""Blue"": ""Advanced specialization; basin/fatigue management and expensive depth dominate."", ""Violet"": ""Elite long-term expression of the path."", ""White"": ""Path-complete exemplar; individual White Bindings retain their own secondary expressions.""}","Curated developmental trajectory, not a class prison. Builder may alter optional choices and Binding ranks.","Builder evaluates actual basin overlap. Basin colors are structural energy identities only, never domain/element/power labels.",,False,ALPHA path candidate
SU-P026,Elementalist Manifestation Path 26,Summoner,Elemental summoning,"[""Genesis Expression"", ""Resonance"", ""Chirality""]","[""GF-0066"", ""GF-0067"", ""GF-0068"", ""RS-0126""]","[""Recall"", ""Reconstitute"", ""Remote Manifest"", ""Localized Recovery Rate Augmentation""]","[""GE-0116"", ""GE-0117"", ""GE-0118"", ""GE-0119""]","[""Moth Swarm Manifestation — Guard"", ""Moth Swarm Manifestation — Hunter"", ""Moth Swarm Manifestation — Scout"", ""Raptor Manifestation — Breaker""]","[""SE-0101"", ""SE-0102"", ""SE-0103""]","[""Glass Wisp"", ""Glass Hound"", ""Glass Raptor""]",Maintain non-sentient autonomous elemental manifestations; output/count compete against continuous fatigue and basin availability.,"{""Red"": ""Entry package; establishes minimum functional identity, usually with shallow-ranked Bindings."", ""Orange"": ""First support/depth additions improve reliability and efficiency."", ""Yellow"": ""Core Bindings begin operating as a deliberate synergistic package."", ""Green"": ""Mature operational path with sustained-use competence."", ""Blue"": ""Advanced specialization; basin/fatigue management and expensive depth dominate."", ""Violet"": ""Elite long-term expression of the path."", ""White"": ""Path-complete exemplar; individual White Bindings retain their own secondary expressions.""}","Curated developmental trajectory, not a class prison. Builder may alter optional choices and Binding ranks.","Builder evaluates actual basin overlap. Basin colors are structural energy identities only, never domain/element/power labels.",,False,ALPHA path candidate
SU-P027,Elementalist Manifestation Path 27,Summoner,Elemental summoning,"[""Genesis Expression"", ""Resonance"", ""Chirality""]","[""GF-0069"", ""GF-0070"", ""GF-0071"", ""RS-0131""]","[""Reserve Feed"", ""Return Route"", ""Return on Fatigue"", ""Localized Structural Resonance Augmentation""]","[""GE-0123"", ""GE-0124"", ""GE-0125"", ""GE-0126""]","[""Raptor Manifestation — Scout"", ""Serpent Manifestation — Breaker"", ""Serpent Manifestation — Carrier"", ""Serpent Manifestation — Guard""]","[""SE-0105"", ""SE-0106"", ""SE-0107""]","[""Glass Sentinel"", ""Glass Manta"", ""Glass Swarm""]",Maintain non-sentient autonomous elemental manifestations; output/count compete against continuous fatigue and basin availability.,"{""Red"": ""Entry package; establishes minimum functional identity, usually with shallow-ranked Bindings."", ""Orange"": ""First support/depth additions improve reliability and efficiency."", ""Yellow"": ""Core Bindings begin operating as a deliberate synergistic package."", ""Green"": ""Mature operational path with sustained-use competence."", ""Blue"": ""Advanced specialization; basin/fatigue management and expensive depth dominate."", ""Violet"": ""Elite long-term expression of the path."", ""White"": ""Path-complete exemplar; individual White Bindings retain their own secondary expressions.""}","Curated developmental trajectory, not a class prison. Builder may alter optional choices and Binding ranks.","Builder evaluates actual basin overlap. Basin colors are structural energy identities only, never domain/element/power labels.",,False,ALPHA path candidate
SU-P028,Elementalist Manifestation Path 28,Summoner,Elemental summoning,"[""Genesis Expression"", ""Resonance"", ""Chirality""]","[""GF-0072"", ""GF-0073"", ""GF-0074"", ""RS-0136""]","[""Sacrificial Guard"", ""Safe Dismissal"", ""Scout Relay"", ""Localized Upper-Body Power Augmentation""]","[""GE-0130"", ""GE-0131"", ""GE-0132"", ""GE-0133""]","[""Spider Manifestation — Carrier"", ""Spider Manifestation — Guard"", ""Spider Manifestation — Hunter"", ""Spider Manifestation — Scout""]","[""SE-0109"", ""SE-0110"", ""SE-0111""]","[""Glass Colossus"", ""Glass Drake"", ""Iron Wisp""]",Maintain non-sentient autonomous elemental manifestations; output/count compete against continuous fatigue and basin availability.,"{""Red"": ""Entry package; establishes minimum functional identity, usually with shallow-ranked Bindings."", ""Orange"": ""First support/depth additions improve reliability and efficiency."", ""Yellow"": ""Core Bindings begin operating as a deliberate synergistic package."", ""Green"": ""Mature operational path with sustained-use competence."", ""Blue"": ""Advanced specialization; basin/fatigue management and expensive depth dominate."", ""Violet"": ""Elite long-term expression of the path."", ""White"": ""Path-complete exemplar; individual White Bindings retain their own secondary expressions.""}","Curated developmental trajectory, not a class prison. Builder may alter optional choices and Binding ranks.","Builder evaluates actual basin overlap. Basin colors are structural energy identities only, never domain/element/power labels.",,True,ALPHA path candidate
SU-P029,Elementalist Manifestation Path 29,Summoner,Elemental summoning,"[""Genesis Expression"", ""Resonance"", ""Chirality""]","[""GF-0075"", ""GF-0076"", ""GF-0077"", ""RS-0141""]","[""Search Command"", ""Shared Hearing"", ""Shared Sight"", ""Overdrive Anaerobic Tolerance Augmentation""]","[""GE-0137"", ""GE-0138"", ""GE-0139"", ""GE-0140""]","[""Stag Manifestation — Hunter"", ""Stag Manifestation — Scout"", ""Wolf Manifestation — Breaker"", ""Wolf Manifestation — Carrier""]","[""SE-0113"", ""SE-0114"", ""SE-0115""]","[""Iron Raptor"", ""Iron Serpent"", ""Iron Sentinel""]",Maintain non-sentient autonomous elemental manifestations; output/count compete against continuous fatigue and basin availability.,"{""Red"": ""Entry package; establishes minimum functional identity, usually with shallow-ranked Bindings."", ""Orange"": ""First support/depth additions improve reliability and efficiency."", ""Yellow"": ""Core Bindings begin operating as a deliberate synergistic package."", ""Green"": ""Mature operational path with sustained-use competence."", ""Blue"": ""Advanced specialization; basin/fatigue management and expensive depth dominate."", ""Violet"": ""Elite long-term expression of the path."", ""White"": ""Path-complete exemplar; individual White Bindings retain their own secondary expressions.""}","Curated developmental trajectory, not a class prison. Builder may alter optional choices and Binding ranks.","Builder evaluates actual basin overlap. Basin colors are structural energy identities only, never domain/element/power labels.",,False,ALPHA path candidate
SU-P030,Elementalist Manifestation Path 30,Summoner,Elemental summoning,"[""Genesis Expression"", ""Resonance"", ""Chirality""]","[""GF-0078"", ""GF-0079"", ""GF-0080"", ""RS-0146""]","[""Silent Command"", ""Slow Manifest"", ""Split Focus"", ""Overdrive Cardiac Output Augmentation""]","[""GE-0144"", ""GE-0145"", ""GE-0146"", ""GE-0147""]","[""Forking Cryogenic Arc"", ""Single Cryogenic Arc"", ""Burst Cryogenic Beam"", ""Channeled Cryogenic Beam""]","[""SE-0117"", ""SE-0118"", ""SE-0119""]","[""Iron Swarm"", ""Iron Stag"", ""Iron Colossus""]",Maintain non-sentient autonomous elemental manifestations; output/count compete against continuous fatigue and basin availability.,"{""Red"": ""Entry package; establishes minimum functional identity, usually with shallow-ranked Bindings."", ""Orange"": ""First support/depth additions improve reliability and efficiency."", ""Yellow"": ""Core Bindings begin operating as a deliberate synergistic package."", ""Green"": ""Mature operational path with sustained-use competence."", ""Blue"": ""Advanced specialization; basin/fatigue management and expensive depth dominate."", ""Violet"": ""Elite long-term expression of the path."", ""White"": ""Path-complete exemplar; individual White Bindings retain their own secondary expressions.""}","Curated developmental trajectory, not a class prison. Builder may alter optional choices and Binding ranks.","Builder evaluates actual basin overlap. Basin colors are structural energy identities only, never domain/element/power labels.",,False,ALPHA path candidate
SU-P031,Elementalist Manifestation Path 31,Summoner,Elemental summoning,"[""Genesis Expression"", ""Resonance"", ""Chirality""]","[""GF-0081"", ""GF-0082"", ""GF-0083"", ""RS-0151""]","[""Summon Amplify"", ""Summon Barrier"", ""Summon Coherence"", ""Overdrive Dermal Reinforcement Augmentation""]","[""GE-0151"", ""GE-0152"", ""GE-0153"", ""GE-0154""]","[""Static Cryogenic Field"", ""Focused Cryogenic Jet"", ""Sweeping Cryogenic Jet"", ""Piercing Cryogenic Lance""]","[""SE-0121"", ""SE-0122"", ""SE-0123""]","[""Copper Wisp"", ""Copper Hound"", ""Copper Raptor""]",Maintain non-sentient autonomous elemental manifestations; output/count compete against continuous fatigue and basin availability.,"{""Red"": ""Entry package; establishes minimum functional identity, usually with shallow-ranked Bindings."", ""Orange"": ""First support/depth additions improve reliability and efficiency."", ""Yellow"": ""Core Bindings begin operating as a deliberate synergistic package."", ""Green"": ""Mature operational path with sustained-use competence."", ""Blue"": ""Advanced specialization; basin/fatigue management and expensive depth dominate."", ""Violet"": ""Elite long-term expression of the path."", ""White"": ""Path-complete exemplar; individual White Bindings retain their own secondary expressions.""}","Curated developmental trajectory, not a class prison. Builder may alter optional choices and Binding ranks.","Builder evaluates actual basin overlap. Basin colors are structural energy identities only, never domain/element/power labels.",,False,ALPHA path candidate
SU-P032,Elementalist Manifestation Path 32,Summoner,Elemental summoning,"[""Genesis Expression"", ""Resonance"", ""Chirality""]","[""GF-0084"", ""GF-0085"", ""GF-0086"", ""RS-0156""]","[""Summon Dampen"", ""Summon Handoff"", ""Summon Mark"", ""Overdrive Impact Frame Augmentation""]","[""GE-0158"", ""GE-0159"", ""GE-0160"", ""GE-0161""]","[""Overcharged Cryogenic Projectile"", ""Released Cryogenic Projectile"", ""Contracting Cryogenic Ring"", ""Expanding Cryogenic Ring""]","[""SE-0125"", ""SE-0126"", ""SE-0127""]","[""Copper Sentinel"", ""Copper Manta"", ""Copper Swarm""]",Maintain non-sentient autonomous elemental manifestations; output/count compete against continuous fatigue and basin availability.,"{""Red"": ""Entry package; establishes minimum functional identity, usually with shallow-ranked Bindings."", ""Orange"": ""First support/depth additions improve reliability and efficiency."", ""Yellow"": ""Core Bindings begin operating as a deliberate synergistic package."", ""Green"": ""Mature operational path with sustained-use competence."", ""Blue"": ""Advanced specialization; basin/fatigue management and expensive depth dominate."", ""Violet"": ""Elite long-term expression of the path."", ""White"": ""Path-complete exemplar; individual White Bindings retain their own secondary expressions.""}","Curated developmental trajectory, not a class prison. Builder may alter optional choices and Binding ranks.","Builder evaluates actual basin overlap. Basin colors are structural energy identities only, never domain/element/power labels.",,False,ALPHA path candidate
SU-P033,Elementalist Manifestation Path 33,Summoner,Elemental summoning,"[""Genesis Expression"", ""Resonance"", ""Chirality""]","[""GF-0087"", ""GF-0088"", ""GF-0089"", ""RS-0161""]","[""Target Share"", ""Shared Intercept Resolve"", ""Track Command"", ""Overdrive Localized Recovery Augmentation""]","[""GE-0165"", ""GE-0166"", ""GE-0167"", ""GE-0168""]","[""Single Electrical Arc"", ""Burst Electrical Beam"", ""Channeled Electrical Beam"", ""Implosive Electrical Burst""]","[""SE-0129"", ""SE-0130"", ""SE-0131""]","[""Copper Colossus"", ""Copper Drake"", ""Magnetic Wisp""]",Maintain non-sentient autonomous elemental manifestations; output/count compete against continuous fatigue and basin availability.,"{""Red"": ""Entry package; establishes minimum functional identity, usually with shallow-ranked Bindings."", ""Orange"": ""First support/depth additions improve reliability and efficiency."", ""Yellow"": ""Core Bindings begin operating as a deliberate synergistic package."", ""Green"": ""Mature operational path with sustained-use competence."", ""Blue"": ""Advanced specialization; basin/fatigue management and expensive depth dominate."", ""Violet"": ""Elite long-term expression of the path."", ""White"": ""Path-complete exemplar; individual White Bindings retain their own secondary expressions.""}","Curated developmental trajectory, not a class prison. Builder may alter optional choices and Binding ranks.","Builder evaluates actual basin overlap. Basin colors are structural energy identities only, never domain/element/power labels.",,False,ALPHA path candidate
SU-P034,Elementalist Manifestation Path 34,Summoner,Elemental summoning,"[""Genesis Expression"", ""Resonance"", ""Chirality""]","[""GF-0090"", ""GF-0041"", ""GF-0042"", ""RS-0166""]","[""Waypoint Lattice"", ""Basin Shedding"", ""Burst Manifest"", ""Overdrive Neural Conduction Augmentation""]","[""GE-0172"", ""GE-0173"", ""GE-0174"", ""GE-0175""]","[""Focused Electrical Jet"", ""Sweeping Electrical Jet"", ""Piercing Electrical Lance"", ""Staged Electrical Lance""]","[""SE-0133"", ""SE-0134"", ""SE-0135""]","[""Magnetic Raptor"", ""Magnetic Serpent"", ""Magnetic Sentinel""]",Maintain non-sentient autonomous elemental manifestations; output/count compete against continuous fatigue and basin availability.,"{""Red"": ""Entry package; establishes minimum functional identity, usually with shallow-ranked Bindings."", ""Orange"": ""First support/depth additions improve reliability and efficiency."", ""Yellow"": ""Core Bindings begin operating as a deliberate synergistic package."", ""Green"": ""Mature operational path with sustained-use competence."", ""Blue"": ""Advanced specialization; basin/fatigue management and expensive depth dominate."", ""Violet"": ""Elite long-term expression of the path."", ""White"": ""Path-complete exemplar; individual White Bindings retain their own secondary expressions.""}","Curated developmental trajectory, not a class prison. Builder may alter optional choices and Binding ranks.","Builder evaluates actual basin overlap. Basin colors are structural energy identities only, never domain/element/power labels.",,False,ALPHA path candidate
SU-P035,Elementalist Manifestation Path 35,Summoner,Elemental summoning,"[""Genesis Expression"", ""Resonance"", ""Chirality""]","[""GF-0043"", ""GF-0044"", ""GF-0045"", ""RS-0171""]","[""Command Relay"", ""Conditional Command"", ""Deep Manifest"", ""Overdrive Reaction Speed Augmentation""]","[""GE-0179"", ""GE-0180"", ""GE-0181"", ""GE-0182""]","[""Released Electrical Projectile"", ""Contracting Electrical Ring"", ""Expanding Electrical Ring"", ""Repeating Electrical Wave""]","[""SE-0137"", ""SE-0138"", ""SE-0139""]","[""Magnetic Swarm"", ""Magnetic Stag"", ""Magnetic Colossus""]",Maintain non-sentient autonomous elemental manifestations; output/count compete against continuous fatigue and basin availability.,"{""Red"": ""Entry package; establishes minimum functional identity, usually with shallow-ranked Bindings."", ""Orange"": ""First support/depth additions improve reliability and efficiency."", ""Yellow"": ""Core Bindings begin operating as a deliberate synergistic package."", ""Green"": ""Mature operational path with sustained-use competence."", ""Blue"": ""Advanced specialization; basin/fatigue management and expensive depth dominate."", ""Violet"": ""Elite long-term expression of the path."", ""White"": ""Path-complete exemplar; individual White Bindings retain their own secondary expressions.""}","Curated developmental trajectory, not a class prison. Builder may alter optional choices and Binding ranks.","Builder evaluates actual basin overlap. Basin colors are structural energy identities only, never domain/element/power labels.",,False,ALPHA path candidate
SU-P036,Elementalist Manifestation Path 36,Summoner,Elemental summoning,"[""Genesis Expression"", ""Resonance"", ""Chirality""]","[""GF-0046"", ""GF-0047"", ""GF-0048"", ""RS-0176""]","[""Dismiss"", ""Emergency Collapse"", ""Escort Command"", ""Overdrive Sprint Speed Augmentation""]","[""GE-0186"", ""GE-0187"", ""GE-0188"", ""GE-0189""]","[""Ash Hound Elemental"", ""Ash Raptor Elemental"", ""Ash Sentinel Elemental"", ""Ash Serpent Elemental""]","[""SE-0141"", ""SE-0142"", ""SE-0143""]","[""Photonic Wisp"", ""Photonic Hound"", ""Photonic Raptor""]",Maintain non-sentient autonomous elemental manifestations; output/count compete against continuous fatigue and basin availability.,"{""Red"": ""Entry package; establishes minimum functional identity, usually with shallow-ranked Bindings."", ""Orange"": ""First support/depth additions improve reliability and efficiency."", ""Yellow"": ""Core Bindings begin operating as a deliberate synergistic package."", ""Green"": ""Mature operational path with sustained-use competence."", ""Blue"": ""Advanced specialization; basin/fatigue management and expensive depth dominate."", ""Violet"": ""Elite long-term expression of the path."", ""White"": ""Path-complete exemplar; individual White Bindings retain their own secondary expressions.""}","Curated developmental trajectory, not a class prison. Builder may alter optional choices and Binding ranks.","Builder evaluates actual basin overlap. Basin colors are structural energy identities only, never domain/element/power labels.",,False,ALPHA path candidate
SU-P037,Elementalist Manifestation Path 37,Summoner,Elemental summoning,"[""Genesis Expression"", ""Resonance"", ""Chirality""]","[""GF-0049"", ""GF-0050"", ""GF-0051"", ""RS-0181""]","[""Extraction Carry"", ""Formation Link"", ""Guard Command"", ""Overdrive Turning Authority Augmentation""]","[""GE-0193"", ""GE-0194"", ""GE-0195"", ""GE-0196""]","[""Combustion Drake Elemental"", ""Combustion Hound Elemental"", ""Combustion Raptor Elemental"", ""Combustion Sentinel Elemental""]","[""SE-0145"", ""SE-0146"", ""SE-0147""]","[""Photonic Sentinel"", ""Photonic Manta"", ""Photonic Swarm""]",Maintain non-sentient autonomous elemental manifestations; output/count compete against continuous fatigue and basin availability.,"{""Red"": ""Entry package; establishes minimum functional identity, usually with shallow-ranked Bindings."", ""Orange"": ""First support/depth additions improve reliability and efficiency."", ""Yellow"": ""Core Bindings begin operating as a deliberate synergistic package."", ""Green"": ""Mature operational path with sustained-use competence."", ""Blue"": ""Advanced specialization; basin/fatigue management and expensive depth dominate."", ""Violet"": ""Elite long-term expression of the path."", ""White"": ""Path-complete exemplar; individual White Bindings retain their own secondary expressions.""}","Curated developmental trajectory, not a class prison. Builder may alter optional choices and Binding ranks.","Builder evaluates actual basin overlap. Basin colors are structural energy identities only, never domain/element/power labels.",,True,ALPHA path candidate
SU-P038,Elementalist Manifestation Path 38,Summoner,Elemental summoning,"[""Genesis Expression"", ""Resonance"", ""Chirality""]","[""GF-0052"", ""GF-0053"", ""GF-0054"", ""RS-0186""]","[""Harrier Command"", ""Hold Position"", ""Hunt Command"", ""Persistent Agility Augmentation""]","[""GE-0200"", ""GE-0201"", ""GE-0202"", ""GE-0203""]","[""Copper Colossus Elemental"", ""Copper Drake Elemental"", ""Copper Hound Elemental"", ""Copper Raptor Elemental""]","[""SE-0149"", ""SE-0150"", ""SE-0151""]","[""Photonic Colossus"", ""Photonic Drake"", ""Acoustic Wisp""]",Maintain non-sentient autonomous elemental manifestations; output/count compete against continuous fatigue and basin availability.,"{""Red"": ""Entry package; establishes minimum functional identity, usually with shallow-ranked Bindings."", ""Orange"": ""First support/depth additions improve reliability and efficiency."", ""Yellow"": ""Core Bindings begin operating as a deliberate synergistic package."", ""Green"": ""Mature operational path with sustained-use competence."", ""Blue"": ""Advanced specialization; basin/fatigue management and expensive depth dominate."", ""Violet"": ""Elite long-term expression of the path."", ""White"": ""Path-complete exemplar; individual White Bindings retain their own secondary expressions.""}","Curated developmental trajectory, not a class prison. Builder may alter optional choices and Binding ranks.","Builder evaluates actual basin overlap. Basin colors are structural energy identities only, never domain/element/power labels.",,False,ALPHA path candidate
SU-P039,Elementalist Manifestation Path 39,Summoner,Elemental summoning,"[""Genesis Expression"", ""Resonance"", ""Chirality""]","[""GF-0055"", ""GF-0056"", ""GF-0057"", ""RS-0191""]","[""Intercept Command"", ""Leash Boundary"", ""Light Manifest"", ""Persistent Burst Dash Augmentation""]","[""GE-0207"", ""GE-0208"", ""GE-0209"", ""GE-0210""]","[""Copper Wisp Elemental"", ""Glass Colossus Elemental"", ""Glass Drake Elemental"", ""Glass Hound Elemental""]","[""SE-0153"", ""SE-0154"", ""SE-0155""]","[""Acoustic Raptor"", ""Acoustic Serpent"", ""Acoustic Sentinel""]",Maintain non-sentient autonomous elemental manifestations; output/count compete against continuous fatigue and basin availability.,"{""Red"": ""Entry package; establishes minimum functional identity, usually with shallow-ranked Bindings."", ""Orange"": ""First support/depth additions improve reliability and efficiency."", ""Yellow"": ""Core Bindings begin operating as a deliberate synergistic package."", ""Green"": ""Mature operational path with sustained-use competence."", ""Blue"": ""Advanced specialization; basin/fatigue management and expensive depth dominate."", ""Violet"": ""Elite long-term expression of the path."", ""White"": ""Path-complete exemplar; individual White Bindings retain their own secondary expressions.""}","Curated developmental trajectory, not a class prison. Builder may alter optional choices and Binding ranks.","Builder evaluates actual basin overlap. Basin colors are structural energy identities only, never domain/element/power labels.",,False,ALPHA path candidate
SU-P040,Elementalist Manifestation Path 40,Summoner,Elemental summoning,"[""Genesis Expression"", ""Resonance"", ""Chirality""]","[""GF-0058"", ""GF-0059"", ""GF-0060"", ""RS-0196""]","[""Linked Sustain"", ""Manifestation Audit"", ""Pack Link"", ""Persistent Core Stability Augmentation""]","[""GE-0214"", ""GE-0215"", ""GE-0216"", ""GE-0217""]","[""Glass Swarm Elemental"", ""Glass Wisp Elemental"", ""Ice Colossus Elemental"", ""Ice Drake Elemental""]","[""SE-0157"", ""SE-0158"", ""SE-0159""]","[""Acoustic Swarm"", ""Acoustic Stag"", ""Acoustic Colossus""]",Maintain non-sentient autonomous elemental manifestations; output/count compete against continuous fatigue and basin availability.,"{""Red"": ""Entry package; establishes minimum functional identity, usually with shallow-ranked Bindings."", ""Orange"": ""First support/depth additions improve reliability and efficiency."", ""Yellow"": ""Core Bindings begin operating as a deliberate synergistic package."", ""Green"": ""Mature operational path with sustained-use competence."", ""Blue"": ""Advanced specialization; basin/fatigue management and expensive depth dominate."", ""Violet"": ""Elite long-term expression of the path."", ""White"": ""Path-complete exemplar; individual White Bindings retain their own secondary expressions.""}","Curated developmental trajectory, not a class prison. Builder may alter optional choices and Binding ranks.","Builder evaluates actual basin overlap. Basin colors are structural energy identities only, never domain/element/power labels.",,False,ALPHA path candidate
SU-P041,Creature-Pattern Manifestation Path 01,Summoner,Creature-pattern summoning,"[""Genesis Expression"", ""Resonance"", ""Chirality""]","[""GF-0041"", ""GF-0042"", ""GF-0043"", ""CH-0001""]","[""Basin Shedding"", ""Burst Manifest"", ""Command Relay"", ""Counter-Resolve Beam""]","[""RS-0001"", ""RS-0002"", ""RS-0003"", ""RS-0004""]","[""Adaptive Acceleration Augmentation"", ""Adaptive Agility Augmentation"", ""Adaptive Anaerobic Tolerance Augmentation"", ""Adaptive Auditory Filtering Augmentation""]","[""SE-0181"", ""SE-0182"", ""SE-0183""]","[""Resolved Pursuit Hound Pattern 1"", ""Resolved Aerial Hunter Pattern 1"", ""Resolved Burrower Pattern 1""]",Resolve non-sentient creature-like manifestations with validated autonomous behavior packages.,"{""Red"": ""Entry package; establishes minimum functional identity, usually with shallow-ranked Bindings."", ""Orange"": ""First support/depth additions improve reliability and efficiency."", ""Yellow"": ""Core Bindings begin operating as a deliberate synergistic package."", ""Green"": ""Mature operational path with sustained-use competence."", ""Blue"": ""Advanced specialization; basin/fatigue management and expensive depth dominate."", ""Violet"": ""Elite long-term expression of the path."", ""White"": ""Path-complete exemplar; individual White Bindings retain their own secondary expressions.""}","Curated developmental trajectory, not a class prison. Builder may alter optional choices and Binding ranks.","Builder evaluates actual basin overlap. Basin colors are structural energy identities only, never domain/element/power labels.",,True,ALPHA path candidate
SU-P042,Creature-Pattern Manifestation Path 02,Summoner,Creature-pattern summoning,"[""Genesis Expression"", ""Resonance"", ""Chirality""]","[""GF-0045"", ""GF-0046"", ""GF-0047"", ""CH-0004""]","[""Deep Manifest"", ""Dismiss"", ""Emergency Collapse"", ""Counter-Resolve Mark""]","[""RS-0006"", ""RS-0007"", ""RS-0008"", ""RS-0009""]","[""Adaptive Bone Reinforcement Augmentation"", ""Adaptive Burst Dash Augmentation"", ""Adaptive Cardiac Output Augmentation"", ""Adaptive Circulatory Efficiency Augmentation""]","[""SE-0183"", ""SE-0184"", ""SE-0185""]","[""Resolved Burrower Pattern 1"", ""Resolved Wall Crawler Pattern 1"", ""Resolved Guardian Pattern 1""]",Resolve non-sentient creature-like manifestations with validated autonomous behavior packages.,"{""Red"": ""Entry package; establishes minimum functional identity, usually with shallow-ranked Bindings."", ""Orange"": ""First support/depth additions improve reliability and efficiency."", ""Yellow"": ""Core Bindings begin operating as a deliberate synergistic package."", ""Green"": ""Mature operational path with sustained-use competence."", ""Blue"": ""Advanced specialization; basin/fatigue management and expensive depth dominate."", ""Violet"": ""Elite long-term expression of the path."", ""White"": ""Path-complete exemplar; individual White Bindings retain their own secondary expressions.""}","Curated developmental trajectory, not a class prison. Builder may alter optional choices and Binding ranks.","Builder evaluates actual basin overlap. Basin colors are structural energy identities only, never domain/element/power labels.",,False,ALPHA path candidate
SU-P043,Creature-Pattern Manifestation Path 03,Summoner,Creature-pattern summoning,"[""Genesis Expression"", ""Resonance"", ""Chirality""]","[""GF-0049"", ""GF-0050"", ""GF-0051"", ""CH-0007""]","[""Extraction Carry"", ""Formation Link"", ""Guard Command"", ""Dampen Beam""]","[""RS-0011"", ""RS-0012"", ""RS-0013"", ""RS-0014""]","[""Adaptive Cold Tolerance Augmentation"", ""Adaptive Core Stability Augmentation"", ""Adaptive Dermal Reinforcement Augmentation"", ""Adaptive Explosive Power Augmentation""]","[""SE-0185"", ""SE-0186"", ""SE-0187""]","[""Resolved Guardian Pattern 1"", ""Resolved Carrier Pattern 1"", ""Resolved Constricter Pattern 1""]",Resolve non-sentient creature-like manifestations with validated autonomous behavior packages.,"{""Red"": ""Entry package; establishes minimum functional identity, usually with shallow-ranked Bindings."", ""Orange"": ""First support/depth additions improve reliability and efficiency."", ""Yellow"": ""Core Bindings begin operating as a deliberate synergistic package."", ""Green"": ""Mature operational path with sustained-use competence."", ""Blue"": ""Advanced specialization; basin/fatigue management and expensive depth dominate."", ""Violet"": ""Elite long-term expression of the path."", ""White"": ""Path-complete exemplar; individual White Bindings retain their own secondary expressions.""}","Curated developmental trajectory, not a class prison. Builder may alter optional choices and Binding ranks.","Builder evaluates actual basin overlap. Basin colors are structural energy identities only, never domain/element/power labels.",,False,ALPHA path candidate
SU-P044,Creature-Pattern Manifestation Path 04,Summoner,Creature-pattern summoning,"[""Genesis Expression"", ""Resonance"", ""Chirality""]","[""GF-0053"", ""GF-0054"", ""GF-0055"", ""CH-0010""]","[""Hold Position"", ""Hunt Command"", ""Intercept Command"", ""Dampen Mark""]","[""RS-0016"", ""RS-0017"", ""RS-0018"", ""RS-0019""]","[""Adaptive Grip Strength Augmentation"", ""Adaptive Heat Shedding Augmentation"", ""Adaptive Impact Frame Augmentation"", ""Adaptive Joint Reinforcement Augmentation""]","[""SE-0187"", ""SE-0188"", ""SE-0189""]","[""Resolved Constricter Pattern 1"", ""Resolved Breaker Pattern 1"", ""Resolved Pursuit Hound Pattern 2""]",Resolve non-sentient creature-like manifestations with validated autonomous behavior packages.,"{""Red"": ""Entry package; establishes minimum functional identity, usually with shallow-ranked Bindings."", ""Orange"": ""First support/depth additions improve reliability and efficiency."", ""Yellow"": ""Core Bindings begin operating as a deliberate synergistic package."", ""Green"": ""Mature operational path with sustained-use competence."", ""Blue"": ""Advanced specialization; basin/fatigue management and expensive depth dominate."", ""Violet"": ""Elite long-term expression of the path."", ""White"": ""Path-complete exemplar; individual White Bindings retain their own secondary expressions.""}","Curated developmental trajectory, not a class prison. Builder may alter optional choices and Binding ranks.","Builder evaluates actual basin overlap. Basin colors are structural energy identities only, never domain/element/power labels.",,False,ALPHA path candidate
SU-P045,Creature-Pattern Manifestation Path 05,Summoner,Creature-pattern summoning,"[""Genesis Expression"", ""Resonance"", ""Chirality""]","[""GF-0057"", ""GF-0058"", ""GF-0059"", ""CH-0013""]","[""Light Manifest"", ""Linked Sustain"", ""Manifestation Audit"", ""Deflect Beam""]","[""RS-0021"", ""RS-0022"", ""RS-0023"", ""RS-0024""]","[""Adaptive Landing Tolerance Augmentation"", ""Adaptive Ligament Reinforcement Augmentation"", ""Adaptive Localized Recovery Augmentation"", ""Adaptive Lower-Body Power Augmentation""]","[""SE-0189"", ""SE-0190"", ""SE-0191""]","[""Resolved Pursuit Hound Pattern 2"", ""Resolved Aerial Hunter Pattern 2"", ""Resolved Burrower Pattern 2""]",Resolve non-sentient creature-like manifestations with validated autonomous behavior packages.,"{""Red"": ""Entry package; establishes minimum functional identity, usually with shallow-ranked Bindings."", ""Orange"": ""First support/depth additions improve reliability and efficiency."", ""Yellow"": ""Core Bindings begin operating as a deliberate synergistic package."", ""Green"": ""Mature operational path with sustained-use competence."", ""Blue"": ""Advanced specialization; basin/fatigue management and expensive depth dominate."", ""Violet"": ""Elite long-term expression of the path."", ""White"": ""Path-complete exemplar; individual White Bindings retain their own secondary expressions.""}","Curated developmental trajectory, not a class prison. Builder may alter optional choices and Binding ranks.","Builder evaluates actual basin overlap. Basin colors are structural energy identities only, never domain/element/power labels.",,False,ALPHA path candidate
SU-P046,Creature-Pattern Manifestation Path 06,Summoner,Creature-pattern summoning,"[""Genesis Expression"", ""Resonance"", ""Chirality""]","[""GF-0061"", ""GF-0062"", ""GF-0063"", ""CH-0016""]","[""Parallel Focus"", ""Patrol Loop"", ""Persistence Anchor"", ""Deflect Mark""]","[""RS-0026"", ""RS-0027"", ""RS-0028"", ""RS-0029""]","[""Adaptive Motor Precision Augmentation"", ""Adaptive Muscular Strength Augmentation"", ""Adaptive Neural Conduction Augmentation"", ""Adaptive Organ Bracing Augmentation""]","[""SE-0191"", ""SE-0192"", ""SE-0193""]","[""Resolved Burrower Pattern 2"", ""Resolved Wall Crawler Pattern 2"", ""Resolved Guardian Pattern 2""]",Resolve non-sentient creature-like manifestations with validated autonomous behavior packages.,"{""Red"": ""Entry package; establishes minimum functional identity, usually with shallow-ranked Bindings."", ""Orange"": ""First support/depth additions improve reliability and efficiency."", ""Yellow"": ""Core Bindings begin operating as a deliberate synergistic package."", ""Green"": ""Mature operational path with sustained-use competence."", ""Blue"": ""Advanced specialization; basin/fatigue management and expensive depth dominate."", ""Violet"": ""Elite long-term expression of the path."", ""White"": ""Path-complete exemplar; individual White Bindings retain their own secondary expressions.""}","Curated developmental trajectory, not a class prison. Builder may alter optional choices and Binding ranks.","Builder evaluates actual basin overlap. Basin colors are structural energy identities only, never domain/element/power labels.",,False,ALPHA path candidate
SU-P047,Creature-Pattern Manifestation Path 07,Summoner,Creature-pattern summoning,"[""Genesis Expression"", ""Resonance"", ""Chirality""]","[""GF-0065"", ""GF-0066"", ""GF-0067"", ""CH-0019""]","[""Range Anchor"", ""Recall"", ""Reconstitute"", ""Desynchronize Beam""]","[""RS-0031"", ""RS-0032"", ""RS-0033"", ""RS-0034""]","[""Adaptive Pressure Tolerance Augmentation"", ""Adaptive Proprioception Augmentation"", ""Adaptive Reaction Speed Augmentation"", ""Adaptive Recovery Rate Augmentation""]","[""SE-0193"", ""SE-0194"", ""SE-0195""]","[""Resolved Guardian Pattern 2"", ""Resolved Carrier Pattern 2"", ""Resolved Constricter Pattern 2""]",Resolve non-sentient creature-like manifestations with validated autonomous behavior packages.,"{""Red"": ""Entry package; establishes minimum functional identity, usually with shallow-ranked Bindings."", ""Orange"": ""First support/depth additions improve reliability and efficiency."", ""Yellow"": ""Core Bindings begin operating as a deliberate synergistic package."", ""Green"": ""Mature operational path with sustained-use competence."", ""Blue"": ""Advanced specialization; basin/fatigue management and expensive depth dominate."", ""Violet"": ""Elite long-term expression of the path."", ""White"": ""Path-complete exemplar; individual White Bindings retain their own secondary expressions.""}","Curated developmental trajectory, not a class prison. Builder may alter optional choices and Binding ranks.","Builder evaluates actual basin overlap. Basin colors are structural energy identities only, never domain/element/power labels.",,False,ALPHA path candidate
SU-P048,Creature-Pattern Manifestation Path 08,Summoner,Creature-pattern summoning,"[""Genesis Expression"", ""Resonance"", ""Chirality""]","[""GF-0069"", ""GF-0070"", ""GF-0071"", ""CH-0022""]","[""Reserve Feed"", ""Return Route"", ""Return on Fatigue"", ""Desynchronize Mark""]","[""RS-0036"", ""RS-0037"", ""RS-0038"", ""RS-0039""]","[""Adaptive Shock Tolerance Augmentation"", ""Adaptive Spinal Reinforcement Augmentation"", ""Adaptive Sprint Speed Augmentation"", ""Adaptive Structural Resonance Augmentation""]","[""SE-0195"", ""SE-0196"", ""SE-0197""]","[""Resolved Constricter Pattern 2"", ""Resolved Breaker Pattern 2"", ""Resolved Pursuit Hound Pattern 3""]",Resolve non-sentient creature-like manifestations with validated autonomous behavior packages.,"{""Red"": ""Entry package; establishes minimum functional identity, usually with shallow-ranked Bindings."", ""Orange"": ""First support/depth additions improve reliability and efficiency."", ""Yellow"": ""Core Bindings begin operating as a deliberate synergistic package."", ""Green"": ""Mature operational path with sustained-use competence."", ""Blue"": ""Advanced specialization; basin/fatigue management and expensive depth dominate."", ""Violet"": ""Elite long-term expression of the path."", ""White"": ""Path-complete exemplar; individual White Bindings retain their own secondary expressions.""}","Curated developmental trajectory, not a class prison. Builder may alter optional choices and Binding ranks.","Builder evaluates actual basin overlap. Basin colors are structural energy identities only, never domain/element/power labels.",,False,ALPHA path candidate
SU-P049,Creature-Pattern Manifestation Path 09,Summoner,Creature-pattern summoning,"[""Genesis Expression"", ""Resonance"", ""Chirality""]","[""GF-0073"", ""GF-0074"", ""GF-0075"", ""CH-0025""]","[""Safe Dismissal"", ""Scout Relay"", ""Search Command"", ""Interrupt Beam""]","[""RS-0041"", ""RS-0042"", ""RS-0043"", ""RS-0044""]","[""Adaptive Swimming Output Augmentation"", ""Adaptive Tendon Reinforcement Augmentation"", ""Adaptive Turning Authority Augmentation"", ""Adaptive Upper-Body Power Augmentation""]","[""SE-0197"", ""SE-0198"", ""SE-0199""]","[""Resolved Pursuit Hound Pattern 3"", ""Resolved Aerial Hunter Pattern 3"", ""Resolved Burrower Pattern 3""]",Resolve non-sentient creature-like manifestations with validated autonomous behavior packages.,"{""Red"": ""Entry package; establishes minimum functional identity, usually with shallow-ranked Bindings."", ""Orange"": ""First support/depth additions improve reliability and efficiency."", ""Yellow"": ""Core Bindings begin operating as a deliberate synergistic package."", ""Green"": ""Mature operational path with sustained-use competence."", ""Blue"": ""Advanced specialization; basin/fatigue management and expensive depth dominate."", ""Violet"": ""Elite long-term expression of the path."", ""White"": ""Path-complete exemplar; individual White Bindings retain their own secondary expressions.""}","Curated developmental trajectory, not a class prison. Builder may alter optional choices and Binding ranks.","Builder evaluates actual basin overlap. Basin colors are structural energy identities only, never domain/element/power labels.",,True,ALPHA path candidate
SU-P050,Creature-Pattern Manifestation Path 10,Summoner,Creature-pattern summoning,"[""Genesis Expression"", ""Resonance"", ""Chirality""]","[""GF-0077"", ""GF-0078"", ""GF-0079"", ""CH-0028""]","[""Shared Sight"", ""Silent Command"", ""Slow Manifest"", ""Interrupt Mark""]","[""RS-0046"", ""RS-0047"", ""RS-0048"", ""RS-0049""]","[""Adaptive Visual Tracking Augmentation"", ""Burst Acceleration Augmentation"", ""Burst Agility Augmentation"", ""Burst Anaerobic Tolerance Augmentation""]","[""SE-0199"", ""SE-0200"", ""SE-0201""]","[""Resolved Burrower Pattern 3"", ""Resolved Wall Crawler Pattern 3"", ""Resolved Guardian Pattern 3""]",Resolve non-sentient creature-like manifestations with validated autonomous behavior packages.,"{""Red"": ""Entry package; establishes minimum functional identity, usually with shallow-ranked Bindings."", ""Orange"": ""First support/depth additions improve reliability and efficiency."", ""Yellow"": ""Core Bindings begin operating as a deliberate synergistic package."", ""Green"": ""Mature operational path with sustained-use competence."", ""Blue"": ""Advanced specialization; basin/fatigue management and expensive depth dominate."", ""Violet"": ""Elite long-term expression of the path."", ""White"": ""Path-complete exemplar; individual White Bindings retain their own secondary expressions.""}","Curated developmental trajectory, not a class prison. Builder may alter optional choices and Binding ranks.","Builder evaluates actual basin overlap. Basin colors are structural energy identities only, never domain/element/power labels.",,False,ALPHA path candidate
SU-P051,Creature-Pattern Manifestation Path 11,Summoner,Creature-pattern summoning,"[""Genesis Expression"", ""Resonance"", ""Chirality""]","[""GF-0081"", ""GF-0082"", ""GF-0083"", ""CH-0031""]","[""Summon Amplify"", ""Summon Barrier"", ""Summon Coherence"", ""Saturate Beam""]","[""RS-0051"", ""RS-0052"", ""RS-0053"", ""RS-0054""]","[""Burst Balance Augmentation"", ""Burst Bone Reinforcement Augmentation"", ""Burst Burst Dash Augmentation"", ""Burst Cardiac Output Augmentation""]","[""SE-0201"", ""SE-0202"", ""SE-0203""]","[""Resolved Guardian Pattern 3"", ""Resolved Carrier Pattern 3"", ""Resolved Constricter Pattern 3""]",Resolve non-sentient creature-like manifestations with validated autonomous behavior packages.,"{""Red"": ""Entry package; establishes minimum functional identity, usually with shallow-ranked Bindings."", ""Orange"": ""First support/depth additions improve reliability and efficiency."", ""Yellow"": ""Core Bindings begin operating as a deliberate synergistic package."", ""Green"": ""Mature operational path with sustained-use competence."", ""Blue"": ""Advanced specialization; basin/fatigue management and expensive depth dominate."", ""Violet"": ""Elite long-term expression of the path."", ""White"": ""Path-complete exemplar; individual White Bindings retain their own secondary expressions.""}","Curated developmental trajectory, not a class prison. Builder may alter optional choices and Binding ranks.","Builder evaluates actual basin overlap. Basin colors are structural energy identities only, never domain/element/power labels.",,False,ALPHA path candidate
SU-P052,Creature-Pattern Manifestation Path 12,Summoner,Creature-pattern summoning,"[""Genesis Expression"", ""Resonance"", ""Chirality""]","[""GF-0085"", ""GF-0086"", ""GF-0087"", ""CH-0034""]","[""Summon Handoff"", ""Summon Mark"", ""Target Share"", ""Saturate Mark""]","[""RS-0056"", ""RS-0057"", ""RS-0058"", ""RS-0059""]","[""Burst Climbing Output Augmentation"", ""Burst Cold Tolerance Augmentation"", ""Burst Core Stability Augmentation"", ""Burst Dermal Reinforcement Augmentation""]","[""SE-0203"", ""SE-0204"", ""SE-0205""]","[""Resolved Constricter Pattern 3"", ""Resolved Breaker Pattern 3"", ""Resolved Pursuit Hound Pattern 4""]",Resolve non-sentient creature-like manifestations with validated autonomous behavior packages.,"{""Red"": ""Entry package; establishes minimum functional identity, usually with shallow-ranked Bindings."", ""Orange"": ""First support/depth additions improve reliability and efficiency."", ""Yellow"": ""Core Bindings begin operating as a deliberate synergistic package."", ""Green"": ""Mature operational path with sustained-use competence."", ""Blue"": ""Advanced specialization; basin/fatigue management and expensive depth dominate."", ""Violet"": ""Elite long-term expression of the path."", ""White"": ""Path-complete exemplar; individual White Bindings retain their own secondary expressions.""}","Curated developmental trajectory, not a class prison. Builder may alter optional choices and Binding ranks.","Builder evaluates actual basin overlap. Basin colors are structural energy identities only, never domain/element/power labels.",,False,ALPHA path candidate
SU-P053,Creature-Pattern Manifestation Path 13,Summoner,Creature-pattern summoning,"[""Genesis Expression"", ""Resonance"", ""Chirality""]","[""GF-0089"", ""GF-0090"", ""GF-0041"", ""CH-0037""]","[""Track Command"", ""Waypoint Lattice"", ""Basin Shedding"", ""Scatter Beam""]","[""RS-0061"", ""RS-0062"", ""RS-0063"", ""RS-0064""]","[""Burst Fatigue Resistance Augmentation"", ""Burst Grip Strength Augmentation"", ""Burst Heat Shedding Augmentation"", ""Burst Impact Frame Augmentation""]","[""SE-0205"", ""SE-0206"", ""SE-0207""]","[""Resolved Pursuit Hound Pattern 4"", ""Resolved Aerial Hunter Pattern 4"", ""Resolved Burrower Pattern 4""]",Resolve non-sentient creature-like manifestations with validated autonomous behavior packages.,"{""Red"": ""Entry package; establishes minimum functional identity, usually with shallow-ranked Bindings."", ""Orange"": ""First support/depth additions improve reliability and efficiency."", ""Yellow"": ""Core Bindings begin operating as a deliberate synergistic package."", ""Green"": ""Mature operational path with sustained-use competence."", ""Blue"": ""Advanced specialization; basin/fatigue management and expensive depth dominate."", ""Violet"": ""Elite long-term expression of the path."", ""White"": ""Path-complete exemplar; individual White Bindings retain their own secondary expressions.""}","Curated developmental trajectory, not a class prison. Builder may alter optional choices and Binding ranks.","Builder evaluates actual basin overlap. Basin colors are structural energy identities only, never domain/element/power labels.",,False,ALPHA path candidate
SU-P054,Creature-Pattern Manifestation Path 14,Summoner,Creature-pattern summoning,"[""Genesis Expression"", ""Resonance"", ""Chirality""]","[""GF-0043"", ""GF-0044"", ""GF-0045"", ""CH-0040""]","[""Command Relay"", ""Conditional Command"", ""Deep Manifest"", ""Scatter Mark""]","[""RS-0066"", ""RS-0067"", ""RS-0068"", ""RS-0069""]","[""Burst Jump Power Augmentation"", ""Burst Landing Tolerance Augmentation"", ""Burst Ligament Reinforcement Augmentation"", ""Burst Localized Recovery Augmentation""]","[""SE-0207"", ""SE-0208"", ""SE-0209""]","[""Resolved Burrower Pattern 4"", ""Resolved Wall Crawler Pattern 4"", ""Resolved Guardian Pattern 4""]",Resolve non-sentient creature-like manifestations with validated autonomous behavior packages.,"{""Red"": ""Entry package; establishes minimum functional identity, usually with shallow-ranked Bindings."", ""Orange"": ""First support/depth additions improve reliability and efficiency."", ""Yellow"": ""Core Bindings begin operating as a deliberate synergistic package."", ""Green"": ""Mature operational path with sustained-use competence."", ""Blue"": ""Advanced specialization; basin/fatigue management and expensive depth dominate."", ""Violet"": ""Elite long-term expression of the path."", ""White"": ""Path-complete exemplar; individual White Bindings retain their own secondary expressions.""}","Curated developmental trajectory, not a class prison. Builder may alter optional choices and Binding ranks.","Builder evaluates actual basin overlap. Basin colors are structural energy identities only, never domain/element/power labels.",,False,ALPHA path candidate
SU-P055,Creature-Pattern Manifestation Path 15,Summoner,Creature-pattern summoning,"[""Genesis Expression"", ""Resonance"", ""Chirality""]","[""GF-0047"", ""GF-0048"", ""GF-0049"", ""CH-0043""]","[""Emergency Collapse"", ""Escort Command"", ""Extraction Carry"", ""Sever Beam""]","[""RS-0071"", ""RS-0072"", ""RS-0073"", ""RS-0074""]","[""Burst Metabolic Efficiency Augmentation"", ""Burst Motor Precision Augmentation"", ""Burst Muscular Strength Augmentation"", ""Burst Neural Conduction Augmentation""]","[""SE-0209"", ""SE-0210"", ""SE-0211""]","[""Resolved Guardian Pattern 4"", ""Resolved Carrier Pattern 4"", ""Resolved Constricter Pattern 4""]",Resolve non-sentient creature-like manifestations with validated autonomous behavior packages.,"{""Red"": ""Entry package; establishes minimum functional identity, usually with shallow-ranked Bindings."", ""Orange"": ""First support/depth additions improve reliability and efficiency."", ""Yellow"": ""Core Bindings begin operating as a deliberate synergistic package."", ""Green"": ""Mature operational path with sustained-use competence."", ""Blue"": ""Advanced specialization; basin/fatigue management and expensive depth dominate."", ""Violet"": ""Elite long-term expression of the path."", ""White"": ""Path-complete exemplar; individual White Bindings retain their own secondary expressions.""}","Curated developmental trajectory, not a class prison. Builder may alter optional choices and Binding ranks.","Builder evaluates actual basin overlap. Basin colors are structural energy identities only, never domain/element/power labels.",,False,ALPHA path candidate
SU-P056,Creature-Pattern Manifestation Path 16,Summoner,Creature-pattern summoning,"[""Genesis Expression"", ""Resonance"", ""Chirality""]","[""GF-0051"", ""GF-0052"", ""GF-0053"", ""CH-0046""]","[""Guard Command"", ""Harrier Command"", ""Hold Position"", ""Sever Mark""]","[""RS-0076"", ""RS-0077"", ""RS-0078"", ""RS-0079""]","[""Burst Pain Gating Augmentation"", ""Burst Pressure Tolerance Augmentation"", ""Burst Proprioception Augmentation"", ""Burst Reaction Speed Augmentation""]","[""SE-0211"", ""SE-0212"", ""SE-0213""]","[""Resolved Constricter Pattern 4"", ""Resolved Breaker Pattern 4"", ""Resolved Pursuit Hound Pattern 5""]",Resolve non-sentient creature-like manifestations with validated autonomous behavior packages.,"{""Red"": ""Entry package; establishes minimum functional identity, usually with shallow-ranked Bindings."", ""Orange"": ""First support/depth additions improve reliability and efficiency."", ""Yellow"": ""Core Bindings begin operating as a deliberate synergistic package."", ""Green"": ""Mature operational path with sustained-use competence."", ""Blue"": ""Advanced specialization; basin/fatigue management and expensive depth dominate."", ""Violet"": ""Elite long-term expression of the path."", ""White"": ""Path-complete exemplar; individual White Bindings retain their own secondary expressions.""}","Curated developmental trajectory, not a class prison. Builder may alter optional choices and Binding ranks.","Builder evaluates actual basin overlap. Basin colors are structural energy identities only, never domain/element/power labels.",,False,ALPHA path candidate
SU-P057,Creature-Pattern Manifestation Path 17,Summoner,Creature-pattern summoning,"[""Genesis Expression"", ""Resonance"", ""Chirality""]","[""GF-0055"", ""GF-0056"", ""GF-0057"", ""CH-0049""]","[""Intercept Command"", ""Leash Boundary"", ""Light Manifest"", ""Suppress Beam""]","[""RS-0081"", ""RS-0082"", ""RS-0083"", ""RS-0084""]","[""Burst Respiratory Throughput Augmentation"", ""Burst Shock Tolerance Augmentation"", ""Burst Spinal Reinforcement Augmentation"", ""Burst Sprint Speed Augmentation""]","[""SE-0213"", ""SE-0214"", ""SE-0215""]","[""Resolved Pursuit Hound Pattern 5"", ""Resolved Aerial Hunter Pattern 5"", ""Resolved Burrower Pattern 5""]",Resolve non-sentient creature-like manifestations with validated autonomous behavior packages.,"{""Red"": ""Entry package; establishes minimum functional identity, usually with shallow-ranked Bindings."", ""Orange"": ""First support/depth additions improve reliability and efficiency."", ""Yellow"": ""Core Bindings begin operating as a deliberate synergistic package."", ""Green"": ""Mature operational path with sustained-use competence."", ""Blue"": ""Advanced specialization; basin/fatigue management and expensive depth dominate."", ""Violet"": ""Elite long-term expression of the path."", ""White"": ""Path-complete exemplar; individual White Bindings retain their own secondary expressions.""}","Curated developmental trajectory, not a class prison. Builder may alter optional choices and Binding ranks.","Builder evaluates actual basin overlap. Basin colors are structural energy identities only, never domain/element/power labels.",,True,ALPHA path candidate
SU-P058,Creature-Pattern Manifestation Path 18,Summoner,Creature-pattern summoning,"[""Genesis Expression"", ""Resonance"", ""Chirality""]","[""GF-0059"", ""GF-0060"", ""GF-0061"", ""CH-0052""]","[""Manifestation Audit"", ""Pack Link"", ""Parallel Focus"", ""Suppress Mark""]","[""RS-0086"", ""RS-0087"", ""RS-0088"", ""RS-0089""]","[""Burst Sustained Run Augmentation"", ""Burst Swimming Output Augmentation"", ""Burst Tendon Reinforcement Augmentation"", ""Burst Turning Authority Augmentation""]","[""SE-0215"", ""SE-0216"", ""SE-0217""]","[""Resolved Burrower Pattern 5"", ""Resolved Wall Crawler Pattern 5"", ""Resolved Guardian Pattern 5""]",Resolve non-sentient creature-like manifestations with validated autonomous behavior packages.,"{""Red"": ""Entry package; establishes minimum functional identity, usually with shallow-ranked Bindings."", ""Orange"": ""First support/depth additions improve reliability and efficiency."", ""Yellow"": ""Core Bindings begin operating as a deliberate synergistic package."", ""Green"": ""Mature operational path with sustained-use competence."", ""Blue"": ""Advanced specialization; basin/fatigue management and expensive depth dominate."", ""Violet"": ""Elite long-term expression of the path."", ""White"": ""Path-complete exemplar; individual White Bindings retain their own secondary expressions.""}","Curated developmental trajectory, not a class prison. Builder may alter optional choices and Binding ranks.","Builder evaluates actual basin overlap. Basin colors are structural energy identities only, never domain/element/power labels.",,False,ALPHA path candidate
SU-P059,Creature-Pattern Manifestation Path 19,Summoner,Creature-pattern summoning,"[""Genesis Expression"", ""Resonance"", ""Chirality""]","[""GF-0063"", ""GF-0064"", ""GF-0065"", ""CH-0055""]","[""Persistence Anchor"", ""Priority Stack"", ""Range Anchor"", ""Unanchor Beam""]","[""RS-0091"", ""RS-0092"", ""RS-0093"", ""RS-0094""]","[""Burst Vestibular Control Augmentation"", ""Burst Visual Tracking Augmentation"", ""Localized Acceleration Augmentation"", ""Localized Agility Augmentation""]","[""SE-0217"", ""SE-0218"", ""SE-0219""]","[""Resolved Guardian Pattern 5"", ""Resolved Carrier Pattern 5"", ""Resolved Constricter Pattern 5""]",Resolve non-sentient creature-like manifestations with validated autonomous behavior packages.,"{""Red"": ""Entry package; establishes minimum functional identity, usually with shallow-ranked Bindings."", ""Orange"": ""First support/depth additions improve reliability and efficiency."", ""Yellow"": ""Core Bindings begin operating as a deliberate synergistic package."", ""Green"": ""Mature operational path with sustained-use competence."", ""Blue"": ""Advanced specialization; basin/fatigue management and expensive depth dominate."", ""Violet"": ""Elite long-term expression of the path."", ""White"": ""Path-complete exemplar; individual White Bindings retain their own secondary expressions.""}","Curated developmental trajectory, not a class prison. Builder may alter optional choices and Binding ranks.","Builder evaluates actual basin overlap. Basin colors are structural energy identities only, never domain/element/power labels.",,False,ALPHA path candidate
SU-P060,Creature-Pattern Manifestation Path 20,Summoner,Creature-pattern summoning,"[""Genesis Expression"", ""Resonance"", ""Chirality""]","[""GF-0067"", ""GF-0068"", ""GF-0069"", ""CH-0058""]","[""Reconstitute"", ""Remote Manifest"", ""Reserve Feed"", ""Unanchor Mark""]","[""RS-0096"", ""RS-0097"", ""RS-0098"", ""RS-0099""]","[""Localized Auditory Filtering Augmentation"", ""Localized Balance Augmentation"", ""Localized Bone Reinforcement Augmentation"", ""Localized Burst Dash Augmentation""]","[""SE-0219"", ""SE-0220"", ""SE-0181""]","[""Resolved Constricter Pattern 5"", ""Resolved Breaker Pattern 5"", ""Resolved Pursuit Hound Pattern 1""]",Resolve non-sentient creature-like manifestations with validated autonomous behavior packages.,"{""Red"": ""Entry package; establishes minimum functional identity, usually with shallow-ranked Bindings."", ""Orange"": ""First support/depth additions improve reliability and efficiency."", ""Yellow"": ""Core Bindings begin operating as a deliberate synergistic package."", ""Green"": ""Mature operational path with sustained-use competence."", ""Blue"": ""Advanced specialization; basin/fatigue management and expensive depth dominate."", ""Violet"": ""Elite long-term expression of the path."", ""White"": ""Path-complete exemplar; individual White Bindings retain their own secondary expressions.""}","Curated developmental trajectory, not a class prison. Builder may alter optional choices and Binding ranks.","Builder evaluates actual basin overlap. Basin colors are structural energy identities only, never domain/element/power labels.",,False,ALPHA path candidate
