"registry","key","name","pricing_class","red_base_cost","rationale","semantic_features"
"summon","SE-0001","Combustion Wisp","FOUNDATIONAL","600","Scale Tiny; control low; sustain low continuous sustain relative to ordinary manifestations of the same rank.; role scout / harrier; persistence evaluated. Element identity is excluded.","scale=Tiny;control=low;load=low continuous sustain relative to ordinary manifestations of the same rank.;role=scout / harrier;mobility=aerial drift;persistence=hours at baseline competent use; rank/competency can change this substantially."
"summon","SE-0002","Combustion Hound","COMMON_SPECIALIZATION","2050","Scale Small; control moderate; sustain moderate continuous sustain relative to ordinary manifestations of the same rank.; role pursuit / interception; persistence evaluated. Element identity is excluded.","scale=Small;control=moderate;load=moderate continuous sustain relative to ordinary manifestations of the same rank.;role=pursuit / interception;mobility=ground sprint / leap;persistence=1–3 hours at baseline competent use; rank/competency can change this substantially."
"summon","SE-0003","Combustion Raptor","COMMON_SPECIALIZATION","2150","Scale Small; control moderate; sustain moderate continuous sustain relative to ordinary manifestations of the same rank.; role aerial pursuit / strike; persistence evaluated. Element identity is excluded.","scale=Small;control=moderate;load=moderate continuous sustain relative to ordinary manifestations of the same rank.;role=aerial pursuit / strike;mobility=aerial flight;persistence=45–120 minutes at baseline competent use; rank/competency can change this substantially."
"summon","SE-0004","Combustion Serpent","ADVANCED","2900","Scale Medium; control moderate; sustain moderate continuous sustain relative to ordinary manifestations of the same rank.; role constriction / lane control; persistence evaluated. Element identity is excluded.","scale=Medium;control=moderate;load=moderate continuous sustain relative to ordinary manifestations of the same rank.;role=constriction / lane control;mobility=ground slither / climbing;persistence=45–120 minutes at baseline competent use; rank/competency can change this substantially."
"summon","SE-0005","Combustion Sentinel","COMMON_SPECIALIZATION","2100","Scale Medium; control low-to-moderate; sustain low-to-moderate continuous sustain relative to ordinary manifestations of the same rank.; role guard / intercept; persistence evaluated. Element identity is excluded.","scale=Medium;control=low-to-moderate;load=low-to-moderate continuous sustain relative to ordinary manifestations of the same rank.;role=guard / intercept;mobility=slow ground / stationary;persistence=2–6 hours at baseline competent use; rank/competency can change this substantially."
"summon","SE-0006","Combustion Manta","ADVANCED","2900","Scale Medium; control moderate; sustain moderate continuous sustain relative to ordinary manifestations of the same rank.; role screening / area control; persistence evaluated. Element identity is excluded.","scale=Medium;control=moderate;load=moderate continuous sustain relative to ordinary manifestations of the same rank.;role=screening / area control;mobility=aerial glide;persistence=30–90 minutes at baseline competent use; rank/competency can change this substantially."
"summon","SE-0007","Combustion Swarm","POWERFUL","5000","Scale Variable; control high; sustain high continuous sustain relative to ordinary manifestations of the same rank.; role harassment / saturation; persistence evaluated. Element identity is excluded.","scale=Variable;control=high;load=high continuous sustain relative to ordinary manifestations of the same rank.;role=harassment / saturation;mobility=distributed flight/ground motion;persistence=15–45 minutes at baseline competent use; rank/competency can change this substantially."
"summon","SE-0008","Combustion Stag","ADVANCED","4550","Scale Large; control high; sustain high continuous sustain relative to ordinary manifestations of the same rank.; role carrier / charge / extraction; persistence evaluated. Element identity is excluded.","scale=Large;control=high;load=high continuous sustain relative to ordinary manifestations of the same rank.;role=carrier / charge / extraction;mobility=ground sprint;persistence=20–60 minutes at baseline competent use; rank/competency can change this substantially."
"summon","SE-0009","Combustion Colossus","POWERFUL","7600","Scale Huge; control very high; sustain very high continuous sustain relative to ordinary manifestations of the same rank.; role breaker / siege / protection; persistence evaluated. Element identity is excluded.","scale=Huge;control=very high;load=very high continuous sustain relative to ordinary manifestations of the same rank.;role=breaker / siege / protection;mobility=slow ground;persistence=2–10 minutes at baseline competent use; rank/competency can change this substantially."
"summon","SE-0010","Combustion Drake","POWERFUL","8700","Scale Huge; control extreme; sustain extreme continuous sustain relative to ordinary manifestations of the same rank.; role high-output assault; persistence evaluated. Element identity is excluded.","scale=Huge;control=extreme;load=extreme continuous sustain relative to ordinary manifestations of the same rank.;role=high-output assault;mobility=aerial / ground;persistence=30 seconds–5 minutes at baseline competent use; rank/competency can change this substantially."
"summon","SE-0011","Plasma Wisp","FOUNDATIONAL","600","Scale Tiny; control low; sustain low continuous sustain relative to ordinary manifestations of the same rank.; role scout / harrier; persistence evaluated. Element identity is excluded.","scale=Tiny;control=low;load=low continuous sustain relative to ordinary manifestations of the same rank.;role=scout / harrier;mobility=aerial drift;persistence=hours at baseline competent use; rank/competency can change this substantially."
"summon","SE-0012","Plasma Hound","COMMON_SPECIALIZATION","2050","Scale Small; control moderate; sustain moderate continuous sustain relative to ordinary manifestations of the same rank.; role pursuit / interception; persistence evaluated. Element identity is excluded.","scale=Small;control=moderate;load=moderate continuous sustain relative to ordinary manifestations of the same rank.;role=pursuit / interception;mobility=ground sprint / leap;persistence=1–3 hours at baseline competent use; rank/competency can change this substantially."
"summon","SE-0013","Plasma Raptor","COMMON_SPECIALIZATION","2150","Scale Small; control moderate; sustain moderate continuous sustain relative to ordinary manifestations of the same rank.; role aerial pursuit / strike; persistence evaluated. Element identity is excluded.","scale=Small;control=moderate;load=moderate continuous sustain relative to ordinary manifestations of the same rank.;role=aerial pursuit / strike;mobility=aerial flight;persistence=45–120 minutes at baseline competent use; rank/competency can change this substantially."
"summon","SE-0014","Plasma Serpent","ADVANCED","2900","Scale Medium; control moderate; sustain moderate continuous sustain relative to ordinary manifestations of the same rank.; role constriction / lane control; persistence evaluated. Element identity is excluded.","scale=Medium;control=moderate;load=moderate continuous sustain relative to ordinary manifestations of the same rank.;role=constriction / lane control;mobility=ground slither / climbing;persistence=45–120 minutes at baseline competent use; rank/competency can change this substantially."
"summon","SE-0015","Plasma Sentinel","COMMON_SPECIALIZATION","2100","Scale Medium; control low-to-moderate; sustain low-to-moderate continuous sustain relative to ordinary manifestations of the same rank.; role guard / intercept; persistence evaluated. Element identity is excluded.","scale=Medium;control=low-to-moderate;load=low-to-moderate continuous sustain relative to ordinary manifestations of the same rank.;role=guard / intercept;mobility=slow ground / stationary;persistence=2–6 hours at baseline competent use; rank/competency can change this substantially."
"summon","SE-0016","Plasma Manta","ADVANCED","2900","Scale Medium; control moderate; sustain moderate continuous sustain relative to ordinary manifestations of the same rank.; role screening / area control; persistence evaluated. Element identity is excluded.","scale=Medium;control=moderate;load=moderate continuous sustain relative to ordinary manifestations of the same rank.;role=screening / area control;mobility=aerial glide;persistence=30–90 minutes at baseline competent use; rank/competency can change this substantially."
"summon","SE-0017","Plasma Swarm","POWERFUL","5000","Scale Variable; control high; sustain high continuous sustain relative to ordinary manifestations of the same rank.; role harassment / saturation; persistence evaluated. Element identity is excluded.","scale=Variable;control=high;load=high continuous sustain relative to ordinary manifestations of the same rank.;role=harassment / saturation;mobility=distributed flight/ground motion;persistence=15–45 minutes at baseline competent use; rank/competency can change this substantially."
"summon","SE-0018","Plasma Stag","ADVANCED","4550","Scale Large; control high; sustain high continuous sustain relative to ordinary manifestations of the same rank.; role carrier / charge / extraction; persistence evaluated. Element identity is excluded.","scale=Large;control=high;load=high continuous sustain relative to ordinary manifestations of the same rank.;role=carrier / charge / extraction;mobility=ground sprint;persistence=20–60 minutes at baseline competent use; rank/competency can change this substantially."
"summon","SE-0019","Plasma Colossus","POWERFUL","7600","Scale Huge; control very high; sustain very high continuous sustain relative to ordinary manifestations of the same rank.; role breaker / siege / protection; persistence evaluated. Element identity is excluded.","scale=Huge;control=very high;load=very high continuous sustain relative to ordinary manifestations of the same rank.;role=breaker / siege / protection;mobility=slow ground;persistence=2–10 minutes at baseline competent use; rank/competency can change this substantially."
"summon","SE-0020","Plasma Drake","POWERFUL","8700","Scale Huge; control extreme; sustain extreme continuous sustain relative to ordinary manifestations of the same rank.; role high-output assault; persistence evaluated. Element identity is excluded.","scale=Huge;control=extreme;load=extreme continuous sustain relative to ordinary manifestations of the same rank.;role=high-output assault;mobility=aerial / ground;persistence=30 seconds–5 minutes at baseline competent use; rank/competency can change this substantially."
"summon","SE-0021","Lightning Wisp","FOUNDATIONAL","600","Scale Tiny; control low; sustain low continuous sustain relative to ordinary manifestations of the same rank.; role scout / harrier; persistence evaluated. Element identity is excluded.","scale=Tiny;control=low;load=low continuous sustain relative to ordinary manifestations of the same rank.;role=scout / harrier;mobility=aerial drift;persistence=hours at baseline competent use; rank/competency can change this substantially."
"summon","SE-0022","Lightning Hound","COMMON_SPECIALIZATION","2050","Scale Small; control moderate; sustain moderate continuous sustain relative to ordinary manifestations of the same rank.; role pursuit / interception; persistence evaluated. Element identity is excluded.","scale=Small;control=moderate;load=moderate continuous sustain relative to ordinary manifestations of the same rank.;role=pursuit / interception;mobility=ground sprint / leap;persistence=1–3 hours at baseline competent use; rank/competency can change this substantially."
"summon","SE-0023","Lightning Raptor","COMMON_SPECIALIZATION","2150","Scale Small; control moderate; sustain moderate continuous sustain relative to ordinary manifestations of the same rank.; role aerial pursuit / strike; persistence evaluated. Element identity is excluded.","scale=Small;control=moderate;load=moderate continuous sustain relative to ordinary manifestations of the same rank.;role=aerial pursuit / strike;mobility=aerial flight;persistence=45–120 minutes at baseline competent use; rank/competency can change this substantially."
"summon","SE-0024","Lightning Serpent","ADVANCED","2900","Scale Medium; control moderate; sustain moderate continuous sustain relative to ordinary manifestations of the same rank.; role constriction / lane control; persistence evaluated. Element identity is excluded.","scale=Medium;control=moderate;load=moderate continuous sustain relative to ordinary manifestations of the same rank.;role=constriction / lane control;mobility=ground slither / climbing;persistence=45–120 minutes at baseline competent use; rank/competency can change this substantially."
"summon","SE-0025","Lightning Sentinel","COMMON_SPECIALIZATION","2100","Scale Medium; control low-to-moderate; sustain low-to-moderate continuous sustain relative to ordinary manifestations of the same rank.; role guard / intercept; persistence evaluated. Element identity is excluded.","scale=Medium;control=low-to-moderate;load=low-to-moderate continuous sustain relative to ordinary manifestations of the same rank.;role=guard / intercept;mobility=slow ground / stationary;persistence=2–6 hours at baseline competent use; rank/competency can change this substantially."
"summon","SE-0026","Lightning Manta","ADVANCED","2900","Scale Medium; control moderate; sustain moderate continuous sustain relative to ordinary manifestations of the same rank.; role screening / area control; persistence evaluated. Element identity is excluded.","scale=Medium;control=moderate;load=moderate continuous sustain relative to ordinary manifestations of the same rank.;role=screening / area control;mobility=aerial glide;persistence=30–90 minutes at baseline competent use; rank/competency can change this substantially."
"summon","SE-0027","Lightning Swarm","POWERFUL","5000","Scale Variable; control high; sustain high continuous sustain relative to ordinary manifestations of the same rank.; role harassment / saturation; persistence evaluated. Element identity is excluded.","scale=Variable;control=high;load=high continuous sustain relative to ordinary manifestations of the same rank.;role=harassment / saturation;mobility=distributed flight/ground motion;persistence=15–45 minutes at baseline competent use; rank/competency can change this substantially."
"summon","SE-0028","Lightning Stag","ADVANCED","4550","Scale Large; control high; sustain high continuous sustain relative to ordinary manifestations of the same rank.; role carrier / charge / extraction; persistence evaluated. Element identity is excluded.","scale=Large;control=high;load=high continuous sustain relative to ordinary manifestations of the same rank.;role=carrier / charge / extraction;mobility=ground sprint;persistence=20–60 minutes at baseline competent use; rank/competency can change this substantially."
"summon","SE-0029","Lightning Colossus","POWERFUL","7600","Scale Huge; control very high; sustain very high continuous sustain relative to ordinary manifestations of the same rank.; role breaker / siege / protection; persistence evaluated. Element identity is excluded.","scale=Huge;control=very high;load=very high continuous sustain relative to ordinary manifestations of the same rank.;role=breaker / siege / protection;mobility=slow ground;persistence=2–10 minutes at baseline competent use; rank/competency can change this substantially."
"summon","SE-0030","Lightning Drake","POWERFUL","8700","Scale Huge; control extreme; sustain extreme continuous sustain relative to ordinary manifestations of the same rank.; role high-output assault; persistence evaluated. Element identity is excluded.","scale=Huge;control=extreme;load=extreme continuous sustain relative to ordinary manifestations of the same rank.;role=high-output assault;mobility=aerial / ground;persistence=30 seconds–5 minutes at baseline competent use; rank/competency can change this substantially."
"summon","SE-0031","Thermal Wisp","FOUNDATIONAL","600","Scale Tiny; control low; sustain low continuous sustain relative to ordinary manifestations of the same rank.; role scout / harrier; persistence evaluated. Element identity is excluded.","scale=Tiny;control=low;load=low continuous sustain relative to ordinary manifestations of the same rank.;role=scout / harrier;mobility=aerial drift;persistence=hours at baseline competent use; rank/competency can change this substantially."
"summon","SE-0032","Thermal Hound","COMMON_SPECIALIZATION","2050","Scale Small; control moderate; sustain moderate continuous sustain relative to ordinary manifestations of the same rank.; role pursuit / interception; persistence evaluated. Element identity is excluded.","scale=Small;control=moderate;load=moderate continuous sustain relative to ordinary manifestations of the same rank.;role=pursuit / interception;mobility=ground sprint / leap;persistence=1–3 hours at baseline competent use; rank/competency can change this substantially."
"summon","SE-0033","Thermal Raptor","COMMON_SPECIALIZATION","2150","Scale Small; control moderate; sustain moderate continuous sustain relative to ordinary manifestations of the same rank.; role aerial pursuit / strike; persistence evaluated. Element identity is excluded.","scale=Small;control=moderate;load=moderate continuous sustain relative to ordinary manifestations of the same rank.;role=aerial pursuit / strike;mobility=aerial flight;persistence=45–120 minutes at baseline competent use; rank/competency can change this substantially."
"summon","SE-0034","Thermal Serpent","ADVANCED","2900","Scale Medium; control moderate; sustain moderate continuous sustain relative to ordinary manifestations of the same rank.; role constriction / lane control; persistence evaluated. Element identity is excluded.","scale=Medium;control=moderate;load=moderate continuous sustain relative to ordinary manifestations of the same rank.;role=constriction / lane control;mobility=ground slither / climbing;persistence=45–120 minutes at baseline competent use; rank/competency can change this substantially."
"summon","SE-0035","Thermal Sentinel","COMMON_SPECIALIZATION","2100","Scale Medium; control low-to-moderate; sustain low-to-moderate continuous sustain relative to ordinary manifestations of the same rank.; role guard / intercept; persistence evaluated. Element identity is excluded.","scale=Medium;control=low-to-moderate;load=low-to-moderate continuous sustain relative to ordinary manifestations of the same rank.;role=guard / intercept;mobility=slow ground / stationary;persistence=2–6 hours at baseline competent use; rank/competency can change this substantially."
"summon","SE-0036","Thermal Manta","ADVANCED","2900","Scale Medium; control moderate; sustain moderate continuous sustain relative to ordinary manifestations of the same rank.; role screening / area control; persistence evaluated. Element identity is excluded.","scale=Medium;control=moderate;load=moderate continuous sustain relative to ordinary manifestations of the same rank.;role=screening / area control;mobility=aerial glide;persistence=30–90 minutes at baseline competent use; rank/competency can change this substantially."
"summon","SE-0037","Thermal Swarm","POWERFUL","5000","Scale Variable; control high; sustain high continuous sustain relative to ordinary manifestations of the same rank.; role harassment / saturation; persistence evaluated. Element identity is excluded.","scale=Variable;control=high;load=high continuous sustain relative to ordinary manifestations of the same rank.;role=harassment / saturation;mobility=distributed flight/ground motion;persistence=15–45 minutes at baseline competent use; rank/competency can change this substantially."
"summon","SE-0038","Thermal Stag","ADVANCED","4550","Scale Large; control high; sustain high continuous sustain relative to ordinary manifestations of the same rank.; role carrier / charge / extraction; persistence evaluated. Element identity is excluded.","scale=Large;control=high;load=high continuous sustain relative to ordinary manifestations of the same rank.;role=carrier / charge / extraction;mobility=ground sprint;persistence=20–60 minutes at baseline competent use; rank/competency can change this substantially."
"summon","SE-0039","Thermal Colossus","POWERFUL","7600","Scale Huge; control very high; sustain very high continuous sustain relative to ordinary manifestations of the same rank.; role breaker / siege / protection; persistence evaluated. Element identity is excluded.","scale=Huge;control=very high;load=very high continuous sustain relative to ordinary manifestations of the same rank.;role=breaker / siege / protection;mobility=slow ground;persistence=2–10 minutes at baseline competent use; rank/competency can change this substantially."
"summon","SE-0040","Thermal Drake","POWERFUL","8700","Scale Huge; control extreme; sustain extreme continuous sustain relative to ordinary manifestations of the same rank.; role high-output assault; persistence evaluated. Element identity is excluded.","scale=Huge;control=extreme;load=extreme continuous sustain relative to ordinary manifestations of the same rank.;role=high-output assault;mobility=aerial / ground;persistence=30 seconds–5 minutes at baseline competent use; rank/competency can change this substantially."
"summon","SE-0041","Cryogenic Wisp","FOUNDATIONAL","600","Scale Tiny; control low; sustain low continuous sustain relative to ordinary manifestations of the same rank.; role scout / harrier; persistence evaluated. Element identity is excluded.","scale=Tiny;control=low;load=low continuous sustain relative to ordinary manifestations of the same rank.;role=scout / harrier;mobility=aerial drift;persistence=hours at baseline competent use; rank/competency can change this substantially."
"summon","SE-0042","Cryogenic Hound","COMMON_SPECIALIZATION","2050","Scale Small; control moderate; sustain moderate continuous sustain relative to ordinary manifestations of the same rank.; role pursuit / interception; persistence evaluated. Element identity is excluded.","scale=Small;control=moderate;load=moderate continuous sustain relative to ordinary manifestations of the same rank.;role=pursuit / interception;mobility=ground sprint / leap;persistence=1–3 hours at baseline competent use; rank/competency can change this substantially."
"summon","SE-0043","Cryogenic Raptor","COMMON_SPECIALIZATION","2150","Scale Small; control moderate; sustain moderate continuous sustain relative to ordinary manifestations of the same rank.; role aerial pursuit / strike; persistence evaluated. Element identity is excluded.","scale=Small;control=moderate;load=moderate continuous sustain relative to ordinary manifestations of the same rank.;role=aerial pursuit / strike;mobility=aerial flight;persistence=45–120 minutes at baseline competent use; rank/competency can change this substantially."
"summon","SE-0044","Cryogenic Serpent","ADVANCED","2900","Scale Medium; control moderate; sustain moderate continuous sustain relative to ordinary manifestations of the same rank.; role constriction / lane control; persistence evaluated. Element identity is excluded.","scale=Medium;control=moderate;load=moderate continuous sustain relative to ordinary manifestations of the same rank.;role=constriction / lane control;mobility=ground slither / climbing;persistence=45–120 minutes at baseline competent use; rank/competency can change this substantially."
"summon","SE-0045","Cryogenic Sentinel","COMMON_SPECIALIZATION","2100","Scale Medium; control low-to-moderate; sustain low-to-moderate continuous sustain relative to ordinary manifestations of the same rank.; role guard / intercept; persistence evaluated. Element identity is excluded.","scale=Medium;control=low-to-moderate;load=low-to-moderate continuous sustain relative to ordinary manifestations of the same rank.;role=guard / intercept;mobility=slow ground / stationary;persistence=2–6 hours at baseline competent use; rank/competency can change this substantially."
"summon","SE-0046","Cryogenic Manta","ADVANCED","2900","Scale Medium; control moderate; sustain moderate continuous sustain relative to ordinary manifestations of the same rank.; role screening / area control; persistence evaluated. Element identity is excluded.","scale=Medium;control=moderate;load=moderate continuous sustain relative to ordinary manifestations of the same rank.;role=screening / area control;mobility=aerial glide;persistence=30–90 minutes at baseline competent use; rank/competency can change this substantially."
"summon","SE-0047","Cryogenic Swarm","POWERFUL","5000","Scale Variable; control high; sustain high continuous sustain relative to ordinary manifestations of the same rank.; role harassment / saturation; persistence evaluated. Element identity is excluded.","scale=Variable;control=high;load=high continuous sustain relative to ordinary manifestations of the same rank.;role=harassment / saturation;mobility=distributed flight/ground motion;persistence=15–45 minutes at baseline competent use; rank/competency can change this substantially."
"summon","SE-0048","Cryogenic Stag","ADVANCED","4550","Scale Large; control high; sustain high continuous sustain relative to ordinary manifestations of the same rank.; role carrier / charge / extraction; persistence evaluated. Element identity is excluded.","scale=Large;control=high;load=high continuous sustain relative to ordinary manifestations of the same rank.;role=carrier / charge / extraction;mobility=ground sprint;persistence=20–60 minutes at baseline competent use; rank/competency can change this substantially."
"summon","SE-0049","Cryogenic Colossus","POWERFUL","7600","Scale Huge; control very high; sustain very high continuous sustain relative to ordinary manifestations of the same rank.; role breaker / siege / protection; persistence evaluated. Element identity is excluded.","scale=Huge;control=very high;load=very high continuous sustain relative to ordinary manifestations of the same rank.;role=breaker / siege / protection;mobility=slow ground;persistence=2–10 minutes at baseline competent use; rank/competency can change this substantially."
"summon","SE-0050","Cryogenic Drake","POWERFUL","8700","Scale Huge; control extreme; sustain extreme continuous sustain relative to ordinary manifestations of the same rank.; role high-output assault; persistence evaluated. Element identity is excluded.","scale=Huge;control=extreme;load=extreme continuous sustain relative to ordinary manifestations of the same rank.;role=high-output assault;mobility=aerial / ground;persistence=30 seconds–5 minutes at baseline competent use; rank/competency can change this substantially."
"summon","SE-0051","Steam Wisp","FOUNDATIONAL","600","Scale Tiny; control low; sustain low continuous sustain relative to ordinary manifestations of the same rank.; role scout / harrier; persistence evaluated. Element identity is excluded.","scale=Tiny;control=low;load=low continuous sustain relative to ordinary manifestations of the same rank.;role=scout / harrier;mobility=aerial drift;persistence=hours at baseline competent use; rank/competency can change this substantially."
"summon","SE-0052","Steam Hound","COMMON_SPECIALIZATION","2050","Scale Small; control moderate; sustain moderate continuous sustain relative to ordinary manifestations of the same rank.; role pursuit / interception; persistence evaluated. Element identity is excluded.","scale=Small;control=moderate;load=moderate continuous sustain relative to ordinary manifestations of the same rank.;role=pursuit / interception;mobility=ground sprint / leap;persistence=1–3 hours at baseline competent use; rank/competency can change this substantially."
"summon","SE-0053","Steam Raptor","COMMON_SPECIALIZATION","2150","Scale Small; control moderate; sustain moderate continuous sustain relative to ordinary manifestations of the same rank.; role aerial pursuit / strike; persistence evaluated. Element identity is excluded.","scale=Small;control=moderate;load=moderate continuous sustain relative to ordinary manifestations of the same rank.;role=aerial pursuit / strike;mobility=aerial flight;persistence=45–120 minutes at baseline competent use; rank/competency can change this substantially."
"summon","SE-0054","Steam Serpent","ADVANCED","2900","Scale Medium; control moderate; sustain moderate continuous sustain relative to ordinary manifestations of the same rank.; role constriction / lane control; persistence evaluated. Element identity is excluded.","scale=Medium;control=moderate;load=moderate continuous sustain relative to ordinary manifestations of the same rank.;role=constriction / lane control;mobility=ground slither / climbing;persistence=45–120 minutes at baseline competent use; rank/competency can change this substantially."
"summon","SE-0055","Steam Sentinel","COMMON_SPECIALIZATION","2100","Scale Medium; control low-to-moderate; sustain low-to-moderate continuous sustain relative to ordinary manifestations of the same rank.; role guard / intercept; persistence evaluated. Element identity is excluded.","scale=Medium;control=low-to-moderate;load=low-to-moderate continuous sustain relative to ordinary manifestations of the same rank.;role=guard / intercept;mobility=slow ground / stationary;persistence=2–6 hours at baseline competent use; rank/competency can change this substantially."
"summon","SE-0056","Steam Manta","ADVANCED","2900","Scale Medium; control moderate; sustain moderate continuous sustain relative to ordinary manifestations of the same rank.; role screening / area control; persistence evaluated. Element identity is excluded.","scale=Medium;control=moderate;load=moderate continuous sustain relative to ordinary manifestations of the same rank.;role=screening / area control;mobility=aerial glide;persistence=30–90 minutes at baseline competent use; rank/competency can change this substantially."
"summon","SE-0057","Steam Swarm","POWERFUL","5000","Scale Variable; control high; sustain high continuous sustain relative to ordinary manifestations of the same rank.; role harassment / saturation; persistence evaluated. Element identity is excluded.","scale=Variable;control=high;load=high continuous sustain relative to ordinary manifestations of the same rank.;role=harassment / saturation;mobility=distributed flight/ground motion;persistence=15–45 minutes at baseline competent use; rank/competency can change this substantially."
"summon","SE-0058","Steam Stag","ADVANCED","4550","Scale Large; control high; sustain high continuous sustain relative to ordinary manifestations of the same rank.; role carrier / charge / extraction; persistence evaluated. Element identity is excluded.","scale=Large;control=high;load=high continuous sustain relative to ordinary manifestations of the same rank.;role=carrier / charge / extraction;mobility=ground sprint;persistence=20–60 minutes at baseline competent use; rank/competency can change this substantially."
"summon","SE-0059","Steam Colossus","POWERFUL","7600","Scale Huge; control very high; sustain very high continuous sustain relative to ordinary manifestations of the same rank.; role breaker / siege / protection; persistence evaluated. Element identity is excluded.","scale=Huge;control=very high;load=very high continuous sustain relative to ordinary manifestations of the same rank.;role=breaker / siege / protection;mobility=slow ground;persistence=2–10 minutes at baseline competent use; rank/competency can change this substantially."
"summon","SE-0060","Steam Drake","POWERFUL","8700","Scale Huge; control extreme; sustain extreme continuous sustain relative to ordinary manifestations of the same rank.; role high-output assault; persistence evaluated. Element identity is excluded.","scale=Huge;control=extreme;load=extreme continuous sustain relative to ordinary manifestations of the same rank.;role=high-output assault;mobility=aerial / ground;persistence=30 seconds–5 minutes at baseline competent use; rank/competency can change this substantially."
"summon","SE-0061","Atmospheric Wisp","FOUNDATIONAL","600","Scale Tiny; control low; sustain low continuous sustain relative to ordinary manifestations of the same rank.; role scout / harrier; persistence evaluated. Element identity is excluded.","scale=Tiny;control=low;load=low continuous sustain relative to ordinary manifestations of the same rank.;role=scout / harrier;mobility=aerial drift;persistence=hours at baseline competent use; rank/competency can change this substantially."
"summon","SE-0062","Atmospheric Hound","COMMON_SPECIALIZATION","2050","Scale Small; control moderate; sustain moderate continuous sustain relative to ordinary manifestations of the same rank.; role pursuit / interception; persistence evaluated. Element identity is excluded.","scale=Small;control=moderate;load=moderate continuous sustain relative to ordinary manifestations of the same rank.;role=pursuit / interception;mobility=ground sprint / leap;persistence=1–3 hours at baseline competent use; rank/competency can change this substantially."
"summon","SE-0063","Atmospheric Raptor","COMMON_SPECIALIZATION","2150","Scale Small; control moderate; sustain moderate continuous sustain relative to ordinary manifestations of the same rank.; role aerial pursuit / strike; persistence evaluated. Element identity is excluded.","scale=Small;control=moderate;load=moderate continuous sustain relative to ordinary manifestations of the same rank.;role=aerial pursuit / strike;mobility=aerial flight;persistence=45–120 minutes at baseline competent use; rank/competency can change this substantially."
"summon","SE-0064","Atmospheric Serpent","ADVANCED","2900","Scale Medium; control moderate; sustain moderate continuous sustain relative to ordinary manifestations of the same rank.; role constriction / lane control; persistence evaluated. Element identity is excluded.","scale=Medium;control=moderate;load=moderate continuous sustain relative to ordinary manifestations of the same rank.;role=constriction / lane control;mobility=ground slither / climbing;persistence=45–120 minutes at baseline competent use; rank/competency can change this substantially."
"summon","SE-0065","Atmospheric Sentinel","COMMON_SPECIALIZATION","2100","Scale Medium; control low-to-moderate; sustain low-to-moderate continuous sustain relative to ordinary manifestations of the same rank.; role guard / intercept; persistence evaluated. Element identity is excluded.","scale=Medium;control=low-to-moderate;load=low-to-moderate continuous sustain relative to ordinary manifestations of the same rank.;role=guard / intercept;mobility=slow ground / stationary;persistence=2–6 hours at baseline competent use; rank/competency can change this substantially."
"summon","SE-0066","Atmospheric Manta","ADVANCED","2900","Scale Medium; control moderate; sustain moderate continuous sustain relative to ordinary manifestations of the same rank.; role screening / area control; persistence evaluated. Element identity is excluded.","scale=Medium;control=moderate;load=moderate continuous sustain relative to ordinary manifestations of the same rank.;role=screening / area control;mobility=aerial glide;persistence=30–90 minutes at baseline competent use; rank/competency can change this substantially."
"summon","SE-0067","Atmospheric Swarm","POWERFUL","5000","Scale Variable; control high; sustain high continuous sustain relative to ordinary manifestations of the same rank.; role harassment / saturation; persistence evaluated. Element identity is excluded.","scale=Variable;control=high;load=high continuous sustain relative to ordinary manifestations of the same rank.;role=harassment / saturation;mobility=distributed flight/ground motion;persistence=15–45 minutes at baseline competent use; rank/competency can change this substantially."
"summon","SE-0068","Atmospheric Stag","ADVANCED","4550","Scale Large; control high; sustain high continuous sustain relative to ordinary manifestations of the same rank.; role carrier / charge / extraction; persistence evaluated. Element identity is excluded.","scale=Large;control=high;load=high continuous sustain relative to ordinary manifestations of the same rank.;role=carrier / charge / extraction;mobility=ground sprint;persistence=20–60 minutes at baseline competent use; rank/competency can change this substantially."
"summon","SE-0069","Atmospheric Colossus","POWERFUL","7600","Scale Huge; control very high; sustain very high continuous sustain relative to ordinary manifestations of the same rank.; role breaker / siege / protection; persistence evaluated. Element identity is excluded.","scale=Huge;control=very high;load=very high continuous sustain relative to ordinary manifestations of the same rank.;role=breaker / siege / protection;mobility=slow ground;persistence=2–10 minutes at baseline competent use; rank/competency can change this substantially."
"summon","SE-0070","Atmospheric Drake","POWERFUL","8700","Scale Huge; control extreme; sustain extreme continuous sustain relative to ordinary manifestations of the same rank.; role high-output assault; persistence evaluated. Element identity is excluded.","scale=Huge;control=extreme;load=extreme continuous sustain relative to ordinary manifestations of the same rank.;role=high-output assault;mobility=aerial / ground;persistence=30 seconds–5 minutes at baseline competent use; rank/competency can change this substantially."
"summon","SE-0071","Water Wisp","FOUNDATIONAL","600","Scale Tiny; control low; sustain low continuous sustain relative to ordinary manifestations of the same rank.; role scout / harrier; persistence evaluated. Element identity is excluded.","scale=Tiny;control=low;load=low continuous sustain relative to ordinary manifestations of the same rank.;role=scout / harrier;mobility=aerial drift;persistence=hours at baseline competent use; rank/competency can change this substantially."
"summon","SE-0072","Water Hound","COMMON_SPECIALIZATION","2050","Scale Small; control moderate; sustain moderate continuous sustain relative to ordinary manifestations of the same rank.; role pursuit / interception; persistence evaluated. Element identity is excluded.","scale=Small;control=moderate;load=moderate continuous sustain relative to ordinary manifestations of the same rank.;role=pursuit / interception;mobility=ground sprint / leap;persistence=1–3 hours at baseline competent use; rank/competency can change this substantially."
"summon","SE-0073","Water Raptor","COMMON_SPECIALIZATION","2150","Scale Small; control moderate; sustain moderate continuous sustain relative to ordinary manifestations of the same rank.; role aerial pursuit / strike; persistence evaluated. Element identity is excluded.","scale=Small;control=moderate;load=moderate continuous sustain relative to ordinary manifestations of the same rank.;role=aerial pursuit / strike;mobility=aerial flight;persistence=45–120 minutes at baseline competent use; rank/competency can change this substantially."
"summon","SE-0074","Water Serpent","ADVANCED","2900","Scale Medium; control moderate; sustain moderate continuous sustain relative to ordinary manifestations of the same rank.; role constriction / lane control; persistence evaluated. Element identity is excluded.","scale=Medium;control=moderate;load=moderate continuous sustain relative to ordinary manifestations of the same rank.;role=constriction / lane control;mobility=ground slither / climbing;persistence=45–120 minutes at baseline competent use; rank/competency can change this substantially."
"summon","SE-0075","Water Sentinel","COMMON_SPECIALIZATION","2100","Scale Medium; control low-to-moderate; sustain low-to-moderate continuous sustain relative to ordinary manifestations of the same rank.; role guard / intercept; persistence evaluated. Element identity is excluded.","scale=Medium;control=low-to-moderate;load=low-to-moderate continuous sustain relative to ordinary manifestations of the same rank.;role=guard / intercept;mobility=slow ground / stationary;persistence=2–6 hours at baseline competent use; rank/competency can change this substantially."
"summon","SE-0076","Water Manta","ADVANCED","2900","Scale Medium; control moderate; sustain moderate continuous sustain relative to ordinary manifestations of the same rank.; role screening / area control; persistence evaluated. Element identity is excluded.","scale=Medium;control=moderate;load=moderate continuous sustain relative to ordinary manifestations of the same rank.;role=screening / area control;mobility=aerial glide;persistence=30–90 minutes at baseline competent use; rank/competency can change this substantially."
"summon","SE-0077","Water Swarm","POWERFUL","5000","Scale Variable; control high; sustain high continuous sustain relative to ordinary manifestations of the same rank.; role harassment / saturation; persistence evaluated. Element identity is excluded.","scale=Variable;control=high;load=high continuous sustain relative to ordinary manifestations of the same rank.;role=harassment / saturation;mobility=distributed flight/ground motion;persistence=15–45 minutes at baseline competent use; rank/competency can change this substantially."
"summon","SE-0078","Water Stag","ADVANCED","4550","Scale Large; control high; sustain high continuous sustain relative to ordinary manifestations of the same rank.; role carrier / charge / extraction; persistence evaluated. Element identity is excluded.","scale=Large;control=high;load=high continuous sustain relative to ordinary manifestations of the same rank.;role=carrier / charge / extraction;mobility=ground sprint;persistence=20–60 minutes at baseline competent use; rank/competency can change this substantially."
"summon","SE-0079","Water Colossus","POWERFUL","7600","Scale Huge; control very high; sustain very high continuous sustain relative to ordinary manifestations of the same rank.; role breaker / siege / protection; persistence evaluated. Element identity is excluded.","scale=Huge;control=very high;load=very high continuous sustain relative to ordinary manifestations of the same rank.;role=breaker / siege / protection;mobility=slow ground;persistence=2–10 minutes at baseline competent use; rank/competency can change this substantially."
"summon","SE-0080","Water Drake","POWERFUL","8700","Scale Huge; control extreme; sustain extreme continuous sustain relative to ordinary manifestations of the same rank.; role high-output assault; persistence evaluated. Element identity is excluded.","scale=Huge;control=extreme;load=extreme continuous sustain relative to ordinary manifestations of the same rank.;role=high-output assault;mobility=aerial / ground;persistence=30 seconds–5 minutes at baseline competent use; rank/competency can change this substantially."
"summon","SE-0081","Mineral Wisp","FOUNDATIONAL","600","Scale Tiny; control low; sustain low continuous sustain relative to ordinary manifestations of the same rank.; role scout / harrier; persistence evaluated. Element identity is excluded.","scale=Tiny;control=low;load=low continuous sustain relative to ordinary manifestations of the same rank.;role=scout / harrier;mobility=aerial drift;persistence=hours at baseline competent use; rank/competency can change this substantially."
"summon","SE-0082","Mineral Hound","COMMON_SPECIALIZATION","2050","Scale Small; control moderate; sustain moderate continuous sustain relative to ordinary manifestations of the same rank.; role pursuit / interception; persistence evaluated. Element identity is excluded.","scale=Small;control=moderate;load=moderate continuous sustain relative to ordinary manifestations of the same rank.;role=pursuit / interception;mobility=ground sprint / leap;persistence=1–3 hours at baseline competent use; rank/competency can change this substantially."
"summon","SE-0083","Mineral Raptor","COMMON_SPECIALIZATION","2150","Scale Small; control moderate; sustain moderate continuous sustain relative to ordinary manifestations of the same rank.; role aerial pursuit / strike; persistence evaluated. Element identity is excluded.","scale=Small;control=moderate;load=moderate continuous sustain relative to ordinary manifestations of the same rank.;role=aerial pursuit / strike;mobility=aerial flight;persistence=45–120 minutes at baseline competent use; rank/competency can change this substantially."
"summon","SE-0084","Mineral Serpent","ADVANCED","2900","Scale Medium; control moderate; sustain moderate continuous sustain relative to ordinary manifestations of the same rank.; role constriction / lane control; persistence evaluated. Element identity is excluded.","scale=Medium;control=moderate;load=moderate continuous sustain relative to ordinary manifestations of the same rank.;role=constriction / lane control;mobility=ground slither / climbing;persistence=45–120 minutes at baseline competent use; rank/competency can change this substantially."
"summon","SE-0085","Mineral Sentinel","COMMON_SPECIALIZATION","2100","Scale Medium; control low-to-moderate; sustain low-to-moderate continuous sustain relative to ordinary manifestations of the same rank.; role guard / intercept; persistence evaluated. Element identity is excluded.","scale=Medium;control=low-to-moderate;load=low-to-moderate continuous sustain relative to ordinary manifestations of the same rank.;role=guard / intercept;mobility=slow ground / stationary;persistence=2–6 hours at baseline competent use; rank/competency can change this substantially."
"summon","SE-0086","Mineral Manta","ADVANCED","2900","Scale Medium; control moderate; sustain moderate continuous sustain relative to ordinary manifestations of the same rank.; role screening / area control; persistence evaluated. Element identity is excluded.","scale=Medium;control=moderate;load=moderate continuous sustain relative to ordinary manifestations of the same rank.;role=screening / area control;mobility=aerial glide;persistence=30–90 minutes at baseline competent use; rank/competency can change this substantially."
"summon","SE-0087","Mineral Swarm","POWERFUL","5000","Scale Variable; control high; sustain high continuous sustain relative to ordinary manifestations of the same rank.; role harassment / saturation; persistence evaluated. Element identity is excluded.","scale=Variable;control=high;load=high continuous sustain relative to ordinary manifestations of the same rank.;role=harassment / saturation;mobility=distributed flight/ground motion;persistence=15–45 minutes at baseline competent use; rank/competency can change this substantially."
"summon","SE-0088","Mineral Stag","ADVANCED","4550","Scale Large; control high; sustain high continuous sustain relative to ordinary manifestations of the same rank.; role carrier / charge / extraction; persistence evaluated. Element identity is excluded.","scale=Large;control=high;load=high continuous sustain relative to ordinary manifestations of the same rank.;role=carrier / charge / extraction;mobility=ground sprint;persistence=20–60 minutes at baseline competent use; rank/competency can change this substantially."
"summon","SE-0089","Mineral Colossus","POWERFUL","7600","Scale Huge; control very high; sustain very high continuous sustain relative to ordinary manifestations of the same rank.; role breaker / siege / protection; persistence evaluated. Element identity is excluded.","scale=Huge;control=very high;load=very high continuous sustain relative to ordinary manifestations of the same rank.;role=breaker / siege / protection;mobility=slow ground;persistence=2–10 minutes at baseline competent use; rank/competency can change this substantially."
"summon","SE-0090","Mineral Drake","POWERFUL","8700","Scale Huge; control extreme; sustain extreme continuous sustain relative to ordinary manifestations of the same rank.; role high-output assault; persistence evaluated. Element identity is excluded.","scale=Huge;control=extreme;load=extreme continuous sustain relative to ordinary manifestations of the same rank.;role=high-output assault;mobility=aerial / ground;persistence=30 seconds–5 minutes at baseline competent use; rank/competency can change this substantially."
"summon","SE-0091","Sand Wisp","FOUNDATIONAL","600","Scale Tiny; control low; sustain low continuous sustain relative to ordinary manifestations of the same rank.; role scout / harrier; persistence evaluated. Element identity is excluded.","scale=Tiny;control=low;load=low continuous sustain relative to ordinary manifestations of the same rank.;role=scout / harrier;mobility=aerial drift;persistence=hours at baseline competent use; rank/competency can change this substantially."
"summon","SE-0092","Sand Hound","COMMON_SPECIALIZATION","2050","Scale Small; control moderate; sustain moderate continuous sustain relative to ordinary manifestations of the same rank.; role pursuit / interception; persistence evaluated. Element identity is excluded.","scale=Small;control=moderate;load=moderate continuous sustain relative to ordinary manifestations of the same rank.;role=pursuit / interception;mobility=ground sprint / leap;persistence=1–3 hours at baseline competent use; rank/competency can change this substantially."
"summon","SE-0093","Sand Raptor","COMMON_SPECIALIZATION","2150","Scale Small; control moderate; sustain moderate continuous sustain relative to ordinary manifestations of the same rank.; role aerial pursuit / strike; persistence evaluated. Element identity is excluded.","scale=Small;control=moderate;load=moderate continuous sustain relative to ordinary manifestations of the same rank.;role=aerial pursuit / strike;mobility=aerial flight;persistence=45–120 minutes at baseline competent use; rank/competency can change this substantially."
"summon","SE-0094","Sand Serpent","ADVANCED","2900","Scale Medium; control moderate; sustain moderate continuous sustain relative to ordinary manifestations of the same rank.; role constriction / lane control; persistence evaluated. Element identity is excluded.","scale=Medium;control=moderate;load=moderate continuous sustain relative to ordinary manifestations of the same rank.;role=constriction / lane control;mobility=ground slither / climbing;persistence=45–120 minutes at baseline competent use; rank/competency can change this substantially."
"summon","SE-0095","Sand Sentinel","COMMON_SPECIALIZATION","2100","Scale Medium; control low-to-moderate; sustain low-to-moderate continuous sustain relative to ordinary manifestations of the same rank.; role guard / intercept; persistence evaluated. Element identity is excluded.","scale=Medium;control=low-to-moderate;load=low-to-moderate continuous sustain relative to ordinary manifestations of the same rank.;role=guard / intercept;mobility=slow ground / stationary;persistence=2–6 hours at baseline competent use; rank/competency can change this substantially."
"summon","SE-0096","Sand Manta","ADVANCED","2900","Scale Medium; control moderate; sustain moderate continuous sustain relative to ordinary manifestations of the same rank.; role screening / area control; persistence evaluated. Element identity is excluded.","scale=Medium;control=moderate;load=moderate continuous sustain relative to ordinary manifestations of the same rank.;role=screening / area control;mobility=aerial glide;persistence=30–90 minutes at baseline competent use; rank/competency can change this substantially."
"summon","SE-0097","Sand Swarm","POWERFUL","5000","Scale Variable; control high; sustain high continuous sustain relative to ordinary manifestations of the same rank.; role harassment / saturation; persistence evaluated. Element identity is excluded.","scale=Variable;control=high;load=high continuous sustain relative to ordinary manifestations of the same rank.;role=harassment / saturation;mobility=distributed flight/ground motion;persistence=15–45 minutes at baseline competent use; rank/competency can change this substantially."
"summon","SE-0098","Sand Stag","ADVANCED","4550","Scale Large; control high; sustain high continuous sustain relative to ordinary manifestations of the same rank.; role carrier / charge / extraction; persistence evaluated. Element identity is excluded.","scale=Large;control=high;load=high continuous sustain relative to ordinary manifestations of the same rank.;role=carrier / charge / extraction;mobility=ground sprint;persistence=20–60 minutes at baseline competent use; rank/competency can change this substantially."
"summon","SE-0099","Sand Colossus","POWERFUL","7600","Scale Huge; control very high; sustain very high continuous sustain relative to ordinary manifestations of the same rank.; role breaker / siege / protection; persistence evaluated. Element identity is excluded.","scale=Huge;control=very high;load=very high continuous sustain relative to ordinary manifestations of the same rank.;role=breaker / siege / protection;mobility=slow ground;persistence=2–10 minutes at baseline competent use; rank/competency can change this substantially."
"summon","SE-0100","Sand Drake","POWERFUL","8700","Scale Huge; control extreme; sustain extreme continuous sustain relative to ordinary manifestations of the same rank.; role high-output assault; persistence evaluated. Element identity is excluded.","scale=Huge;control=extreme;load=extreme continuous sustain relative to ordinary manifestations of the same rank.;role=high-output assault;mobility=aerial / ground;persistence=30 seconds–5 minutes at baseline competent use; rank/competency can change this substantially."
"summon","SE-0101","Glass Wisp","FOUNDATIONAL","600","Scale Tiny; control low; sustain low continuous sustain relative to ordinary manifestations of the same rank.; role scout / harrier; persistence evaluated. Element identity is excluded.","scale=Tiny;control=low;load=low continuous sustain relative to ordinary manifestations of the same rank.;role=scout / harrier;mobility=aerial drift;persistence=hours at baseline competent use; rank/competency can change this substantially."
"summon","SE-0102","Glass Hound","COMMON_SPECIALIZATION","2050","Scale Small; control moderate; sustain moderate continuous sustain relative to ordinary manifestations of the same rank.; role pursuit / interception; persistence evaluated. Element identity is excluded.","scale=Small;control=moderate;load=moderate continuous sustain relative to ordinary manifestations of the same rank.;role=pursuit / interception;mobility=ground sprint / leap;persistence=1–3 hours at baseline competent use; rank/competency can change this substantially."
"summon","SE-0103","Glass Raptor","COMMON_SPECIALIZATION","2150","Scale Small; control moderate; sustain moderate continuous sustain relative to ordinary manifestations of the same rank.; role aerial pursuit / strike; persistence evaluated. Element identity is excluded.","scale=Small;control=moderate;load=moderate continuous sustain relative to ordinary manifestations of the same rank.;role=aerial pursuit / strike;mobility=aerial flight;persistence=45–120 minutes at baseline competent use; rank/competency can change this substantially."
"summon","SE-0104","Glass Serpent","ADVANCED","2900","Scale Medium; control moderate; sustain moderate continuous sustain relative to ordinary manifestations of the same rank.; role constriction / lane control; persistence evaluated. Element identity is excluded.","scale=Medium;control=moderate;load=moderate continuous sustain relative to ordinary manifestations of the same rank.;role=constriction / lane control;mobility=ground slither / climbing;persistence=45–120 minutes at baseline competent use; rank/competency can change this substantially."
"summon","SE-0105","Glass Sentinel","COMMON_SPECIALIZATION","2100","Scale Medium; control low-to-moderate; sustain low-to-moderate continuous sustain relative to ordinary manifestations of the same rank.; role guard / intercept; persistence evaluated. Element identity is excluded.","scale=Medium;control=low-to-moderate;load=low-to-moderate continuous sustain relative to ordinary manifestations of the same rank.;role=guard / intercept;mobility=slow ground / stationary;persistence=2–6 hours at baseline competent use; rank/competency can change this substantially."
"summon","SE-0106","Glass Manta","ADVANCED","2900","Scale Medium; control moderate; sustain moderate continuous sustain relative to ordinary manifestations of the same rank.; role screening / area control; persistence evaluated. Element identity is excluded.","scale=Medium;control=moderate;load=moderate continuous sustain relative to ordinary manifestations of the same rank.;role=screening / area control;mobility=aerial glide;persistence=30–90 minutes at baseline competent use; rank/competency can change this substantially."
"summon","SE-0107","Glass Swarm","POWERFUL","5000","Scale Variable; control high; sustain high continuous sustain relative to ordinary manifestations of the same rank.; role harassment / saturation; persistence evaluated. Element identity is excluded.","scale=Variable;control=high;load=high continuous sustain relative to ordinary manifestations of the same rank.;role=harassment / saturation;mobility=distributed flight/ground motion;persistence=15–45 minutes at baseline competent use; rank/competency can change this substantially."
"summon","SE-0108","Glass Stag","ADVANCED","4550","Scale Large; control high; sustain high continuous sustain relative to ordinary manifestations of the same rank.; role carrier / charge / extraction; persistence evaluated. Element identity is excluded.","scale=Large;control=high;load=high continuous sustain relative to ordinary manifestations of the same rank.;role=carrier / charge / extraction;mobility=ground sprint;persistence=20–60 minutes at baseline competent use; rank/competency can change this substantially."
"summon","SE-0109","Glass Colossus","POWERFUL","7600","Scale Huge; control very high; sustain very high continuous sustain relative to ordinary manifestations of the same rank.; role breaker / siege / protection; persistence evaluated. Element identity is excluded.","scale=Huge;control=very high;load=very high continuous sustain relative to ordinary manifestations of the same rank.;role=breaker / siege / protection;mobility=slow ground;persistence=2–10 minutes at baseline competent use; rank/competency can change this substantially."
"summon","SE-0110","Glass Drake","POWERFUL","8700","Scale Huge; control extreme; sustain extreme continuous sustain relative to ordinary manifestations of the same rank.; role high-output assault; persistence evaluated. Element identity is excluded.","scale=Huge;control=extreme;load=extreme continuous sustain relative to ordinary manifestations of the same rank.;role=high-output assault;mobility=aerial / ground;persistence=30 seconds–5 minutes at baseline competent use; rank/competency can change this substantially."
"summon","SE-0111","Iron Wisp","FOUNDATIONAL","600","Scale Tiny; control low; sustain low continuous sustain relative to ordinary manifestations of the same rank.; role scout / harrier; persistence evaluated. Element identity is excluded.","scale=Tiny;control=low;load=low continuous sustain relative to ordinary manifestations of the same rank.;role=scout / harrier;mobility=aerial drift;persistence=hours at baseline competent use; rank/competency can change this substantially."
"summon","SE-0112","Iron Hound","COMMON_SPECIALIZATION","2050","Scale Small; control moderate; sustain moderate continuous sustain relative to ordinary manifestations of the same rank.; role pursuit / interception; persistence evaluated. Element identity is excluded.","scale=Small;control=moderate;load=moderate continuous sustain relative to ordinary manifestations of the same rank.;role=pursuit / interception;mobility=ground sprint / leap;persistence=1–3 hours at baseline competent use; rank/competency can change this substantially."
"summon","SE-0113","Iron Raptor","COMMON_SPECIALIZATION","2150","Scale Small; control moderate; sustain moderate continuous sustain relative to ordinary manifestations of the same rank.; role aerial pursuit / strike; persistence evaluated. Element identity is excluded.","scale=Small;control=moderate;load=moderate continuous sustain relative to ordinary manifestations of the same rank.;role=aerial pursuit / strike;mobility=aerial flight;persistence=45–120 minutes at baseline competent use; rank/competency can change this substantially."
"summon","SE-0114","Iron Serpent","ADVANCED","2900","Scale Medium; control moderate; sustain moderate continuous sustain relative to ordinary manifestations of the same rank.; role constriction / lane control; persistence evaluated. Element identity is excluded.","scale=Medium;control=moderate;load=moderate continuous sustain relative to ordinary manifestations of the same rank.;role=constriction / lane control;mobility=ground slither / climbing;persistence=45–120 minutes at baseline competent use; rank/competency can change this substantially."
"summon","SE-0115","Iron Sentinel","COMMON_SPECIALIZATION","2100","Scale Medium; control low-to-moderate; sustain low-to-moderate continuous sustain relative to ordinary manifestations of the same rank.; role guard / intercept; persistence evaluated. Element identity is excluded.","scale=Medium;control=low-to-moderate;load=low-to-moderate continuous sustain relative to ordinary manifestations of the same rank.;role=guard / intercept;mobility=slow ground / stationary;persistence=2–6 hours at baseline competent use; rank/competency can change this substantially."
"summon","SE-0116","Iron Manta","ADVANCED","2900","Scale Medium; control moderate; sustain moderate continuous sustain relative to ordinary manifestations of the same rank.; role screening / area control; persistence evaluated. Element identity is excluded.","scale=Medium;control=moderate;load=moderate continuous sustain relative to ordinary manifestations of the same rank.;role=screening / area control;mobility=aerial glide;persistence=30–90 minutes at baseline competent use; rank/competency can change this substantially."
"summon","SE-0117","Iron Swarm","POWERFUL","5000","Scale Variable; control high; sustain high continuous sustain relative to ordinary manifestations of the same rank.; role harassment / saturation; persistence evaluated. Element identity is excluded.","scale=Variable;control=high;load=high continuous sustain relative to ordinary manifestations of the same rank.;role=harassment / saturation;mobility=distributed flight/ground motion;persistence=15–45 minutes at baseline competent use; rank/competency can change this substantially."
"summon","SE-0118","Iron Stag","ADVANCED","4550","Scale Large; control high; sustain high continuous sustain relative to ordinary manifestations of the same rank.; role carrier / charge / extraction; persistence evaluated. Element identity is excluded.","scale=Large;control=high;load=high continuous sustain relative to ordinary manifestations of the same rank.;role=carrier / charge / extraction;mobility=ground sprint;persistence=20–60 minutes at baseline competent use; rank/competency can change this substantially."
"summon","SE-0119","Iron Colossus","POWERFUL","7600","Scale Huge; control very high; sustain very high continuous sustain relative to ordinary manifestations of the same rank.; role breaker / siege / protection; persistence evaluated. Element identity is excluded.","scale=Huge;control=very high;load=very high continuous sustain relative to ordinary manifestations of the same rank.;role=breaker / siege / protection;mobility=slow ground;persistence=2–10 minutes at baseline competent use; rank/competency can change this substantially."
"summon","SE-0120","Iron Drake","POWERFUL","8700","Scale Huge; control extreme; sustain extreme continuous sustain relative to ordinary manifestations of the same rank.; role high-output assault; persistence evaluated. Element identity is excluded.","scale=Huge;control=extreme;load=extreme continuous sustain relative to ordinary manifestations of the same rank.;role=high-output assault;mobility=aerial / ground;persistence=30 seconds–5 minutes at baseline competent use; rank/competency can change this substantially."
"summon","SE-0121","Copper Wisp","FOUNDATIONAL","600","Scale Tiny; control low; sustain low continuous sustain relative to ordinary manifestations of the same rank.; role scout / harrier; persistence evaluated. Element identity is excluded.","scale=Tiny;control=low;load=low continuous sustain relative to ordinary manifestations of the same rank.;role=scout / harrier;mobility=aerial drift;persistence=hours at baseline competent use; rank/competency can change this substantially."
"summon","SE-0122","Copper Hound","COMMON_SPECIALIZATION","2050","Scale Small; control moderate; sustain moderate continuous sustain relative to ordinary manifestations of the same rank.; role pursuit / interception; persistence evaluated. Element identity is excluded.","scale=Small;control=moderate;load=moderate continuous sustain relative to ordinary manifestations of the same rank.;role=pursuit / interception;mobility=ground sprint / leap;persistence=1–3 hours at baseline competent use; rank/competency can change this substantially."
"summon","SE-0123","Copper Raptor","COMMON_SPECIALIZATION","2150","Scale Small; control moderate; sustain moderate continuous sustain relative to ordinary manifestations of the same rank.; role aerial pursuit / strike; persistence evaluated. Element identity is excluded.","scale=Small;control=moderate;load=moderate continuous sustain relative to ordinary manifestations of the same rank.;role=aerial pursuit / strike;mobility=aerial flight;persistence=45–120 minutes at baseline competent use; rank/competency can change this substantially."
"summon","SE-0124","Copper Serpent","ADVANCED","2900","Scale Medium; control moderate; sustain moderate continuous sustain relative to ordinary manifestations of the same rank.; role constriction / lane control; persistence evaluated. Element identity is excluded.","scale=Medium;control=moderate;load=moderate continuous sustain relative to ordinary manifestations of the same rank.;role=constriction / lane control;mobility=ground slither / climbing;persistence=45–120 minutes at baseline competent use; rank/competency can change this substantially."
"summon","SE-0125","Copper Sentinel","COMMON_SPECIALIZATION","2100","Scale Medium; control low-to-moderate; sustain low-to-moderate continuous sustain relative to ordinary manifestations of the same rank.; role guard / intercept; persistence evaluated. Element identity is excluded.","scale=Medium;control=low-to-moderate;load=low-to-moderate continuous sustain relative to ordinary manifestations of the same rank.;role=guard / intercept;mobility=slow ground / stationary;persistence=2–6 hours at baseline competent use; rank/competency can change this substantially."
"summon","SE-0126","Copper Manta","ADVANCED","2900","Scale Medium; control moderate; sustain moderate continuous sustain relative to ordinary manifestations of the same rank.; role screening / area control; persistence evaluated. Element identity is excluded.","scale=Medium;control=moderate;load=moderate continuous sustain relative to ordinary manifestations of the same rank.;role=screening / area control;mobility=aerial glide;persistence=30–90 minutes at baseline competent use; rank/competency can change this substantially."
"summon","SE-0127","Copper Swarm","POWERFUL","5000","Scale Variable; control high; sustain high continuous sustain relative to ordinary manifestations of the same rank.; role harassment / saturation; persistence evaluated. Element identity is excluded.","scale=Variable;control=high;load=high continuous sustain relative to ordinary manifestations of the same rank.;role=harassment / saturation;mobility=distributed flight/ground motion;persistence=15–45 minutes at baseline competent use; rank/competency can change this substantially."
"summon","SE-0128","Copper Stag","ADVANCED","4550","Scale Large; control high; sustain high continuous sustain relative to ordinary manifestations of the same rank.; role carrier / charge / extraction; persistence evaluated. Element identity is excluded.","scale=Large;control=high;load=high continuous sustain relative to ordinary manifestations of the same rank.;role=carrier / charge / extraction;mobility=ground sprint;persistence=20–60 minutes at baseline competent use; rank/competency can change this substantially."
"summon","SE-0129","Copper Colossus","POWERFUL","7600","Scale Huge; control very high; sustain very high continuous sustain relative to ordinary manifestations of the same rank.; role breaker / siege / protection; persistence evaluated. Element identity is excluded.","scale=Huge;control=very high;load=very high continuous sustain relative to ordinary manifestations of the same rank.;role=breaker / siege / protection;mobility=slow ground;persistence=2–10 minutes at baseline competent use; rank/competency can change this substantially."
"summon","SE-0130","Copper Drake","POWERFUL","8700","Scale Huge; control extreme; sustain extreme continuous sustain relative to ordinary manifestations of the same rank.; role high-output assault; persistence evaluated. Element identity is excluded.","scale=Huge;control=extreme;load=extreme continuous sustain relative to ordinary manifestations of the same rank.;role=high-output assault;mobility=aerial / ground;persistence=30 seconds–5 minutes at baseline competent use; rank/competency can change this substantially."
"summon","SE-0131","Magnetic Wisp","FOUNDATIONAL","600","Scale Tiny; control low; sustain low continuous sustain relative to ordinary manifestations of the same rank.; role scout / harrier; persistence evaluated. Element identity is excluded.","scale=Tiny;control=low;load=low continuous sustain relative to ordinary manifestations of the same rank.;role=scout / harrier;mobility=aerial drift;persistence=hours at baseline competent use; rank/competency can change this substantially."
"summon","SE-0132","Magnetic Hound","COMMON_SPECIALIZATION","2050","Scale Small; control moderate; sustain moderate continuous sustain relative to ordinary manifestations of the same rank.; role pursuit / interception; persistence evaluated. Element identity is excluded.","scale=Small;control=moderate;load=moderate continuous sustain relative to ordinary manifestations of the same rank.;role=pursuit / interception;mobility=ground sprint / leap;persistence=1–3 hours at baseline competent use; rank/competency can change this substantially."
"summon","SE-0133","Magnetic Raptor","COMMON_SPECIALIZATION","2150","Scale Small; control moderate; sustain moderate continuous sustain relative to ordinary manifestations of the same rank.; role aerial pursuit / strike; persistence evaluated. Element identity is excluded.","scale=Small;control=moderate;load=moderate continuous sustain relative to ordinary manifestations of the same rank.;role=aerial pursuit / strike;mobility=aerial flight;persistence=45–120 minutes at baseline competent use; rank/competency can change this substantially."
"summon","SE-0134","Magnetic Serpent","ADVANCED","2900","Scale Medium; control moderate; sustain moderate continuous sustain relative to ordinary manifestations of the same rank.; role constriction / lane control; persistence evaluated. Element identity is excluded.","scale=Medium;control=moderate;load=moderate continuous sustain relative to ordinary manifestations of the same rank.;role=constriction / lane control;mobility=ground slither / climbing;persistence=45–120 minutes at baseline competent use; rank/competency can change this substantially."
"summon","SE-0135","Magnetic Sentinel","COMMON_SPECIALIZATION","2100","Scale Medium; control low-to-moderate; sustain low-to-moderate continuous sustain relative to ordinary manifestations of the same rank.; role guard / intercept; persistence evaluated. Element identity is excluded.","scale=Medium;control=low-to-moderate;load=low-to-moderate continuous sustain relative to ordinary manifestations of the same rank.;role=guard / intercept;mobility=slow ground / stationary;persistence=2–6 hours at baseline competent use; rank/competency can change this substantially."
"summon","SE-0136","Magnetic Manta","ADVANCED","2900","Scale Medium; control moderate; sustain moderate continuous sustain relative to ordinary manifestations of the same rank.; role screening / area control; persistence evaluated. Element identity is excluded.","scale=Medium;control=moderate;load=moderate continuous sustain relative to ordinary manifestations of the same rank.;role=screening / area control;mobility=aerial glide;persistence=30–90 minutes at baseline competent use; rank/competency can change this substantially."
"summon","SE-0137","Magnetic Swarm","POWERFUL","5000","Scale Variable; control high; sustain high continuous sustain relative to ordinary manifestations of the same rank.; role harassment / saturation; persistence evaluated. Element identity is excluded.","scale=Variable;control=high;load=high continuous sustain relative to ordinary manifestations of the same rank.;role=harassment / saturation;mobility=distributed flight/ground motion;persistence=15–45 minutes at baseline competent use; rank/competency can change this substantially."
"summon","SE-0138","Magnetic Stag","ADVANCED","4550","Scale Large; control high; sustain high continuous sustain relative to ordinary manifestations of the same rank.; role carrier / charge / extraction; persistence evaluated. Element identity is excluded.","scale=Large;control=high;load=high continuous sustain relative to ordinary manifestations of the same rank.;role=carrier / charge / extraction;mobility=ground sprint;persistence=20–60 minutes at baseline competent use; rank/competency can change this substantially."
"summon","SE-0139","Magnetic Colossus","POWERFUL","7600","Scale Huge; control very high; sustain very high continuous sustain relative to ordinary manifestations of the same rank.; role breaker / siege / protection; persistence evaluated. Element identity is excluded.","scale=Huge;control=very high;load=very high continuous sustain relative to ordinary manifestations of the same rank.;role=breaker / siege / protection;mobility=slow ground;persistence=2–10 minutes at baseline competent use; rank/competency can change this substantially."
"summon","SE-0140","Magnetic Drake","POWERFUL","8700","Scale Huge; control extreme; sustain extreme continuous sustain relative to ordinary manifestations of the same rank.; role high-output assault; persistence evaluated. Element identity is excluded.","scale=Huge;control=extreme;load=extreme continuous sustain relative to ordinary manifestations of the same rank.;role=high-output assault;mobility=aerial / ground;persistence=30 seconds–5 minutes at baseline competent use; rank/competency can change this substantially."
"summon","SE-0141","Photonic Wisp","FOUNDATIONAL","600","Scale Tiny; control low; sustain low continuous sustain relative to ordinary manifestations of the same rank.; role scout / harrier; persistence evaluated. Element identity is excluded.","scale=Tiny;control=low;load=low continuous sustain relative to ordinary manifestations of the same rank.;role=scout / harrier;mobility=aerial drift;persistence=hours at baseline competent use; rank/competency can change this substantially."
"summon","SE-0142","Photonic Hound","COMMON_SPECIALIZATION","2050","Scale Small; control moderate; sustain moderate continuous sustain relative to ordinary manifestations of the same rank.; role pursuit / interception; persistence evaluated. Element identity is excluded.","scale=Small;control=moderate;load=moderate continuous sustain relative to ordinary manifestations of the same rank.;role=pursuit / interception;mobility=ground sprint / leap;persistence=1–3 hours at baseline competent use; rank/competency can change this substantially."
"summon","SE-0143","Photonic Raptor","COMMON_SPECIALIZATION","2150","Scale Small; control moderate; sustain moderate continuous sustain relative to ordinary manifestations of the same rank.; role aerial pursuit / strike; persistence evaluated. Element identity is excluded.","scale=Small;control=moderate;load=moderate continuous sustain relative to ordinary manifestations of the same rank.;role=aerial pursuit / strike;mobility=aerial flight;persistence=45–120 minutes at baseline competent use; rank/competency can change this substantially."
"summon","SE-0144","Photonic Serpent","ADVANCED","2900","Scale Medium; control moderate; sustain moderate continuous sustain relative to ordinary manifestations of the same rank.; role constriction / lane control; persistence evaluated. Element identity is excluded.","scale=Medium;control=moderate;load=moderate continuous sustain relative to ordinary manifestations of the same rank.;role=constriction / lane control;mobility=ground slither / climbing;persistence=45–120 minutes at baseline competent use; rank/competency can change this substantially."
"summon","SE-0145","Photonic Sentinel","COMMON_SPECIALIZATION","2100","Scale Medium; control low-to-moderate; sustain low-to-moderate continuous sustain relative to ordinary manifestations of the same rank.; role guard / intercept; persistence evaluated. Element identity is excluded.","scale=Medium;control=low-to-moderate;load=low-to-moderate continuous sustain relative to ordinary manifestations of the same rank.;role=guard / intercept;mobility=slow ground / stationary;persistence=2–6 hours at baseline competent use; rank/competency can change this substantially."
"summon","SE-0146","Photonic Manta","ADVANCED","2900","Scale Medium; control moderate; sustain moderate continuous sustain relative to ordinary manifestations of the same rank.; role screening / area control; persistence evaluated. Element identity is excluded.","scale=Medium;control=moderate;load=moderate continuous sustain relative to ordinary manifestations of the same rank.;role=screening / area control;mobility=aerial glide;persistence=30–90 minutes at baseline competent use; rank/competency can change this substantially."
"summon","SE-0147","Photonic Swarm","POWERFUL","5000","Scale Variable; control high; sustain high continuous sustain relative to ordinary manifestations of the same rank.; role harassment / saturation; persistence evaluated. Element identity is excluded.","scale=Variable;control=high;load=high continuous sustain relative to ordinary manifestations of the same rank.;role=harassment / saturation;mobility=distributed flight/ground motion;persistence=15–45 minutes at baseline competent use; rank/competency can change this substantially."
"summon","SE-0148","Photonic Stag","ADVANCED","4550","Scale Large; control high; sustain high continuous sustain relative to ordinary manifestations of the same rank.; role carrier / charge / extraction; persistence evaluated. Element identity is excluded.","scale=Large;control=high;load=high continuous sustain relative to ordinary manifestations of the same rank.;role=carrier / charge / extraction;mobility=ground sprint;persistence=20–60 minutes at baseline competent use; rank/competency can change this substantially."
"summon","SE-0149","Photonic Colossus","POWERFUL","7600","Scale Huge; control very high; sustain very high continuous sustain relative to ordinary manifestations of the same rank.; role breaker / siege / protection; persistence evaluated. Element identity is excluded.","scale=Huge;control=very high;load=very high continuous sustain relative to ordinary manifestations of the same rank.;role=breaker / siege / protection;mobility=slow ground;persistence=2–10 minutes at baseline competent use; rank/competency can change this substantially."
"summon","SE-0150","Photonic Drake","POWERFUL","8700","Scale Huge; control extreme; sustain extreme continuous sustain relative to ordinary manifestations of the same rank.; role high-output assault; persistence evaluated. Element identity is excluded.","scale=Huge;control=extreme;load=extreme continuous sustain relative to ordinary manifestations of the same rank.;role=high-output assault;mobility=aerial / ground;persistence=30 seconds–5 minutes at baseline competent use; rank/competency can change this substantially."
"summon","SE-0151","Acoustic Wisp","FOUNDATIONAL","600","Scale Tiny; control low; sustain low continuous sustain relative to ordinary manifestations of the same rank.; role scout / harrier; persistence evaluated. Element identity is excluded.","scale=Tiny;control=low;load=low continuous sustain relative to ordinary manifestations of the same rank.;role=scout / harrier;mobility=aerial drift;persistence=hours at baseline competent use; rank/competency can change this substantially."
"summon","SE-0152","Acoustic Hound","COMMON_SPECIALIZATION","2050","Scale Small; control moderate; sustain moderate continuous sustain relative to ordinary manifestations of the same rank.; role pursuit / interception; persistence evaluated. Element identity is excluded.","scale=Small;control=moderate;load=moderate continuous sustain relative to ordinary manifestations of the same rank.;role=pursuit / interception;mobility=ground sprint / leap;persistence=1–3 hours at baseline competent use; rank/competency can change this substantially."
"summon","SE-0153","Acoustic Raptor","COMMON_SPECIALIZATION","2150","Scale Small; control moderate; sustain moderate continuous sustain relative to ordinary manifestations of the same rank.; role aerial pursuit / strike; persistence evaluated. Element identity is excluded.","scale=Small;control=moderate;load=moderate continuous sustain relative to ordinary manifestations of the same rank.;role=aerial pursuit / strike;mobility=aerial flight;persistence=45–120 minutes at baseline competent use; rank/competency can change this substantially."
"summon","SE-0154","Acoustic Serpent","ADVANCED","2900","Scale Medium; control moderate; sustain moderate continuous sustain relative to ordinary manifestations of the same rank.; role constriction / lane control; persistence evaluated. Element identity is excluded.","scale=Medium;control=moderate;load=moderate continuous sustain relative to ordinary manifestations of the same rank.;role=constriction / lane control;mobility=ground slither / climbing;persistence=45–120 minutes at baseline competent use; rank/competency can change this substantially."
"summon","SE-0155","Acoustic Sentinel","COMMON_SPECIALIZATION","2100","Scale Medium; control low-to-moderate; sustain low-to-moderate continuous sustain relative to ordinary manifestations of the same rank.; role guard / intercept; persistence evaluated. Element identity is excluded.","scale=Medium;control=low-to-moderate;load=low-to-moderate continuous sustain relative to ordinary manifestations of the same rank.;role=guard / intercept;mobility=slow ground / stationary;persistence=2–6 hours at baseline competent use; rank/competency can change this substantially."
"summon","SE-0156","Acoustic Manta","ADVANCED","2900","Scale Medium; control moderate; sustain moderate continuous sustain relative to ordinary manifestations of the same rank.; role screening / area control; persistence evaluated. Element identity is excluded.","scale=Medium;control=moderate;load=moderate continuous sustain relative to ordinary manifestations of the same rank.;role=screening / area control;mobility=aerial glide;persistence=30–90 minutes at baseline competent use; rank/competency can change this substantially."
"summon","SE-0157","Acoustic Swarm","POWERFUL","5000","Scale Variable; control high; sustain high continuous sustain relative to ordinary manifestations of the same rank.; role harassment / saturation; persistence evaluated. Element identity is excluded.","scale=Variable;control=high;load=high continuous sustain relative to ordinary manifestations of the same rank.;role=harassment / saturation;mobility=distributed flight/ground motion;persistence=15–45 minutes at baseline competent use; rank/competency can change this substantially."
"summon","SE-0158","Acoustic Stag","ADVANCED","4550","Scale Large; control high; sustain high continuous sustain relative to ordinary manifestations of the same rank.; role carrier / charge / extraction; persistence evaluated. Element identity is excluded.","scale=Large;control=high;load=high continuous sustain relative to ordinary manifestations of the same rank.;role=carrier / charge / extraction;mobility=ground sprint;persistence=20–60 minutes at baseline competent use; rank/competency can change this substantially."
"summon","SE-0159","Acoustic Colossus","POWERFUL","7600","Scale Huge; control very high; sustain very high continuous sustain relative to ordinary manifestations of the same rank.; role breaker / siege / protection; persistence evaluated. Element identity is excluded.","scale=Huge;control=very high;load=very high continuous sustain relative to ordinary manifestations of the same rank.;role=breaker / siege / protection;mobility=slow ground;persistence=2–10 minutes at baseline competent use; rank/competency can change this substantially."
"summon","SE-0160","Acoustic Drake","POWERFUL","8700","Scale Huge; control extreme; sustain extreme continuous sustain relative to ordinary manifestations of the same rank.; role high-output assault; persistence evaluated. Element identity is excluded.","scale=Huge;control=extreme;load=extreme continuous sustain relative to ordinary manifestations of the same rank.;role=high-output assault;mobility=aerial / ground;persistence=30 seconds–5 minutes at baseline competent use; rank/competency can change this substantially."
"summon","SE-0161","Smoke Wisp","FOUNDATIONAL","600","Scale Tiny; control low; sustain low continuous sustain relative to ordinary manifestations of the same rank.; role scout / harrier; persistence evaluated. Element identity is excluded.","scale=Tiny;control=low;load=low continuous sustain relative to ordinary manifestations of the same rank.;role=scout / harrier;mobility=aerial drift;persistence=hours at baseline competent use; rank/competency can change this substantially."
"summon","SE-0162","Smoke Hound","COMMON_SPECIALIZATION","2050","Scale Small; control moderate; sustain moderate continuous sustain relative to ordinary manifestations of the same rank.; role pursuit / interception; persistence evaluated. Element identity is excluded.","scale=Small;control=moderate;load=moderate continuous sustain relative to ordinary manifestations of the same rank.;role=pursuit / interception;mobility=ground sprint / leap;persistence=1–3 hours at baseline competent use; rank/competency can change this substantially."
"summon","SE-0163","Smoke Raptor","COMMON_SPECIALIZATION","2150","Scale Small; control moderate; sustain moderate continuous sustain relative to ordinary manifestations of the same rank.; role aerial pursuit / strike; persistence evaluated. Element identity is excluded.","scale=Small;control=moderate;load=moderate continuous sustain relative to ordinary manifestations of the same rank.;role=aerial pursuit / strike;mobility=aerial flight;persistence=45–120 minutes at baseline competent use; rank/competency can change this substantially."
"summon","SE-0164","Smoke Serpent","ADVANCED","2900","Scale Medium; control moderate; sustain moderate continuous sustain relative to ordinary manifestations of the same rank.; role constriction / lane control; persistence evaluated. Element identity is excluded.","scale=Medium;control=moderate;load=moderate continuous sustain relative to ordinary manifestations of the same rank.;role=constriction / lane control;mobility=ground slither / climbing;persistence=45–120 minutes at baseline competent use; rank/competency can change this substantially."
"summon","SE-0165","Smoke Sentinel","COMMON_SPECIALIZATION","2100","Scale Medium; control low-to-moderate; sustain low-to-moderate continuous sustain relative to ordinary manifestations of the same rank.; role guard / intercept; persistence evaluated. Element identity is excluded.","scale=Medium;control=low-to-moderate;load=low-to-moderate continuous sustain relative to ordinary manifestations of the same rank.;role=guard / intercept;mobility=slow ground / stationary;persistence=2–6 hours at baseline competent use; rank/competency can change this substantially."
"summon","SE-0166","Smoke Manta","ADVANCED","2900","Scale Medium; control moderate; sustain moderate continuous sustain relative to ordinary manifestations of the same rank.; role screening / area control; persistence evaluated. Element identity is excluded.","scale=Medium;control=moderate;load=moderate continuous sustain relative to ordinary manifestations of the same rank.;role=screening / area control;mobility=aerial glide;persistence=30–90 minutes at baseline competent use; rank/competency can change this substantially."
"summon","SE-0167","Smoke Swarm","POWERFUL","5000","Scale Variable; control high; sustain high continuous sustain relative to ordinary manifestations of the same rank.; role harassment / saturation; persistence evaluated. Element identity is excluded.","scale=Variable;control=high;load=high continuous sustain relative to ordinary manifestations of the same rank.;role=harassment / saturation;mobility=distributed flight/ground motion;persistence=15–45 minutes at baseline competent use; rank/competency can change this substantially."
"summon","SE-0168","Smoke Stag","ADVANCED","4550","Scale Large; control high; sustain high continuous sustain relative to ordinary manifestations of the same rank.; role carrier / charge / extraction; persistence evaluated. Element identity is excluded.","scale=Large;control=high;load=high continuous sustain relative to ordinary manifestations of the same rank.;role=carrier / charge / extraction;mobility=ground sprint;persistence=20–60 minutes at baseline competent use; rank/competency can change this substantially."
"summon","SE-0169","Smoke Colossus","POWERFUL","7600","Scale Huge; control very high; sustain very high continuous sustain relative to ordinary manifestations of the same rank.; role breaker / siege / protection; persistence evaluated. Element identity is excluded.","scale=Huge;control=very high;load=very high continuous sustain relative to ordinary manifestations of the same rank.;role=breaker / siege / protection;mobility=slow ground;persistence=2–10 minutes at baseline competent use; rank/competency can change this substantially."
"summon","SE-0170","Smoke Drake","POWERFUL","8700","Scale Huge; control extreme; sustain extreme continuous sustain relative to ordinary manifestations of the same rank.; role high-output assault; persistence evaluated. Element identity is excluded.","scale=Huge;control=extreme;load=extreme continuous sustain relative to ordinary manifestations of the same rank.;role=high-output assault;mobility=aerial / ground;persistence=30 seconds–5 minutes at baseline competent use; rank/competency can change this substantially."
"summon","SE-0171","Ash Wisp","FOUNDATIONAL","600","Scale Tiny; control low; sustain low continuous sustain relative to ordinary manifestations of the same rank.; role scout / harrier; persistence evaluated. Element identity is excluded.","scale=Tiny;control=low;load=low continuous sustain relative to ordinary manifestations of the same rank.;role=scout / harrier;mobility=aerial drift;persistence=hours at baseline competent use; rank/competency can change this substantially."
"summon","SE-0172","Ash Hound","COMMON_SPECIALIZATION","2050","Scale Small; control moderate; sustain moderate continuous sustain relative to ordinary manifestations of the same rank.; role pursuit / interception; persistence evaluated. Element identity is excluded.","scale=Small;control=moderate;load=moderate continuous sustain relative to ordinary manifestations of the same rank.;role=pursuit / interception;mobility=ground sprint / leap;persistence=1–3 hours at baseline competent use; rank/competency can change this substantially."
"summon","SE-0173","Ash Raptor","COMMON_SPECIALIZATION","2150","Scale Small; control moderate; sustain moderate continuous sustain relative to ordinary manifestations of the same rank.; role aerial pursuit / strike; persistence evaluated. Element identity is excluded.","scale=Small;control=moderate;load=moderate continuous sustain relative to ordinary manifestations of the same rank.;role=aerial pursuit / strike;mobility=aerial flight;persistence=45–120 minutes at baseline competent use; rank/competency can change this substantially."
"summon","SE-0174","Ash Serpent","ADVANCED","2900","Scale Medium; control moderate; sustain moderate continuous sustain relative to ordinary manifestations of the same rank.; role constriction / lane control; persistence evaluated. Element identity is excluded.","scale=Medium;control=moderate;load=moderate continuous sustain relative to ordinary manifestations of the same rank.;role=constriction / lane control;mobility=ground slither / climbing;persistence=45–120 minutes at baseline competent use; rank/competency can change this substantially."
"summon","SE-0175","Ash Sentinel","COMMON_SPECIALIZATION","2100","Scale Medium; control low-to-moderate; sustain low-to-moderate continuous sustain relative to ordinary manifestations of the same rank.; role guard / intercept; persistence evaluated. Element identity is excluded.","scale=Medium;control=low-to-moderate;load=low-to-moderate continuous sustain relative to ordinary manifestations of the same rank.;role=guard / intercept;mobility=slow ground / stationary;persistence=2–6 hours at baseline competent use; rank/competency can change this substantially."
"summon","SE-0176","Ash Manta","ADVANCED","2900","Scale Medium; control moderate; sustain moderate continuous sustain relative to ordinary manifestations of the same rank.; role screening / area control; persistence evaluated. Element identity is excluded.","scale=Medium;control=moderate;load=moderate continuous sustain relative to ordinary manifestations of the same rank.;role=screening / area control;mobility=aerial glide;persistence=30–90 minutes at baseline competent use; rank/competency can change this substantially."
"summon","SE-0177","Ash Swarm","POWERFUL","5000","Scale Variable; control high; sustain high continuous sustain relative to ordinary manifestations of the same rank.; role harassment / saturation; persistence evaluated. Element identity is excluded.","scale=Variable;control=high;load=high continuous sustain relative to ordinary manifestations of the same rank.;role=harassment / saturation;mobility=distributed flight/ground motion;persistence=15–45 minutes at baseline competent use; rank/competency can change this substantially."
"summon","SE-0178","Ash Stag","ADVANCED","4550","Scale Large; control high; sustain high continuous sustain relative to ordinary manifestations of the same rank.; role carrier / charge / extraction; persistence evaluated. Element identity is excluded.","scale=Large;control=high;load=high continuous sustain relative to ordinary manifestations of the same rank.;role=carrier / charge / extraction;mobility=ground sprint;persistence=20–60 minutes at baseline competent use; rank/competency can change this substantially."
"summon","SE-0179","Ash Colossus","POWERFUL","7600","Scale Huge; control very high; sustain very high continuous sustain relative to ordinary manifestations of the same rank.; role breaker / siege / protection; persistence evaluated. Element identity is excluded.","scale=Huge;control=very high;load=very high continuous sustain relative to ordinary manifestations of the same rank.;role=breaker / siege / protection;mobility=slow ground;persistence=2–10 minutes at baseline competent use; rank/competency can change this substantially."
"summon","SE-0180","Ash Drake","POWERFUL","8700","Scale Huge; control extreme; sustain extreme continuous sustain relative to ordinary manifestations of the same rank.; role high-output assault; persistence evaluated. Element identity is excluded.","scale=Huge;control=extreme;load=extreme continuous sustain relative to ordinary manifestations of the same rank.;role=high-output assault;mobility=aerial / ground;persistence=30 seconds–5 minutes at baseline competent use; rank/competency can change this substantially."
"summon","SE-0181","Resolved Pursuit Hound Pattern 1","COMMON_SPECIALIZATION","2050","Scale Small; control moderate; sustain moderate continuous sustain; role pursuit / interception; persistence evaluated. Element identity is excluded.","scale=Small;control=moderate;load=moderate continuous sustain;role=pursuit / interception;mobility=ground sprint/leap;persistence=30 minutes–3 hours depending on scale, rank, competency, and basin state."
"summon","SE-0182","Resolved Aerial Hunter Pattern 1","COMMON_SPECIALIZATION","2150","Scale Small; control moderate; sustain moderate continuous sustain; role aerial pursuit / strike; persistence evaluated. Element identity is excluded.","scale=Small;control=moderate;load=moderate continuous sustain;role=aerial pursuit / strike;mobility=aerial;persistence=30 minutes–3 hours depending on scale, rank, competency, and basin state."
"summon","SE-0183","Resolved Burrower Pattern 1","ADVANCED","2500","Scale Medium; control moderate; sustain moderate continuous sustain; role ambush / terrain approach; persistence evaluated. Element identity is excluded.","scale=Medium;control=moderate;load=moderate continuous sustain;role=ambush / terrain approach;mobility=ground/burrow;persistence=30 minutes–3 hours depending on scale, rank, competency, and basin state."
"summon","SE-0184","Resolved Wall Crawler Pattern 1","COMMON_SPECIALIZATION","1900","Scale Small; control moderate; sustain moderate continuous sustain; role scout / flank; persistence evaluated. Element identity is excluded.","scale=Small;control=moderate;load=moderate continuous sustain;role=scout / flank;mobility=ground/wall/ceiling;persistence=30 minutes–3 hours depending on scale, rank, competency, and basin state."
"summon","SE-0185","Resolved Guardian Pattern 1","ADVANCED","3350","Scale Large; control moderate; sustain moderate continuous sustain; role guard / intercept; persistence evaluated. Element identity is excluded.","scale=Large;control=moderate;load=moderate continuous sustain;role=guard / intercept;mobility=ground;persistence=30 minutes–3 hours depending on scale, rank, competency, and basin state."
"summon","SE-0186","Resolved Carrier Pattern 1","ADVANCED","3350","Scale Large; control moderate; sustain moderate continuous sustain; role transport / extraction; persistence evaluated. Element identity is excluded.","scale=Large;control=moderate;load=moderate continuous sustain;role=transport / extraction;mobility=ground;persistence=30 minutes–3 hours depending on scale, rank, competency, and basin state."
"summon","SE-0187","Resolved Constricter Pattern 1","ADVANCED","2900","Scale Medium; control moderate; sustain moderate continuous sustain; role lane control / restraint; persistence evaluated. Element identity is excluded.","scale=Medium;control=moderate;load=moderate continuous sustain;role=lane control / restraint;mobility=ground/climb;persistence=30 minutes–3 hours depending on scale, rank, competency, and basin state."
"summon","SE-0188","Resolved Breaker Pattern 1","POWERFUL","7600","Scale Huge; control very high; sustain very high continuous sustain; role breaker / siege; persistence evaluated. Element identity is excluded.","scale=Huge;control=very high;load=very high continuous sustain;role=breaker / siege;mobility=ground;persistence=30 minutes–3 hours depending on scale, rank, competency, and basin state."
"summon","SE-0189","Resolved Pursuit Hound Pattern 2","COMMON_SPECIALIZATION","2050","Scale Small; control moderate; sustain moderate continuous sustain; role pursuit / interception; persistence evaluated. Element identity is excluded.","scale=Small;control=moderate;load=moderate continuous sustain;role=pursuit / interception;mobility=ground sprint/leap;persistence=30 minutes–3 hours depending on scale, rank, competency, and basin state."
"summon","SE-0190","Resolved Aerial Hunter Pattern 2","COMMON_SPECIALIZATION","2150","Scale Small; control moderate; sustain moderate continuous sustain; role aerial pursuit / strike; persistence evaluated. Element identity is excluded.","scale=Small;control=moderate;load=moderate continuous sustain;role=aerial pursuit / strike;mobility=aerial;persistence=30 minutes–3 hours depending on scale, rank, competency, and basin state."
"summon","SE-0191","Resolved Burrower Pattern 2","ADVANCED","2500","Scale Medium; control moderate; sustain moderate continuous sustain; role ambush / terrain approach; persistence evaluated. Element identity is excluded.","scale=Medium;control=moderate;load=moderate continuous sustain;role=ambush / terrain approach;mobility=ground/burrow;persistence=30 minutes–3 hours depending on scale, rank, competency, and basin state."
"summon","SE-0192","Resolved Wall Crawler Pattern 2","COMMON_SPECIALIZATION","1900","Scale Small; control moderate; sustain moderate continuous sustain; role scout / flank; persistence evaluated. Element identity is excluded.","scale=Small;control=moderate;load=moderate continuous sustain;role=scout / flank;mobility=ground/wall/ceiling;persistence=30 minutes–3 hours depending on scale, rank, competency, and basin state."
"summon","SE-0193","Resolved Guardian Pattern 2","ADVANCED","3350","Scale Large; control moderate; sustain moderate continuous sustain; role guard / intercept; persistence evaluated. Element identity is excluded.","scale=Large;control=moderate;load=moderate continuous sustain;role=guard / intercept;mobility=ground;persistence=30 minutes–3 hours depending on scale, rank, competency, and basin state."
"summon","SE-0194","Resolved Carrier Pattern 2","ADVANCED","3350","Scale Large; control moderate; sustain moderate continuous sustain; role transport / extraction; persistence evaluated. Element identity is excluded.","scale=Large;control=moderate;load=moderate continuous sustain;role=transport / extraction;mobility=ground;persistence=30 minutes–3 hours depending on scale, rank, competency, and basin state."
"summon","SE-0195","Resolved Constricter Pattern 2","ADVANCED","2900","Scale Medium; control moderate; sustain moderate continuous sustain; role lane control / restraint; persistence evaluated. Element identity is excluded.","scale=Medium;control=moderate;load=moderate continuous sustain;role=lane control / restraint;mobility=ground/climb;persistence=30 minutes–3 hours depending on scale, rank, competency, and basin state."
"summon","SE-0196","Resolved Breaker Pattern 2","POWERFUL","7600","Scale Huge; control very high; sustain very high continuous sustain; role breaker / siege; persistence evaluated. Element identity is excluded.","scale=Huge;control=very high;load=very high continuous sustain;role=breaker / siege;mobility=ground;persistence=30 minutes–3 hours depending on scale, rank, competency, and basin state."
"summon","SE-0197","Resolved Pursuit Hound Pattern 3","COMMON_SPECIALIZATION","2050","Scale Small; control moderate; sustain moderate continuous sustain; role pursuit / interception; persistence evaluated. Element identity is excluded.","scale=Small;control=moderate;load=moderate continuous sustain;role=pursuit / interception;mobility=ground sprint/leap;persistence=30 minutes–3 hours depending on scale, rank, competency, and basin state."
"summon","SE-0198","Resolved Aerial Hunter Pattern 3","COMMON_SPECIALIZATION","2150","Scale Small; control moderate; sustain moderate continuous sustain; role aerial pursuit / strike; persistence evaluated. Element identity is excluded.","scale=Small;control=moderate;load=moderate continuous sustain;role=aerial pursuit / strike;mobility=aerial;persistence=30 minutes–3 hours depending on scale, rank, competency, and basin state."
"summon","SE-0199","Resolved Burrower Pattern 3","ADVANCED","2500","Scale Medium; control moderate; sustain moderate continuous sustain; role ambush / terrain approach; persistence evaluated. Element identity is excluded.","scale=Medium;control=moderate;load=moderate continuous sustain;role=ambush / terrain approach;mobility=ground/burrow;persistence=30 minutes–3 hours depending on scale, rank, competency, and basin state."
"summon","SE-0200","Resolved Wall Crawler Pattern 3","COMMON_SPECIALIZATION","1900","Scale Small; control moderate; sustain moderate continuous sustain; role scout / flank; persistence evaluated. Element identity is excluded.","scale=Small;control=moderate;load=moderate continuous sustain;role=scout / flank;mobility=ground/wall/ceiling;persistence=30 minutes–3 hours depending on scale, rank, competency, and basin state."
"summon","SE-0201","Resolved Guardian Pattern 3","ADVANCED","3350","Scale Large; control moderate; sustain moderate continuous sustain; role guard / intercept; persistence evaluated. Element identity is excluded.","scale=Large;control=moderate;load=moderate continuous sustain;role=guard / intercept;mobility=ground;persistence=30 minutes–3 hours depending on scale, rank, competency, and basin state."
"summon","SE-0202","Resolved Carrier Pattern 3","ADVANCED","3350","Scale Large; control moderate; sustain moderate continuous sustain; role transport / extraction; persistence evaluated. Element identity is excluded.","scale=Large;control=moderate;load=moderate continuous sustain;role=transport / extraction;mobility=ground;persistence=30 minutes–3 hours depending on scale, rank, competency, and basin state."
"summon","SE-0203","Resolved Constricter Pattern 3","ADVANCED","2900","Scale Medium; control moderate; sustain moderate continuous sustain; role lane control / restraint; persistence evaluated. Element identity is excluded.","scale=Medium;control=moderate;load=moderate continuous sustain;role=lane control / restraint;mobility=ground/climb;persistence=30 minutes–3 hours depending on scale, rank, competency, and basin state."
"summon","SE-0204","Resolved Breaker Pattern 3","POWERFUL","7600","Scale Huge; control very high; sustain very high continuous sustain; role breaker / siege; persistence evaluated. Element identity is excluded.","scale=Huge;control=very high;load=very high continuous sustain;role=breaker / siege;mobility=ground;persistence=30 minutes–3 hours depending on scale, rank, competency, and basin state."
"summon","SE-0205","Resolved Pursuit Hound Pattern 4","COMMON_SPECIALIZATION","2050","Scale Small; control moderate; sustain moderate continuous sustain; role pursuit / interception; persistence evaluated. Element identity is excluded.","scale=Small;control=moderate;load=moderate continuous sustain;role=pursuit / interception;mobility=ground sprint/leap;persistence=30 minutes–3 hours depending on scale, rank, competency, and basin state."
"summon","SE-0206","Resolved Aerial Hunter Pattern 4","COMMON_SPECIALIZATION","2150","Scale Small; control moderate; sustain moderate continuous sustain; role aerial pursuit / strike; persistence evaluated. Element identity is excluded.","scale=Small;control=moderate;load=moderate continuous sustain;role=aerial pursuit / strike;mobility=aerial;persistence=30 minutes–3 hours depending on scale, rank, competency, and basin state."
"summon","SE-0207","Resolved Burrower Pattern 4","ADVANCED","2500","Scale Medium; control moderate; sustain moderate continuous sustain; role ambush / terrain approach; persistence evaluated. Element identity is excluded.","scale=Medium;control=moderate;load=moderate continuous sustain;role=ambush / terrain approach;mobility=ground/burrow;persistence=30 minutes–3 hours depending on scale, rank, competency, and basin state."
"summon","SE-0208","Resolved Wall Crawler Pattern 4","COMMON_SPECIALIZATION","1900","Scale Small; control moderate; sustain moderate continuous sustain; role scout / flank; persistence evaluated. Element identity is excluded.","scale=Small;control=moderate;load=moderate continuous sustain;role=scout / flank;mobility=ground/wall/ceiling;persistence=30 minutes–3 hours depending on scale, rank, competency, and basin state."
"summon","SE-0209","Resolved Guardian Pattern 4","ADVANCED","3350","Scale Large; control moderate; sustain moderate continuous sustain; role guard / intercept; persistence evaluated. Element identity is excluded.","scale=Large;control=moderate;load=moderate continuous sustain;role=guard / intercept;mobility=ground;persistence=30 minutes–3 hours depending on scale, rank, competency, and basin state."
"summon","SE-0210","Resolved Carrier Pattern 4","ADVANCED","3350","Scale Large; control moderate; sustain moderate continuous sustain; role transport / extraction; persistence evaluated. Element identity is excluded.","scale=Large;control=moderate;load=moderate continuous sustain;role=transport / extraction;mobility=ground;persistence=30 minutes–3 hours depending on scale, rank, competency, and basin state."
"summon","SE-0211","Resolved Constricter Pattern 4","ADVANCED","2900","Scale Medium; control moderate; sustain moderate continuous sustain; role lane control / restraint; persistence evaluated. Element identity is excluded.","scale=Medium;control=moderate;load=moderate continuous sustain;role=lane control / restraint;mobility=ground/climb;persistence=30 minutes–3 hours depending on scale, rank, competency, and basin state."
"summon","SE-0212","Resolved Breaker Pattern 4","POWERFUL","7600","Scale Huge; control very high; sustain very high continuous sustain; role breaker / siege; persistence evaluated. Element identity is excluded.","scale=Huge;control=very high;load=very high continuous sustain;role=breaker / siege;mobility=ground;persistence=30 minutes–3 hours depending on scale, rank, competency, and basin state."
"summon","SE-0213","Resolved Pursuit Hound Pattern 5","COMMON_SPECIALIZATION","2050","Scale Small; control moderate; sustain moderate continuous sustain; role pursuit / interception; persistence evaluated. Element identity is excluded.","scale=Small;control=moderate;load=moderate continuous sustain;role=pursuit / interception;mobility=ground sprint/leap;persistence=30 minutes–3 hours depending on scale, rank, competency, and basin state."
"summon","SE-0214","Resolved Aerial Hunter Pattern 5","COMMON_SPECIALIZATION","2150","Scale Small; control moderate; sustain moderate continuous sustain; role aerial pursuit / strike; persistence evaluated. Element identity is excluded.","scale=Small;control=moderate;load=moderate continuous sustain;role=aerial pursuit / strike;mobility=aerial;persistence=30 minutes–3 hours depending on scale, rank, competency, and basin state."
"summon","SE-0215","Resolved Burrower Pattern 5","ADVANCED","2500","Scale Medium; control moderate; sustain moderate continuous sustain; role ambush / terrain approach; persistence evaluated. Element identity is excluded.","scale=Medium;control=moderate;load=moderate continuous sustain;role=ambush / terrain approach;mobility=ground/burrow;persistence=30 minutes–3 hours depending on scale, rank, competency, and basin state."
"summon","SE-0216","Resolved Wall Crawler Pattern 5","COMMON_SPECIALIZATION","1900","Scale Small; control moderate; sustain moderate continuous sustain; role scout / flank; persistence evaluated. Element identity is excluded.","scale=Small;control=moderate;load=moderate continuous sustain;role=scout / flank;mobility=ground/wall/ceiling;persistence=30 minutes–3 hours depending on scale, rank, competency, and basin state."
"summon","SE-0217","Resolved Guardian Pattern 5","ADVANCED","3350","Scale Large; control moderate; sustain moderate continuous sustain; role guard / intercept; persistence evaluated. Element identity is excluded.","scale=Large;control=moderate;load=moderate continuous sustain;role=guard / intercept;mobility=ground;persistence=30 minutes–3 hours depending on scale, rank, competency, and basin state."
"summon","SE-0218","Resolved Carrier Pattern 5","ADVANCED","3350","Scale Large; control moderate; sustain moderate continuous sustain; role transport / extraction; persistence evaluated. Element identity is excluded.","scale=Large;control=moderate;load=moderate continuous sustain;role=transport / extraction;mobility=ground;persistence=30 minutes–3 hours depending on scale, rank, competency, and basin state."
"summon","SE-0219","Resolved Constricter Pattern 5","ADVANCED","2900","Scale Medium; control moderate; sustain moderate continuous sustain; role lane control / restraint; persistence evaluated. Element identity is excluded.","scale=Medium;control=moderate;load=moderate continuous sustain;role=lane control / restraint;mobility=ground/climb;persistence=30 minutes–3 hours depending on scale, rank, competency, and basin state."
"summon","SE-0220","Resolved Breaker Pattern 5","POWERFUL","7600","Scale Huge; control very high; sustain very high continuous sustain; role breaker / siege; persistence evaluated. Element identity is excluded.","scale=Huge;control=very high;load=very high continuous sustain;role=breaker / siege;mobility=ground;persistence=30 minutes–3 hours depending on scale, rank, competency, and basin state."
"summon","PE-001","Genesis Prime Elemental","EXCEPTIONAL","10000","Author lock: every Prime has the same Red acquisition price.","Prime architecture; author lock"
"summon","PE-002","Coherence Prime Elemental","EXCEPTIONAL","10000","Author lock: every Prime has the same Red acquisition price.","Prime architecture; author lock"
"summon","PE-003","Resonance Prime Elemental","EXCEPTIONAL","10000","Author lock: every Prime has the same Red acquisition price.","Prime architecture; author lock"
"summon","PE-004","Dimensional Prime Elemental","EXCEPTIONAL","10000","Author lock: every Prime has the same Red acquisition price.","Prime architecture; author lock"
"summon","PE-005","Chirality Prime Elemental","EXCEPTIONAL","10000","Author lock: every Prime has the same Red acquisition price.","Prime architecture; author lock"
"summon","PE-006","Combustion Prime Elemental","EXCEPTIONAL","10000","Author lock: every Prime has the same Red acquisition price.","Prime architecture; author lock"
"summon","PE-007","Lightning Prime Elemental","EXCEPTIONAL","10000","Author lock: every Prime has the same Red acquisition price.","Prime architecture; author lock"
"summon","PE-008","Mineral Prime Elemental","EXCEPTIONAL","10000","Author lock: every Prime has the same Red acquisition price.","Prime architecture; author lock"
"summon","PE-009","Atmospheric Prime Elemental","EXCEPTIONAL","10000","Author lock: every Prime has the same Red acquisition price.","Prime architecture; author lock"
"binding","PT-0001","Coherence Field","COMMON_SPECIALIZATION","1800","Exact author-locked anchor; overrides semantic classifier.","Field"
"binding","PT-0002","Directed Coherence","FOUNDATIONAL","600","Exact author-locked anchor; overrides semantic classifier.","Directed"
"binding","PT-0003","Persistent Coherence","FOUNDATIONAL","700","Exact author-locked anchor; overrides semantic classifier.","Anchor"
"binding","PT-0004","Decoherence Field","ADVANCED","2800","Field delivery/control geometry","geometry=Field;mechanism=Bounded region continuously biasing admitted target structures toward decoherence.;operational_name=Decoherence Field"
"binding","PT-0005","Directed Decoherence","FOUNDATIONAL","600","direct single-target primitive","geometry=Directed;mechanism=Projected active decoherence of one resolved target structure.;operational_name=Directed Decoherence"
"binding","PT-0006","Persistent Decoherence","FOUNDATIONAL","700","persistent single-target primitive","geometry=Anchor;mechanism=Anchor a degrading instruction/reserve to a resolved target; applies decoherence over time.;operational_name=Persistent Decoherence"
"binding","DG-0001","Expanded Adjacency Bridge","ADVANCED","4500","focused versus expanded spatial constraint; adjacency/interior or exclusion topology","geometry=Spatial;mechanism=treat separated locations as temporarily adjacent; expanded implementation.;operational_name=Expanded Adjacency Bridge"
"binding","DG-0002","Expanded Compression Corridor","ADVANCED","3000","focused versus expanded spatial constraint","geometry=Spatial;mechanism=shorten traversed distance inside a bounded corridor; expanded implementation.;operational_name=Expanded Compression Corridor"
"binding","DG-0003","Expanded Directional Bias","ADVANCED","3000","focused versus expanded spatial constraint","geometry=Spatial;mechanism=produce bounded push/pull spatial bias; expanded implementation.;operational_name=Expanded Directional Bias"
"binding","DG-0004","Expanded Expansion Pocket","ADVANCED","4500","focused versus expanded spatial constraint; adjacency/interior or exclusion topology","geometry=Spatial;mechanism=increase interior usable extent relative to exterior; expanded implementation.;operational_name=Expanded Expansion Pocket"
"binding","DG-0005","Expanded Geometric Cage","ADVANCED","4500","focused versus expanded spatial constraint; adjacency/interior or exclusion topology","geometry=Spatial;mechanism=redirect exits back into a bounded volume; expanded implementation.;operational_name=Expanded Geometric Cage"
"binding","DG-0006","Expanded Landing Field","ADVANCED","3000","focused versus expanded spatial constraint","geometry=Spatial;mechanism=damp incoming momentum; expanded implementation.;operational_name=Expanded Landing Field"
"binding","DG-0007","Expanded Orientation Lock","ADVANCED","3000","focused versus expanded spatial constraint","geometry=Spatial;mechanism=hold a chosen orientation independent of local gravity/reference; expanded implementation.;operational_name=Expanded Orientation Lock"
"binding","DG-0008","Expanded Relative Distance Bias","ADVANCED","3000","focused versus expanded spatial constraint","geometry=Spatial;mechanism=increase/decrease effective separation inside a bounded relation; expanded implementation.;operational_name=Expanded Relative Distance Bias"
"binding","DG-0009","Expanded Rotation Field","ADVANCED","3000","focused versus expanded spatial constraint","geometry=Spatial;mechanism=apply controlled rotational geometry to admitted objects/participants; expanded implementation.;operational_name=Expanded Rotation Field"
"binding","DG-0010","Expanded Spatial Anchor","ADVANCED","3000","focused versus expanded spatial constraint","geometry=Spatial;mechanism=fix resolved position against displacement; expanded implementation.;operational_name=Expanded Spatial Anchor"
"binding","DG-0011","Expanded Spatial Exclusion","ADVANCED","3000","focused versus expanded spatial constraint","geometry=Spatial;mechanism=make a bounded region difficult to enter through ordinary motion; expanded implementation.;operational_name=Expanded Spatial Exclusion"
"binding","DG-0012","Expanded Spatial Shear","ADVANCED","4500","focused versus expanded spatial constraint; adjacency/interior or exclusion topology","geometry=Spatial;mechanism=create differential resolution across a plane; expanded implementation.;operational_name=Expanded Spatial Shear"
"binding","DG-0013","Expanded Spatial Step","ADVANCED","3000","focused versus expanded spatial constraint","geometry=Spatial;mechanism=short discrete spatial displacement; expanded implementation.;operational_name=Expanded Spatial Step"
"binding","DG-0014","Expanded Trajectory Bias","ADVANCED","3000","focused versus expanded spatial constraint","geometry=Spatial;mechanism=curve motion through a bounded geometry; expanded implementation.;operational_name=Expanded Trajectory Bias"
"binding","DG-0015","Expanded Vector Redirect","ADVANCED","3000","focused versus expanded spatial constraint","geometry=Spatial;mechanism=redirect existing momentum; expanded implementation.;operational_name=Expanded Vector Redirect"
"binding","DG-0016","Focused Adjacency Bridge","ADVANCED","3300","focused versus expanded spatial constraint; adjacency/interior or exclusion topology","geometry=Spatial;mechanism=treat separated locations as temporarily adjacent; focused implementation.;operational_name=Focused Adjacency Bridge"
"binding","DG-0017","Focused Compression Corridor","COMMON_SPECIALIZATION","1800","focused versus expanded spatial constraint","geometry=Spatial;mechanism=shorten traversed distance inside a bounded corridor; focused implementation.;operational_name=Focused Compression Corridor"
"binding","DG-0018","Focused Directional Bias","COMMON_SPECIALIZATION","1800","focused versus expanded spatial constraint","geometry=Spatial;mechanism=produce bounded push/pull spatial bias; focused implementation.;operational_name=Focused Directional Bias"
"binding","DG-0019","Focused Expansion Pocket","ADVANCED","3300","focused versus expanded spatial constraint; adjacency/interior or exclusion topology","geometry=Spatial;mechanism=increase interior usable extent relative to exterior; focused implementation.;operational_name=Focused Expansion Pocket"
"binding","DG-0020","Focused Geometric Cage","ADVANCED","3300","focused versus expanded spatial constraint; adjacency/interior or exclusion topology","geometry=Spatial;mechanism=redirect exits back into a bounded volume; focused implementation.;operational_name=Focused Geometric Cage"
"binding","DG-0021","Focused Landing Field","COMMON_SPECIALIZATION","1800","focused versus expanded spatial constraint","geometry=Spatial;mechanism=damp incoming momentum; focused implementation.;operational_name=Focused Landing Field"
"binding","DG-0022","Focused Orientation Lock","COMMON_SPECIALIZATION","1800","focused versus expanded spatial constraint","geometry=Spatial;mechanism=hold a chosen orientation independent of local gravity/reference; focused implementation.;operational_name=Focused Orientation Lock"
"binding","DG-0023","Focused Relative Distance Bias","COMMON_SPECIALIZATION","1800","focused versus expanded spatial constraint","geometry=Spatial;mechanism=increase/decrease effective separation inside a bounded relation; focused implementation.;operational_name=Focused Relative Distance Bias"
"binding","DG-0024","Focused Rotation Field","COMMON_SPECIALIZATION","1800","focused versus expanded spatial constraint","geometry=Spatial;mechanism=apply controlled rotational geometry to admitted objects/participants; focused implementation.;operational_name=Focused Rotation Field"
"binding","DG-0025","Focused Spatial Anchor","COMMON_SPECIALIZATION","1800","focused versus expanded spatial constraint","geometry=Spatial;mechanism=fix resolved position against displacement; focused implementation.;operational_name=Focused Spatial Anchor"
"binding","DG-0026","Focused Spatial Exclusion","COMMON_SPECIALIZATION","1800","focused versus expanded spatial constraint","geometry=Spatial;mechanism=make a bounded region difficult to enter through ordinary motion; focused implementation.;operational_name=Focused Spatial Exclusion"
"binding","DG-0027","Focused Spatial Shear","ADVANCED","3300","focused versus expanded spatial constraint; adjacency/interior or exclusion topology","geometry=Spatial;mechanism=create differential resolution across a plane; focused implementation.;operational_name=Focused Spatial Shear"
"binding","DG-0028","Focused Spatial Step","COMMON_SPECIALIZATION","1800","focused versus expanded spatial constraint","geometry=Spatial;mechanism=short discrete spatial displacement; focused implementation.;operational_name=Focused Spatial Step"
"binding","DG-0029","Focused Trajectory Bias","COMMON_SPECIALIZATION","1800","focused versus expanded spatial constraint","geometry=Spatial;mechanism=curve motion through a bounded geometry; focused implementation.;operational_name=Focused Trajectory Bias"
"binding","DG-0030","Focused Vector Redirect","COMMON_SPECIALIZATION","1800","focused versus expanded spatial constraint","geometry=Spatial;mechanism=redirect existing momentum; focused implementation.;operational_name=Focused Vector Redirect"
"binding","DG-0031","Continuous Spatial Resolution (CSR)","POWERFUL","7500","focused versus expanded spatial constraint; continuous free three-dimensional position/orientation/vector integration","geometry=Spatial;mechanism=Continuous spatial resolution of position/orientation enabling free 3D locomotion, hover, rotation, and vector redirection.;operational_name=Continuous Spatial Resolution (CSR)"
"binding","GF-0001","Expanded Anchor Map","COMMON_SPECIALIZATION","1800","local focused versus expanded information geometry","geometry=Perception;mechanism=map known anchors/links inside a bounded region; expanded implementation.;operational_name=Expanded Anchor Map"
"binding","GF-0002","Expanded Bandwidth Read","COMMON_SPECIALIZATION","1800","local focused versus expanded information geometry","geometry=Perception;mechanism=estimate active throughput and saturation risk; expanded implementation.;operational_name=Expanded Bandwidth Read"
"binding","GF-0003","Expanded Basin Load Read","COMMON_SPECIALIZATION","1800","local focused versus expanded information geometry","geometry=Perception;mechanism=estimate current basin loading of an observed willing/known system; expanded implementation.;operational_name=Expanded Basin Load Read"
"binding","GF-0004","Expanded Binding Read","COMMON_SPECIALIZATION","2300","local focused versus expanded information geometry; prediction/topology or signature interpretation","geometry=Perception;mechanism=inspect active Binding geometry/constraints; expanded implementation.;operational_name=Expanded Binding Read"
"binding","GF-0005","Expanded Coherence Diagnostic","COMMON_SPECIALIZATION","1800","local focused versus expanded information geometry","geometry=Perception;mechanism=read biological incoherence without healing; expanded implementation.;operational_name=Expanded Coherence Diagnostic"
"binding","GF-0006","Expanded Egress Map","COMMON_SPECIALIZATION","1800","local focused versus expanded information geometry","geometry=Perception;mechanism=identify viable exits/retreat corridors through local geometry; expanded implementation.;operational_name=Expanded Egress Map"
"binding","GF-0007","Expanded Event Residue Read","COMMON_SPECIALIZATION","1800","local focused versus expanded information geometry","geometry=Perception;mechanism=classify recent Transductive event residue; expanded implementation.;operational_name=Expanded Event Residue Read"
"binding","GF-0008","Expanded Field Gradient Sense","COMMON_SPECIALIZATION","1800","local focused versus expanded information geometry","geometry=Perception;mechanism=sense local Genesis density/flow/instability gradients; expanded implementation.;operational_name=Expanded Field Gradient Sense"
"binding","GF-0009","Expanded Field Occlusion Read","COMMON_SPECIALIZATION","1800","local focused versus expanded information geometry","geometry=Perception;mechanism=identify where terrain/structure blocks ordinary perception but not field resolution; expanded implementation.;operational_name=Expanded Field Occlusion Read"
"binding","GF-0010","Expanded Formation Map","COMMON_SPECIALIZATION","1800","local focused versus expanded information geometry","geometry=Perception;mechanism=resolve willing allied positions into a shared spatial model; expanded implementation.;operational_name=Expanded Formation Map"
"binding","GF-0011","Expanded Genesis Sight","COMMON_SPECIALIZATION","1800","local focused versus expanded information geometry","geometry=Perception;mechanism=resolve local Genesis-field structure; expanded implementation.;operational_name=Expanded Genesis Sight"
"binding","GF-0012","Expanded Hazard Resolve","COMMON_SPECIALIZATION","1800","local focused versus expanded information geometry","geometry=Perception;mechanism=mark unstable environmental Genesis structures; expanded implementation.;operational_name=Expanded Hazard Resolve"
"binding","GF-0013","Expanded Identity Signature","COMMON_SPECIALIZATION","2300","local focused versus expanded information geometry; prediction/topology or signature interpretation","geometry=Perception;mechanism=recognize a learned stable Genesis signature; expanded implementation.;operational_name=Expanded Identity Signature"
"binding","GF-0014","Expanded Ingress Map","COMMON_SPECIALIZATION","1800","local focused versus expanded information geometry","geometry=Perception;mechanism=identify admissible movement corridors through local geometry; expanded implementation.;operational_name=Expanded Ingress Map"
"binding","GF-0015","Expanded Motion Forecast","COMMON_SPECIALIZATION","2300","local focused versus expanded information geometry; prediction/topology or signature interpretation","geometry=Perception;mechanism=extrapolate near-term trajectories from resolved motion; expanded implementation.;operational_name=Expanded Motion Forecast"
"binding","GF-0016","Expanded Range Map","COMMON_SPECIALIZATION","1800","local focused versus expanded information geometry","geometry=Perception;mechanism=resolve distances/relative placement within a bounded local volume; expanded implementation.;operational_name=Expanded Range Map"
"binding","GF-0017","Expanded Structural Weakness Read","COMMON_SPECIALIZATION","1800","local focused versus expanded information geometry","geometry=Perception;mechanism=identify unstable portions of hostile structure; expanded implementation.;operational_name=Expanded Structural Weakness Read"
"binding","GF-0018","Expanded Threat Resolve","COMMON_SPECIALIZATION","1800","local focused versus expanded information geometry","geometry=Perception;mechanism=mark/track hostile Genesis-resolved entities; expanded implementation.;operational_name=Expanded Threat Resolve"
"binding","GF-0019","Expanded Transduction Trace","COMMON_SPECIALIZATION","1800","local focused versus expanded information geometry","geometry=Perception;mechanism=follow residual Genesis disturbance; expanded implementation.;operational_name=Expanded Transduction Trace"
"binding","GF-0020","Expanded Velis Survey","COMMON_SPECIALIZATION","2300","local focused versus expanded information geometry; prediction/topology or signature interpretation","geometry=Perception;mechanism=read persistent velis topology; expanded implementation.;operational_name=Expanded Velis Survey"
"binding","GF-0021","Focused Anchor Map","FOUNDATIONAL","800","local focused versus expanded information geometry","geometry=Perception;mechanism=map known anchors/links inside a bounded region; focused implementation.;operational_name=Focused Anchor Map"
"binding","GF-0022","Focused Bandwidth Read","FOUNDATIONAL","800","local focused versus expanded information geometry","geometry=Perception;mechanism=estimate active throughput and saturation risk; focused implementation.;operational_name=Focused Bandwidth Read"
"binding","GF-0023","Focused Basin Load Read","FOUNDATIONAL","800","local focused versus expanded information geometry","geometry=Perception;mechanism=estimate current basin loading of an observed willing/known system; focused implementation.;operational_name=Focused Basin Load Read"
"binding","GF-0024","Focused Binding Read","COMMON_SPECIALIZATION","1300","local focused versus expanded information geometry; prediction/topology or signature interpretation","geometry=Perception;mechanism=inspect active Binding geometry/constraints; focused implementation.;operational_name=Focused Binding Read"
"binding","GF-0025","Focused Coherence Diagnostic","FOUNDATIONAL","800","local focused versus expanded information geometry","geometry=Perception;mechanism=read biological incoherence without healing; focused implementation.;operational_name=Focused Coherence Diagnostic"
"binding","GF-0026","Focused Egress Map","FOUNDATIONAL","800","local focused versus expanded information geometry","geometry=Perception;mechanism=identify viable exits/retreat corridors through local geometry; focused implementation.;operational_name=Focused Egress Map"
"binding","GF-0027","Focused Event Residue Read","FOUNDATIONAL","800","local focused versus expanded information geometry","geometry=Perception;mechanism=classify recent Transductive event residue; focused implementation.;operational_name=Focused Event Residue Read"
"binding","GF-0028","Focused Field Gradient Sense","FOUNDATIONAL","800","local focused versus expanded information geometry","geometry=Perception;mechanism=sense local Genesis density/flow/instability gradients; focused implementation.;operational_name=Focused Field Gradient Sense"
"binding","GF-0029","Focused Field Occlusion Read","FOUNDATIONAL","800","local focused versus expanded information geometry","geometry=Perception;mechanism=identify where terrain/structure blocks ordinary perception but not field resolution; focused implementation.;operational_name=Focused Field Occlusion Read"
"binding","GF-0030","Focused Formation Map","FOUNDATIONAL","800","local focused versus expanded information geometry","geometry=Perception;mechanism=resolve willing allied positions into a shared spatial model; focused implementation.;operational_name=Focused Formation Map"
"binding","GF-0031","Focused Genesis Sight","FOUNDATIONAL","800","local focused versus expanded information geometry","geometry=Perception;mechanism=resolve local Genesis-field structure; focused implementation.;operational_name=Focused Genesis Sight"
"binding","GF-0032","Focused Hazard Resolve","FOUNDATIONAL","800","local focused versus expanded information geometry","geometry=Perception;mechanism=mark unstable environmental Genesis structures; focused implementation.;operational_name=Focused Hazard Resolve"
"binding","GF-0033","Focused Identity Signature","COMMON_SPECIALIZATION","1300","local focused versus expanded information geometry; prediction/topology or signature interpretation","geometry=Perception;mechanism=recognize a learned stable Genesis signature; focused implementation.;operational_name=Focused Identity Signature"
"binding","GF-0034","Focused Ingress Map","FOUNDATIONAL","800","local focused versus expanded information geometry","geometry=Perception;mechanism=identify admissible movement corridors through local geometry; focused implementation.;operational_name=Focused Ingress Map"
"binding","GF-0035","Focused Motion Forecast","COMMON_SPECIALIZATION","1300","local focused versus expanded information geometry; prediction/topology or signature interpretation","geometry=Perception;mechanism=extrapolate near-term trajectories from resolved motion; focused implementation.;operational_name=Focused Motion Forecast"
"binding","GF-0036","Focused Range Map","FOUNDATIONAL","800","local focused versus expanded information geometry","geometry=Perception;mechanism=resolve distances/relative placement within a bounded local volume; focused implementation.;operational_name=Focused Range Map"
"binding","GF-0037","Focused Structural Weakness Read","FOUNDATIONAL","800","local focused versus expanded information geometry","geometry=Perception;mechanism=identify unstable portions of hostile structure; focused implementation.;operational_name=Focused Structural Weakness Read"
"binding","GF-0038","Focused Threat Resolve","FOUNDATIONAL","800","local focused versus expanded information geometry","geometry=Perception;mechanism=mark/track hostile Genesis-resolved entities; focused implementation.;operational_name=Focused Threat Resolve"
"binding","GF-0039","Focused Transduction Trace","FOUNDATIONAL","800","local focused versus expanded information geometry","geometry=Perception;mechanism=follow residual Genesis disturbance; focused implementation.;operational_name=Focused Transduction Trace"
"binding","GF-0040","Focused Velis Survey","COMMON_SPECIALIZATION","1300","local focused versus expanded information geometry; prediction/topology or signature interpretation","geometry=Perception;mechanism=read persistent velis topology; focused implementation.;operational_name=Focused Velis Survey"
"binding","GF-0041","Basin Shedding","FOUNDATIONAL","900","single-summon command/control primitive","geometry=Control relation;mechanism=dismiss one summon and preferentially unload one compatible basin.;operational_name=Basin Shedding"
"binding","GF-0042","Burst Manifest","POWERFUL","5200","single-summon command/control primitive; deep/high-output/remote reconstruction","geometry=Control relation;mechanism=manifest a high-output summon rapidly at increased basin cost.;operational_name=Burst Manifest"
"binding","GF-0043","Command Relay","ADVANCED","2600","single-summon command/control primitive; distributed/concurrent control","geometry=Control relation;mechanism=allow one summon to relay simple validated commands to linked summons.;operational_name=Command Relay"
"binding","GF-0044","Conditional Command","COMMON_SPECIALIZATION","1700","single-summon command/control primitive; conditional or information-rich behavior","geometry=Control relation;mechanism=trigger one validated summon behavior when a condition is met.;operational_name=Conditional Command"
"binding","GF-0045","Deep Manifest","POWERFUL","5200","single-summon command/control primitive; deep/high-output/remote reconstruction","geometry=Control relation;mechanism=increase manifestation structural depth at higher continuous cost.;operational_name=Deep Manifest"
"binding","GF-0046","Dismiss","FOUNDATIONAL","900","single-summon command/control primitive","geometry=Control relation;mechanism=terminate a maintained summon cleanly and recover residual control faster.;operational_name=Dismiss"
"binding","GF-0047","Emergency Collapse","FOUNDATIONAL","900","single-summon command/control primitive","geometry=Control relation;mechanism=terminate a summon violently to recover some control bandwidth immediately.;operational_name=Emergency Collapse"
"binding","GF-0048","Escort Command","FOUNDATIONAL","900","single-summon command/control primitive","geometry=Control relation;mechanism=bind one summon to remain within a chosen distance of an ally.;operational_name=Escort Command"
"binding","GF-0049","Extraction Carry","FOUNDATIONAL","900","single-summon command/control primitive","geometry=Control relation;mechanism=configure summon for casualty/personnel transport.;operational_name=Extraction Carry"
"binding","GF-0050","Formation Link","ADVANCED","2600","single-summon command/control primitive; distributed/concurrent control","geometry=Control relation;mechanism=maintain relative positions among multiple summons.;operational_name=Formation Link"
"binding","GF-0051","Guard Command","FOUNDATIONAL","900","single-summon command/control primitive","geometry=Control relation;mechanism=bind one summon to intercept threats against a chosen ally.;operational_name=Guard Command"
"binding","GF-0052","Harrier Command","FOUNDATIONAL","900","single-summon command/control primitive","geometry=Control relation;mechanism=bind one summon to repeated low-commitment disruption attacks.;operational_name=Harrier Command"
"binding","GF-0053","Hold Position","FOUNDATIONAL","900","single-summon command/control primitive","geometry=Control relation;mechanism=bind one summon to defend a bounded location.;operational_name=Hold Position"
"binding","GF-0054","Hunt Command","FOUNDATIONAL","900","single-summon command/control primitive","geometry=Control relation;mechanism=bind one summon to pursue a designated resolved target.;operational_name=Hunt Command"
"binding","GF-0055","Intercept Command","COMMON_SPECIALIZATION","1700","single-summon command/control primitive; conditional or information-rich behavior","geometry=Control relation;mechanism=bind one summon to prioritize incoming hostile projectiles/entities.;operational_name=Intercept Command"
"binding","GF-0056","Leash Boundary","FOUNDATIONAL","900","single-summon command/control primitive","geometry=Control relation;mechanism=define a maximum operating boundary the summon will not cross.;operational_name=Leash Boundary"
"binding","GF-0057","Light Manifest","FOUNDATIONAL","900","single-summon command/control primitive","geometry=Control relation;mechanism=reduce output/complexity for much longer sustain.;operational_name=Light Manifest"
"binding","GF-0058","Linked Sustain","ADVANCED","2600","single-summon command/control primitive; distributed/concurrent control","geometry=Control relation;mechanism=distribute maintenance attention across a small summon group.;operational_name=Linked Sustain"
"binding","GF-0059","Manifestation Audit","FOUNDATIONAL","900","single-summon command/control primitive","geometry=Control relation;mechanism=read current summon stability, basin draw, and control load.;operational_name=Manifestation Audit"
"binding","GF-0060","Pack Link","ADVANCED","2600","single-summon command/control primitive; distributed/concurrent control","geometry=Control relation;mechanism=share basic position/target state across multiple summons.;operational_name=Pack Link"
"binding","GF-0061","Parallel Focus","ADVANCED","2600","single-summon command/control primitive; distributed/concurrent control","geometry=Control relation;mechanism=reduce cognitive penalty for controlling three or more summons.;operational_name=Parallel Focus"
"binding","GF-0062","Patrol Loop","FOUNDATIONAL","900","single-summon command/control primitive","geometry=Control relation;mechanism=bind one summon to repeat a validated movement route.;operational_name=Patrol Loop"
"binding","GF-0063","Persistence Anchor","FOUNDATIONAL","900","single-summon command/control primitive","geometry=Control relation;mechanism=reduce maintenance drift for one summon.;operational_name=Persistence Anchor"
"binding","GF-0064","Priority Stack","COMMON_SPECIALIZATION","1700","single-summon command/control primitive; conditional or information-rich behavior","geometry=Control relation;mechanism=maintain ordered target priorities in one summon.;operational_name=Priority Stack"
"binding","GF-0065","Range Anchor","FOUNDATIONAL","900","single-summon command/control primitive","geometry=Control relation;mechanism=extend stable control range of one summon.;operational_name=Range Anchor"
"binding","GF-0066","Recall","FOUNDATIONAL","900","single-summon command/control primitive","geometry=Control relation;mechanism=return a maintained summon to the summoner's immediate vicinity.;operational_name=Recall"
"binding","GF-0067","Reconstitute","POWERFUL","5200","single-summon command/control primitive; deep/high-output/remote reconstruction","geometry=Control relation;mechanism=reform a heavily damaged maintained summon instead of complete remanifestation.;operational_name=Reconstitute"
"binding","GF-0068","Remote Manifest","POWERFUL","5200","single-summon command/control primitive; deep/high-output/remote reconstruction","geometry=Control relation;mechanism=manifest at a resolved remote locus rather than adjacent to the summoner.;operational_name=Remote Manifest"
"binding","GF-0069","Reserve Feed","FOUNDATIONAL","900","single-summon command/control primitive","geometry=Control relation;mechanism=feed additional energy into one maintained summon without remanifesting it.;operational_name=Reserve Feed"
"binding","GF-0070","Return Route","COMMON_SPECIALIZATION","1700","single-summon command/control primitive; conditional or information-rich behavior","geometry=Control relation;mechanism=pre-resolve a retreat path summons follow when control weakens.;operational_name=Return Route"
"binding","GF-0071","Return on Fatigue","COMMON_SPECIALIZATION","1700","single-summon command/control primitive; conditional or information-rich behavior","geometry=Control relation;mechanism=automatic recall/dismiss behavior at basin-fatigue threshold.;operational_name=Return on Fatigue"
"binding","GF-0072","Sacrificial Guard","FOUNDATIONAL","900","single-summon command/control primitive","geometry=Control relation;mechanism=order summon to absorb/intercept a catastrophic event then collapse.;operational_name=Sacrificial Guard"
"binding","GF-0073","Safe Dismissal","FOUNDATIONAL","900","single-summon command/control primitive","geometry=Control relation;mechanism=make dismissal less disruptive under high fatigue.;operational_name=Safe Dismissal"
"binding","GF-0074","Scout Relay","COMMON_SPECIALIZATION","1700","single-summon command/control primitive; conditional or information-rich behavior","geometry=Control relation;mechanism=periodically return compressed reconnaissance state to summoner.;operational_name=Scout Relay"
"binding","GF-0075","Search Command","COMMON_SPECIALIZATION","1700","single-summon command/control primitive; conditional or information-rich behavior","geometry=Control relation;mechanism=bind one summon to systematic area search behavior.;operational_name=Search Command"
"binding","GF-0076","Shared Hearing","FOUNDATIONAL","900","single-summon command/control primitive","geometry=Control relation;mechanism=receive acoustic-state data from one summon.;operational_name=Shared Hearing"
"binding","GF-0077","Shared Sight","FOUNDATIONAL","900","single-summon command/control primitive","geometry=Control relation;mechanism=receive visual-state data from one summon.;operational_name=Shared Sight"
"binding","GF-0078","Silent Command","FOUNDATIONAL","900","single-summon command/control primitive","geometry=Control relation;mechanism=issue simple commands without overt gesture/speech.;operational_name=Silent Command"
"binding","GF-0079","Slow Manifest","FOUNDATIONAL","900","single-summon command/control primitive","geometry=Control relation;mechanism=trade formation time for lower initial basin shock.;operational_name=Slow Manifest"
"binding","GF-0080","Split Focus","ADVANCED","2600","single-summon command/control primitive; distributed/concurrent control","geometry=Control relation;mechanism=reduce cognitive penalty for controlling two summons independently.;operational_name=Split Focus"
"binding","GF-0081","Summon Amplify","FOUNDATIONAL","900","single-summon command/control primitive","geometry=Control relation;mechanism=briefly increase one summon’s output at sharply higher basin drain.;operational_name=Summon Amplify"
"binding","GF-0082","Summon Barrier","FOUNDATIONAL","900","single-summon command/control primitive","geometry=Control relation;mechanism=attach a low-grade protective layer to one maintained summon.;operational_name=Summon Barrier"
"binding","GF-0083","Summon Coherence","FOUNDATIONAL","900","single-summon command/control primitive","geometry=Control relation;mechanism=stabilize a damaged summon against rapid degradation.;operational_name=Summon Coherence"
"binding","GF-0084","Summon Dampen","FOUNDATIONAL","900","single-summon command/control primitive","geometry=Control relation;mechanism=reduce one summon’s output to extend endurance.;operational_name=Summon Dampen"
"binding","GF-0085","Summon Handoff","ADVANCED","2600","single-summon command/control primitive; distributed/concurrent control","geometry=Control relation;mechanism=temporarily transfer limited command authority to a willing compatible ally.;operational_name=Summon Handoff"
"binding","GF-0086","Summon Mark","FOUNDATIONAL","900","single-summon command/control primitive","geometry=Control relation;mechanism=attach a reference mark for easier retargeting/recollection.;operational_name=Summon Mark"
"binding","GF-0087","Target Share","FOUNDATIONAL","900","single-summon command/control primitive","geometry=Control relation;mechanism=share a resolved hostile target from summoner to summons.;operational_name=Target Share"
"binding","GF-0088","Threat Share","COMMON_SPECIALIZATION","1700","single-summon command/control primitive; conditional or information-rich behavior","geometry=Control relation;mechanism=share a simple threat-priority map with compatible summons.;operational_name=Threat Share"
"binding","GF-0089","Track Command","FOUNDATIONAL","900","single-summon command/control primitive","geometry=Control relation;mechanism=bind one summon to follow a resolved signature.;operational_name=Track Command"
"binding","GF-0090","Waypoint Lattice","ADVANCED","2600","single-summon command/control primitive; distributed/concurrent control","geometry=Control relation;mechanism=assign multiple resolved waypoints to a summon.;operational_name=Waypoint Lattice"
"binding","GE-0001","Forking Acoustic Arc","COMMON_SPECIALIZATION","1700","Arc delivery/control geometry","geometry=Arc;mechanism=mechanical-wave / acoustic pressure propagation;operational_name=Forking Acoustic Arc"
"binding","GE-0002","Single Acoustic Arc","COMMON_SPECIALIZATION","1700","Arc delivery/control geometry","geometry=Arc;mechanism=mechanical-wave / acoustic pressure propagation;operational_name=Single Acoustic Arc"
"binding","GE-0003","Burst Acoustic Beam","ADVANCED","2800","Beam delivery/control geometry","geometry=Beam;mechanism=mechanical-wave / acoustic pressure propagation;operational_name=Burst Acoustic Beam"
"binding","GE-0004","Channeled Acoustic Beam","ADVANCED","3500","Beam delivery/control geometry; controlled/mobile/channeled sustain","geometry=Beam;mechanism=mechanical-wave / acoustic pressure propagation;operational_name=Channeled Acoustic Beam"
"binding","GE-0005","Implosive Acoustic Burst","COMMON_SPECIALIZATION","2000","Burst delivery/control geometry","geometry=Burst;mechanism=mechanical-wave / acoustic pressure propagation;operational_name=Implosive Acoustic Burst"
"binding","GE-0006","Outward Acoustic Burst","COMMON_SPECIALIZATION","2000","Burst delivery/control geometry","geometry=Burst;mechanism=mechanical-wave / acoustic pressure propagation;operational_name=Outward Acoustic Burst"
"binding","GE-0007","Mobile Acoustic Field","ADVANCED","3500","Field delivery/control geometry; controlled/mobile/channeled sustain","geometry=Field;mechanism=mechanical-wave / acoustic pressure propagation;operational_name=Mobile Acoustic Field"
"binding","GE-0008","Static Acoustic Field","ADVANCED","2800","Field delivery/control geometry","geometry=Field;mechanism=mechanical-wave / acoustic pressure propagation;operational_name=Static Acoustic Field"
"binding","GE-0009","Focused Acoustic Jet","COMMON_SPECIALIZATION","1600","Jet delivery/control geometry","geometry=Jet;mechanism=mechanical-wave / acoustic pressure propagation;operational_name=Focused Acoustic Jet"
"binding","GE-0010","Sweeping Acoustic Jet","COMMON_SPECIALIZATION","2400","Jet delivery/control geometry; expanded area or sustained throughput","geometry=Jet;mechanism=mechanical-wave / acoustic pressure propagation;operational_name=Sweeping Acoustic Jet"
"binding","GE-0011","Piercing Acoustic Lance","COMMON_SPECIALIZATION","2100","Lance delivery/control geometry","geometry=Lance;mechanism=mechanical-wave / acoustic pressure propagation;operational_name=Piercing Acoustic Lance"
"binding","GE-0012","Staged Acoustic Lance","COMMON_SPECIALIZATION","2100","Lance delivery/control geometry","geometry=Lance;mechanism=mechanical-wave / acoustic pressure propagation;operational_name=Staged Acoustic Lance"
"binding","GE-0013","Controlled Acoustic Orb","ADVANCED","2900","Orb delivery/control geometry; controlled/mobile/channeled sustain","geometry=Orb;mechanism=mechanical-wave / acoustic pressure propagation;operational_name=Controlled Acoustic Orb"
"binding","GE-0014","Detonating Acoustic Orb","COMMON_SPECIALIZATION","2200","Orb delivery/control geometry","geometry=Orb;mechanism=mechanical-wave / acoustic pressure propagation;operational_name=Detonating Acoustic Orb"
"binding","GE-0015","Overcharged Acoustic Projectile","COMMON_SPECIALIZATION","1100","Projectile delivery/control geometry","geometry=Projectile;mechanism=mechanical-wave / acoustic pressure propagation;operational_name=Overcharged Acoustic Projectile"
"binding","GE-0016","Released Acoustic Projectile","COMMON_SPECIALIZATION","1100","Projectile delivery/control geometry","geometry=Projectile;mechanism=mechanical-wave / acoustic pressure propagation;operational_name=Released Acoustic Projectile"
"binding","GE-0017","Contracting Acoustic Ring","ADVANCED","2900","Ring delivery/control geometry","geometry=Ring;mechanism=mechanical-wave / acoustic pressure propagation;operational_name=Contracting Acoustic Ring"
"binding","GE-0018","Expanding Acoustic Ring","ADVANCED","2900","Ring delivery/control geometry","geometry=Ring;mechanism=mechanical-wave / acoustic pressure propagation;operational_name=Expanding Acoustic Ring"
"binding","GE-0019","Repeating Acoustic Wave","ADVANCED","2700","Wave delivery/control geometry","geometry=Wave;mechanism=mechanical-wave / acoustic pressure propagation;operational_name=Repeating Acoustic Wave"
"binding","GE-0020","Single-Front Acoustic Wave","ADVANCED","2700","Wave delivery/control geometry","geometry=Wave;mechanism=mechanical-wave / acoustic pressure propagation;operational_name=Single-Front Acoustic Wave"
"binding","GE-0021","Forking Atmospheric Arc","COMMON_SPECIALIZATION","1700","Arc delivery/control geometry","geometry=Arc;mechanism=available atmospheric gas flow and pressure control;operational_name=Forking Atmospheric Arc"
"binding","GE-0022","Single Atmospheric Arc","COMMON_SPECIALIZATION","1700","Arc delivery/control geometry","geometry=Arc;mechanism=available atmospheric gas flow and pressure control;operational_name=Single Atmospheric Arc"
"binding","GE-0023","Burst Atmospheric Beam","ADVANCED","2800","Beam delivery/control geometry","geometry=Beam;mechanism=available atmospheric gas flow and pressure control;operational_name=Burst Atmospheric Beam"
"binding","GE-0024","Channeled Atmospheric Beam","ADVANCED","3500","Beam delivery/control geometry; controlled/mobile/channeled sustain","geometry=Beam;mechanism=available atmospheric gas flow and pressure control;operational_name=Channeled Atmospheric Beam"
"binding","GE-0025","Implosive Atmospheric Burst","COMMON_SPECIALIZATION","2000","Burst delivery/control geometry","geometry=Burst;mechanism=available atmospheric gas flow and pressure control;operational_name=Implosive Atmospheric Burst"
"binding","GE-0026","Outward Atmospheric Burst","COMMON_SPECIALIZATION","2000","Burst delivery/control geometry","geometry=Burst;mechanism=available atmospheric gas flow and pressure control;operational_name=Outward Atmospheric Burst"
"binding","GE-0027","Mobile Atmospheric Field","ADVANCED","3500","Field delivery/control geometry; controlled/mobile/channeled sustain","geometry=Field;mechanism=available atmospheric gas flow and pressure control;operational_name=Mobile Atmospheric Field"
"binding","GE-0028","Static Atmospheric Field","ADVANCED","2800","Field delivery/control geometry","geometry=Field;mechanism=available atmospheric gas flow and pressure control;operational_name=Static Atmospheric Field"
"binding","GE-0029","Focused Atmospheric Jet","COMMON_SPECIALIZATION","1600","Jet delivery/control geometry","geometry=Jet;mechanism=available atmospheric gas flow and pressure control;operational_name=Focused Atmospheric Jet"
"binding","GE-0030","Sweeping Atmospheric Jet","COMMON_SPECIALIZATION","2400","Jet delivery/control geometry; expanded area or sustained throughput","geometry=Jet;mechanism=available atmospheric gas flow and pressure control;operational_name=Sweeping Atmospheric Jet"
"binding","GE-0031","Piercing Atmospheric Lance","COMMON_SPECIALIZATION","2100","Lance delivery/control geometry","geometry=Lance;mechanism=available atmospheric gas flow and pressure control;operational_name=Piercing Atmospheric Lance"
"binding","GE-0032","Staged Atmospheric Lance","COMMON_SPECIALIZATION","2100","Lance delivery/control geometry","geometry=Lance;mechanism=available atmospheric gas flow and pressure control;operational_name=Staged Atmospheric Lance"
"binding","GE-0033","Controlled Atmospheric Orb","ADVANCED","2900","Orb delivery/control geometry; controlled/mobile/channeled sustain","geometry=Orb;mechanism=available atmospheric gas flow and pressure control;operational_name=Controlled Atmospheric Orb"
"binding","GE-0034","Detonating Atmospheric Orb","COMMON_SPECIALIZATION","2200","Orb delivery/control geometry","geometry=Orb;mechanism=available atmospheric gas flow and pressure control;operational_name=Detonating Atmospheric Orb"
"binding","GE-0035","Overcharged Atmospheric Projectile","COMMON_SPECIALIZATION","1100","Projectile delivery/control geometry","geometry=Projectile;mechanism=available atmospheric gas flow and pressure control;operational_name=Overcharged Atmospheric Projectile"
"binding","GE-0036","Released Atmospheric Projectile","COMMON_SPECIALIZATION","1100","Projectile delivery/control geometry","geometry=Projectile;mechanism=available atmospheric gas flow and pressure control;operational_name=Released Atmospheric Projectile"
"binding","GE-0037","Contracting Atmospheric Ring","ADVANCED","2900","Ring delivery/control geometry","geometry=Ring;mechanism=available atmospheric gas flow and pressure control;operational_name=Contracting Atmospheric Ring"
"binding","GE-0038","Expanding Atmospheric Ring","ADVANCED","2900","Ring delivery/control geometry","geometry=Ring;mechanism=available atmospheric gas flow and pressure control;operational_name=Expanding Atmospheric Ring"
"binding","GE-0039","Repeating Atmospheric Wave","ADVANCED","2700","Wave delivery/control geometry","geometry=Wave;mechanism=available atmospheric gas flow and pressure control;operational_name=Repeating Atmospheric Wave"
"binding","GE-0040","Single-Front Atmospheric Wave","ADVANCED","2700","Wave delivery/control geometry","geometry=Wave;mechanism=available atmospheric gas flow and pressure control;operational_name=Single-Front Atmospheric Wave"
"binding","GE-0041","Barrier Dome","ADVANCED","3000","Dome delivery/control geometry","geometry=Dome;mechanism=Bounded shell barrier enclosing a region and intercepting compatible incoming events.;operational_name=Barrier Dome"
"binding","GE-0042","Barrier Plane","COMMON_SPECIALIZATION","1800","Plane delivery/control geometry","geometry=Plane;mechanism=Freestanding planar Genesis-expression barrier intercepting compatible incoming events.;operational_name=Barrier Plane"
"binding","GE-0043","Genesis Beam","POWERFUL","5000","Exact author-locked anchor; overrides semantic classifier.","Beam"
"binding","GE-0044","Forking Combustion Arc","COMMON_SPECIALIZATION","1700","Arc delivery/control geometry","geometry=Arc;mechanism=rapid oxidation / thermal release using available reactants;operational_name=Forking Combustion Arc"
"binding","GE-0045","Single Combustion Arc","COMMON_SPECIALIZATION","1700","Arc delivery/control geometry","geometry=Arc;mechanism=rapid oxidation / thermal release using available reactants;operational_name=Single Combustion Arc"
"binding","GE-0046","Burst Combustion Beam","ADVANCED","2800","Beam delivery/control geometry","geometry=Beam;mechanism=rapid oxidation / thermal release using available reactants;operational_name=Burst Combustion Beam"
"binding","GE-0047","Channeled Combustion Beam","ADVANCED","3500","Beam delivery/control geometry; controlled/mobile/channeled sustain","geometry=Beam;mechanism=rapid oxidation / thermal release using available reactants;operational_name=Channeled Combustion Beam"
"binding","GE-0048","Implosive Combustion Burst","COMMON_SPECIALIZATION","2000","Burst delivery/control geometry","geometry=Burst;mechanism=rapid oxidation / thermal release using available reactants;operational_name=Implosive Combustion Burst"
"binding","GE-0049","Outward Combustion Burst","COMMON_SPECIALIZATION","2000","Burst delivery/control geometry","geometry=Burst;mechanism=rapid oxidation / thermal release using available reactants;operational_name=Outward Combustion Burst"
"binding","GE-0050","Mobile Combustion Field","ADVANCED","3500","Field delivery/control geometry; controlled/mobile/channeled sustain","geometry=Field;mechanism=rapid oxidation / thermal release using available reactants;operational_name=Mobile Combustion Field"
"binding","GE-0051","Static Combustion Field","ADVANCED","2800","Field delivery/control geometry","geometry=Field;mechanism=rapid oxidation / thermal release using available reactants;operational_name=Static Combustion Field"
"binding","GE-0052","Focused Combustion Jet","COMMON_SPECIALIZATION","1600","Jet delivery/control geometry","geometry=Jet;mechanism=rapid oxidation / thermal release using available reactants;operational_name=Focused Combustion Jet"
"binding","GE-0053","Sweeping Combustion Jet","COMMON_SPECIALIZATION","2400","Jet delivery/control geometry; expanded area or sustained throughput","geometry=Jet;mechanism=rapid oxidation / thermal release using available reactants;operational_name=Sweeping Combustion Jet"
"binding","GE-0054","Piercing Combustion Lance","COMMON_SPECIALIZATION","2100","Lance delivery/control geometry","geometry=Lance;mechanism=rapid oxidation / thermal release using available reactants;operational_name=Piercing Combustion Lance"
"binding","GE-0055","Staged Combustion Lance","COMMON_SPECIALIZATION","2100","Lance delivery/control geometry","geometry=Lance;mechanism=rapid oxidation / thermal release using available reactants;operational_name=Staged Combustion Lance"
"binding","GE-0056","Controlled Combustion Orb","ADVANCED","2900","Orb delivery/control geometry; controlled/mobile/channeled sustain","geometry=Orb;mechanism=rapid oxidation / thermal release using available reactants;operational_name=Controlled Combustion Orb"
"binding","GE-0057","Detonating Combustion Orb","COMMON_SPECIALIZATION","2200","Orb delivery/control geometry","geometry=Orb;mechanism=rapid oxidation / thermal release using available reactants;operational_name=Detonating Combustion Orb"
"binding","GE-0058","Overcharged Combustion Projectile","COMMON_SPECIALIZATION","1100","Projectile delivery/control geometry","geometry=Projectile;mechanism=rapid oxidation / thermal release using available reactants;operational_name=Overcharged Combustion Projectile"
"binding","GE-0059","Released Combustion Projectile","COMMON_SPECIALIZATION","1100","Projectile delivery/control geometry","geometry=Projectile;mechanism=rapid oxidation / thermal release using available reactants;operational_name=Released Combustion Projectile"
"binding","GE-0060","Contracting Combustion Ring","ADVANCED","2900","Ring delivery/control geometry","geometry=Ring;mechanism=rapid oxidation / thermal release using available reactants;operational_name=Contracting Combustion Ring"
"binding","GE-0061","Expanding Combustion Ring","ADVANCED","2900","Ring delivery/control geometry","geometry=Ring;mechanism=rapid oxidation / thermal release using available reactants;operational_name=Expanding Combustion Ring"
"binding","GE-0062","Repeating Combustion Wave","ADVANCED","2700","Wave delivery/control geometry","geometry=Wave;mechanism=rapid oxidation / thermal release using available reactants;operational_name=Repeating Combustion Wave"
"binding","GE-0063","Single-Front Combustion Wave","ADVANCED","2700","Wave delivery/control geometry","geometry=Wave;mechanism=rapid oxidation / thermal release using available reactants;operational_name=Single-Front Combustion Wave"
"binding","GE-0064","Forking Copper Arc","COMMON_SPECIALIZATION","1700","Arc delivery/control geometry","geometry=Arc;mechanism=available copper conduction with strong electrical coupling;operational_name=Forking Copper Arc"
"binding","GE-0065","Single Copper Arc","COMMON_SPECIALIZATION","1700","Arc delivery/control geometry","geometry=Arc;mechanism=available copper conduction with strong electrical coupling;operational_name=Single Copper Arc"
"binding","GE-0066","Burst Copper Beam","ADVANCED","2800","Beam delivery/control geometry","geometry=Beam;mechanism=available copper conduction with strong electrical coupling;operational_name=Burst Copper Beam"
"binding","GE-0067","Channeled Copper Beam","ADVANCED","3500","Beam delivery/control geometry; controlled/mobile/channeled sustain","geometry=Beam;mechanism=available copper conduction with strong electrical coupling;operational_name=Channeled Copper Beam"
"binding","GE-0068","Implosive Copper Burst","COMMON_SPECIALIZATION","2000","Burst delivery/control geometry","geometry=Burst;mechanism=available copper conduction with strong electrical coupling;operational_name=Implosive Copper Burst"
"binding","GE-0069","Outward Copper Burst","COMMON_SPECIALIZATION","2000","Burst delivery/control geometry","geometry=Burst;mechanism=available copper conduction with strong electrical coupling;operational_name=Outward Copper Burst"
"binding","GE-0070","Mobile Copper Field","ADVANCED","3500","Field delivery/control geometry; controlled/mobile/channeled sustain","geometry=Field;mechanism=available copper conduction with strong electrical coupling;operational_name=Mobile Copper Field"
"binding","GE-0071","Static Copper Field","ADVANCED","2800","Field delivery/control geometry","geometry=Field;mechanism=available copper conduction with strong electrical coupling;operational_name=Static Copper Field"
"binding","GE-0072","Focused Copper Jet","COMMON_SPECIALIZATION","1600","Jet delivery/control geometry","geometry=Jet;mechanism=available copper conduction with strong electrical coupling;operational_name=Focused Copper Jet"
"binding","GE-0073","Sweeping Copper Jet","COMMON_SPECIALIZATION","2400","Jet delivery/control geometry; expanded area or sustained throughput","geometry=Jet;mechanism=available copper conduction with strong electrical coupling;operational_name=Sweeping Copper Jet"
"binding","GE-0074","Piercing Copper Lance","COMMON_SPECIALIZATION","2100","Lance delivery/control geometry","geometry=Lance;mechanism=available copper conduction with strong electrical coupling;operational_name=Piercing Copper Lance"
"binding","GE-0075","Staged Copper Lance","COMMON_SPECIALIZATION","2100","Lance delivery/control geometry","geometry=Lance;mechanism=available copper conduction with strong electrical coupling;operational_name=Staged Copper Lance"
"binding","GE-0076","Controlled Copper Orb","ADVANCED","2900","Orb delivery/control geometry; controlled/mobile/channeled sustain","geometry=Orb;mechanism=available copper conduction with strong electrical coupling;operational_name=Controlled Copper Orb"
"binding","GE-0077","Detonating Copper Orb","COMMON_SPECIALIZATION","2200","Orb delivery/control geometry","geometry=Orb;mechanism=available copper conduction with strong electrical coupling;operational_name=Detonating Copper Orb"
"binding","GE-0078","Overcharged Copper Projectile","COMMON_SPECIALIZATION","1100","Projectile delivery/control geometry","geometry=Projectile;mechanism=available copper conduction with strong electrical coupling;operational_name=Overcharged Copper Projectile"
"binding","GE-0079","Released Copper Projectile","COMMON_SPECIALIZATION","1100","Projectile delivery/control geometry","geometry=Projectile;mechanism=available copper conduction with strong electrical coupling;operational_name=Released Copper Projectile"
"binding","GE-0080","Contracting Copper Ring","ADVANCED","2900","Ring delivery/control geometry","geometry=Ring;mechanism=available copper conduction with strong electrical coupling;operational_name=Contracting Copper Ring"
"binding","GE-0081","Expanding Copper Ring","ADVANCED","2900","Ring delivery/control geometry","geometry=Ring;mechanism=available copper conduction with strong electrical coupling;operational_name=Expanding Copper Ring"
"binding","GE-0082","Repeating Copper Wave","ADVANCED","2700","Wave delivery/control geometry","geometry=Wave;mechanism=available copper conduction with strong electrical coupling;operational_name=Repeating Copper Wave"
"binding","GE-0083","Single-Front Copper Wave","ADVANCED","2700","Wave delivery/control geometry","geometry=Wave;mechanism=available copper conduction with strong electrical coupling;operational_name=Single-Front Copper Wave"
"binding","GE-0084","Bear Manifestation — Breaker","POWERFUL","9000","autonomous manifestation role/load","geometry=Persistent entity;mechanism=Resolved non-permanent creature-pattern manifestation optimized for high-output assault against large/armored targets.;operational_name=Bear Manifestation — Breaker"
"binding","GE-0085","Bear Manifestation — Carrier","ADVANCED","3200","autonomous manifestation role/load","geometry=Persistent entity;mechanism=Resolved non-permanent creature-pattern manifestation optimized for transport, extraction, or load-bearing behavior.;operational_name=Bear Manifestation — Carrier"
"binding","GE-0086","Bear Manifestation — Guard","COMMON_SPECIALIZATION","2100","autonomous manifestation role/load","geometry=Persistent entity;mechanism=Resolved non-permanent creature-pattern manifestation optimized for protective interception and bodyguard behavior.;operational_name=Bear Manifestation — Guard"
"binding","GE-0087","Bear Manifestation — Hunter","COMMON_SPECIALIZATION","2050","autonomous manifestation role/load","geometry=Persistent entity;mechanism=Resolved non-permanent creature-pattern manifestation optimized for mobile pursuit and focused attack.;operational_name=Bear Manifestation — Hunter"
"binding","GE-0088","Bear Manifestation — Scout","FOUNDATIONAL","600","autonomous manifestation role/load","geometry=Persistent entity;mechanism=Resolved non-permanent creature-pattern manifestation optimized for low-output reconnaissance and tracking.;operational_name=Bear Manifestation — Scout"
"binding","GE-0089","Beetle Swarm Manifestation — Breaker","POWERFUL","9900","distributed swarm control; autonomous manifestation role/load","geometry=Persistent entity;mechanism=Resolved non-permanent creature-pattern manifestation optimized for high-output assault against large/armored targets.;operational_name=Beetle Swarm Manifestation — Breaker"
"binding","GE-0090","Beetle Swarm Manifestation — Carrier","ADVANCED","4400","distributed swarm control; autonomous manifestation role/load","geometry=Persistent entity;mechanism=Resolved non-permanent creature-pattern manifestation optimized for transport, extraction, or load-bearing behavior.;operational_name=Beetle Swarm Manifestation — Carrier"
"binding","GE-0091","Beetle Swarm Manifestation — Guard","ADVANCED","3300","distributed swarm control; autonomous manifestation role/load","geometry=Persistent entity;mechanism=Resolved non-permanent creature-pattern manifestation optimized for protective interception and bodyguard behavior.;operational_name=Beetle Swarm Manifestation — Guard"
"binding","GE-0092","Beetle Swarm Manifestation — Hunter","ADVANCED","3250","distributed swarm control; autonomous manifestation role/load","geometry=Persistent entity;mechanism=Resolved non-permanent creature-pattern manifestation optimized for mobile pursuit and focused attack.;operational_name=Beetle Swarm Manifestation — Hunter"
"binding","GE-0093","Beetle Swarm Manifestation — Scout","COMMON_SPECIALIZATION","1800","distributed swarm control; autonomous manifestation role/load","geometry=Persistent entity;mechanism=Resolved non-permanent creature-pattern manifestation optimized for low-output reconnaissance and tracking.;operational_name=Beetle Swarm Manifestation — Scout"
"binding","GE-0094","Drake Manifestation — Breaker","POWERFUL","9000","autonomous manifestation role/load","geometry=Persistent entity;mechanism=Resolved non-permanent creature-pattern manifestation optimized for high-output assault against large/armored targets.;operational_name=Drake Manifestation — Breaker"
"binding","GE-0095","Drake Manifestation — Carrier","ADVANCED","3200","autonomous manifestation role/load","geometry=Persistent entity;mechanism=Resolved non-permanent creature-pattern manifestation optimized for transport, extraction, or load-bearing behavior.;operational_name=Drake Manifestation — Carrier"
"binding","GE-0096","Drake Manifestation — Guard","COMMON_SPECIALIZATION","2100","autonomous manifestation role/load","geometry=Persistent entity;mechanism=Resolved non-permanent creature-pattern manifestation optimized for protective interception and bodyguard behavior.;operational_name=Drake Manifestation — Guard"
"binding","GE-0097","Drake Manifestation — Hunter","COMMON_SPECIALIZATION","2050","autonomous manifestation role/load","geometry=Persistent entity;mechanism=Resolved non-permanent creature-pattern manifestation optimized for mobile pursuit and focused attack.;operational_name=Drake Manifestation — Hunter"
"binding","GE-0098","Drake Manifestation — Scout","FOUNDATIONAL","600","autonomous manifestation role/load","geometry=Persistent entity;mechanism=Resolved non-permanent creature-pattern manifestation optimized for low-output reconnaissance and tracking.;operational_name=Drake Manifestation — Scout"
"binding","GE-0099","Falcon Manifestation — Breaker","POWERFUL","9000","autonomous manifestation role/load","geometry=Persistent entity;mechanism=Resolved non-permanent creature-pattern manifestation optimized for high-output assault against large/armored targets.;operational_name=Falcon Manifestation — Breaker"
"binding","GE-0100","Falcon Manifestation — Carrier","ADVANCED","3200","autonomous manifestation role/load","geometry=Persistent entity;mechanism=Resolved non-permanent creature-pattern manifestation optimized for transport, extraction, or load-bearing behavior.;operational_name=Falcon Manifestation — Carrier"
"binding","GE-0101","Falcon Manifestation — Guard","COMMON_SPECIALIZATION","2100","autonomous manifestation role/load","geometry=Persistent entity;mechanism=Resolved non-permanent creature-pattern manifestation optimized for protective interception and bodyguard behavior.;operational_name=Falcon Manifestation — Guard"
"binding","GE-0102","Falcon Manifestation — Hunter","COMMON_SPECIALIZATION","2050","autonomous manifestation role/load","geometry=Persistent entity;mechanism=Resolved non-permanent creature-pattern manifestation optimized for mobile pursuit and focused attack.;operational_name=Falcon Manifestation — Hunter"
"binding","GE-0103","Falcon Manifestation — Scout","FOUNDATIONAL","600","autonomous manifestation role/load","geometry=Persistent entity;mechanism=Resolved non-permanent creature-pattern manifestation optimized for low-output reconnaissance and tracking.;operational_name=Falcon Manifestation — Scout"
"binding","GE-0104","Hound Manifestation — Breaker","POWERFUL","9000","autonomous manifestation role/load","geometry=Persistent entity;mechanism=Resolved non-permanent creature-pattern manifestation optimized for high-output assault against large/armored targets.;operational_name=Hound Manifestation — Breaker"
"binding","GE-0105","Hound Manifestation — Carrier","ADVANCED","3200","autonomous manifestation role/load","geometry=Persistent entity;mechanism=Resolved non-permanent creature-pattern manifestation optimized for transport, extraction, or load-bearing behavior.;operational_name=Hound Manifestation — Carrier"
"binding","GE-0106","Hound Manifestation — Guard","COMMON_SPECIALIZATION","2100","autonomous manifestation role/load","geometry=Persistent entity;mechanism=Resolved non-permanent creature-pattern manifestation optimized for protective interception and bodyguard behavior.;operational_name=Hound Manifestation — Guard"
"binding","GE-0107","Hound Manifestation — Hunter","COMMON_SPECIALIZATION","2050","autonomous manifestation role/load","geometry=Persistent entity;mechanism=Resolved non-permanent creature-pattern manifestation optimized for mobile pursuit and focused attack.;operational_name=Hound Manifestation — Hunter"
"binding","GE-0108","Hound Manifestation — Scout","FOUNDATIONAL","600","autonomous manifestation role/load","geometry=Persistent entity;mechanism=Resolved non-permanent creature-pattern manifestation optimized for low-output reconnaissance and tracking.;operational_name=Hound Manifestation — Scout"
"binding","GE-0109","Leviathan Manifestation — Breaker","POWERFUL","9000","autonomous manifestation role/load","geometry=Persistent entity;mechanism=Resolved non-permanent creature-pattern manifestation optimized for high-output assault against large/armored targets.;operational_name=Leviathan Manifestation — Breaker"
"binding","GE-0110","Leviathan Manifestation — Carrier","ADVANCED","3200","autonomous manifestation role/load","geometry=Persistent entity;mechanism=Resolved non-permanent creature-pattern manifestation optimized for transport, extraction, or load-bearing behavior.;operational_name=Leviathan Manifestation — Carrier"
"binding","GE-0111","Leviathan Manifestation — Guard","COMMON_SPECIALIZATION","2100","autonomous manifestation role/load","geometry=Persistent entity;mechanism=Resolved non-permanent creature-pattern manifestation optimized for protective interception and bodyguard behavior.;operational_name=Leviathan Manifestation — Guard"
"binding","GE-0112","Leviathan Manifestation — Hunter","COMMON_SPECIALIZATION","2050","autonomous manifestation role/load","geometry=Persistent entity;mechanism=Resolved non-permanent creature-pattern manifestation optimized for mobile pursuit and focused attack.;operational_name=Leviathan Manifestation — Hunter"
"binding","GE-0113","Leviathan Manifestation — Scout","FOUNDATIONAL","600","autonomous manifestation role/load","geometry=Persistent entity;mechanism=Resolved non-permanent creature-pattern manifestation optimized for low-output reconnaissance and tracking.;operational_name=Leviathan Manifestation — Scout"
"binding","GE-0114","Moth Swarm Manifestation — Breaker","POWERFUL","9900","distributed swarm control; autonomous manifestation role/load","geometry=Persistent entity;mechanism=Resolved non-permanent creature-pattern manifestation optimized for high-output assault against large/armored targets.;operational_name=Moth Swarm Manifestation — Breaker"
"binding","GE-0115","Moth Swarm Manifestation — Carrier","ADVANCED","4400","distributed swarm control; autonomous manifestation role/load","geometry=Persistent entity;mechanism=Resolved non-permanent creature-pattern manifestation optimized for transport, extraction, or load-bearing behavior.;operational_name=Moth Swarm Manifestation — Carrier"
"binding","GE-0116","Moth Swarm Manifestation — Guard","ADVANCED","3300","distributed swarm control; autonomous manifestation role/load","geometry=Persistent entity;mechanism=Resolved non-permanent creature-pattern manifestation optimized for protective interception and bodyguard behavior.;operational_name=Moth Swarm Manifestation — Guard"
"binding","GE-0117","Moth Swarm Manifestation — Hunter","ADVANCED","3250","distributed swarm control; autonomous manifestation role/load","geometry=Persistent entity;mechanism=Resolved non-permanent creature-pattern manifestation optimized for mobile pursuit and focused attack.;operational_name=Moth Swarm Manifestation — Hunter"
"binding","GE-0118","Moth Swarm Manifestation — Scout","COMMON_SPECIALIZATION","1800","distributed swarm control; autonomous manifestation role/load","geometry=Persistent entity;mechanism=Resolved non-permanent creature-pattern manifestation optimized for low-output reconnaissance and tracking.;operational_name=Moth Swarm Manifestation — Scout"
"binding","GE-0119","Raptor Manifestation — Breaker","POWERFUL","9000","autonomous manifestation role/load","geometry=Persistent entity;mechanism=Resolved non-permanent creature-pattern manifestation optimized for high-output assault against large/armored targets.;operational_name=Raptor Manifestation — Breaker"
"binding","GE-0120","Raptor Manifestation — Carrier","ADVANCED","3200","autonomous manifestation role/load","geometry=Persistent entity;mechanism=Resolved non-permanent creature-pattern manifestation optimized for transport, extraction, or load-bearing behavior.;operational_name=Raptor Manifestation — Carrier"
"binding","GE-0121","Raptor Manifestation — Guard","COMMON_SPECIALIZATION","2100","autonomous manifestation role/load","geometry=Persistent entity;mechanism=Resolved non-permanent creature-pattern manifestation optimized for protective interception and bodyguard behavior.;operational_name=Raptor Manifestation — Guard"
"binding","GE-0122","Raptor Manifestation — Hunter","COMMON_SPECIALIZATION","2050","autonomous manifestation role/load","geometry=Persistent entity;mechanism=Resolved non-permanent creature-pattern manifestation optimized for mobile pursuit and focused attack.;operational_name=Raptor Manifestation — Hunter"
"binding","GE-0123","Raptor Manifestation — Scout","FOUNDATIONAL","600","autonomous manifestation role/load","geometry=Persistent entity;mechanism=Resolved non-permanent creature-pattern manifestation optimized for low-output reconnaissance and tracking.;operational_name=Raptor Manifestation — Scout"
"binding","GE-0124","Serpent Manifestation — Breaker","POWERFUL","9000","autonomous manifestation role/load","geometry=Persistent entity;mechanism=Resolved non-permanent creature-pattern manifestation optimized for high-output assault against large/armored targets.;operational_name=Serpent Manifestation — Breaker"
"binding","GE-0125","Serpent Manifestation — Carrier","ADVANCED","3200","autonomous manifestation role/load","geometry=Persistent entity;mechanism=Resolved non-permanent creature-pattern manifestation optimized for transport, extraction, or load-bearing behavior.;operational_name=Serpent Manifestation — Carrier"
"binding","GE-0126","Serpent Manifestation — Guard","COMMON_SPECIALIZATION","2100","autonomous manifestation role/load","geometry=Persistent entity;mechanism=Resolved non-permanent creature-pattern manifestation optimized for protective interception and bodyguard behavior.;operational_name=Serpent Manifestation — Guard"
"binding","GE-0127","Serpent Manifestation — Hunter","COMMON_SPECIALIZATION","2050","autonomous manifestation role/load","geometry=Persistent entity;mechanism=Resolved non-permanent creature-pattern manifestation optimized for mobile pursuit and focused attack.;operational_name=Serpent Manifestation — Hunter"
"binding","GE-0128","Serpent Manifestation — Scout","FOUNDATIONAL","600","autonomous manifestation role/load","geometry=Persistent entity;mechanism=Resolved non-permanent creature-pattern manifestation optimized for low-output reconnaissance and tracking.;operational_name=Serpent Manifestation — Scout"
"binding","GE-0129","Spider Manifestation — Breaker","POWERFUL","9000","autonomous manifestation role/load","geometry=Persistent entity;mechanism=Resolved non-permanent creature-pattern manifestation optimized for high-output assault against large/armored targets.;operational_name=Spider Manifestation — Breaker"
"binding","GE-0130","Spider Manifestation — Carrier","ADVANCED","3200","autonomous manifestation role/load","geometry=Persistent entity;mechanism=Resolved non-permanent creature-pattern manifestation optimized for transport, extraction, or load-bearing behavior.;operational_name=Spider Manifestation — Carrier"
"binding","GE-0131","Spider Manifestation — Guard","COMMON_SPECIALIZATION","2100","autonomous manifestation role/load","geometry=Persistent entity;mechanism=Resolved non-permanent creature-pattern manifestation optimized for protective interception and bodyguard behavior.;operational_name=Spider Manifestation — Guard"
"binding","GE-0132","Spider Manifestation — Hunter","COMMON_SPECIALIZATION","2050","autonomous manifestation role/load","geometry=Persistent entity;mechanism=Resolved non-permanent creature-pattern manifestation optimized for mobile pursuit and focused attack.;operational_name=Spider Manifestation — Hunter"
"binding","GE-0133","Spider Manifestation — Scout","FOUNDATIONAL","600","autonomous manifestation role/load","geometry=Persistent entity;mechanism=Resolved non-permanent creature-pattern manifestation optimized for low-output reconnaissance and tracking.;operational_name=Spider Manifestation — Scout"
"binding","GE-0134","Stag Manifestation — Breaker","POWERFUL","9000","autonomous manifestation role/load","geometry=Persistent entity;mechanism=Resolved non-permanent creature-pattern manifestation optimized for high-output assault against large/armored targets.;operational_name=Stag Manifestation — Breaker"
"binding","GE-0135","Stag Manifestation — Carrier","ADVANCED","3200","autonomous manifestation role/load","geometry=Persistent entity;mechanism=Resolved non-permanent creature-pattern manifestation optimized for transport, extraction, or load-bearing behavior.;operational_name=Stag Manifestation — Carrier"
"binding","GE-0136","Stag Manifestation — Guard","COMMON_SPECIALIZATION","2100","autonomous manifestation role/load","geometry=Persistent entity;mechanism=Resolved non-permanent creature-pattern manifestation optimized for protective interception and bodyguard behavior.;operational_name=Stag Manifestation — Guard"
"binding","GE-0137","Stag Manifestation — Hunter","COMMON_SPECIALIZATION","2050","autonomous manifestation role/load","geometry=Persistent entity;mechanism=Resolved non-permanent creature-pattern manifestation optimized for mobile pursuit and focused attack.;operational_name=Stag Manifestation — Hunter"
"binding","GE-0138","Stag Manifestation — Scout","FOUNDATIONAL","600","autonomous manifestation role/load","geometry=Persistent entity;mechanism=Resolved non-permanent creature-pattern manifestation optimized for low-output reconnaissance and tracking.;operational_name=Stag Manifestation — Scout"
"binding","GE-0139","Wolf Manifestation — Breaker","POWERFUL","9000","autonomous manifestation role/load","geometry=Persistent entity;mechanism=Resolved non-permanent creature-pattern manifestation optimized for high-output assault against large/armored targets.;operational_name=Wolf Manifestation — Breaker"
"binding","GE-0140","Wolf Manifestation — Carrier","ADVANCED","3200","autonomous manifestation role/load","geometry=Persistent entity;mechanism=Resolved non-permanent creature-pattern manifestation optimized for transport, extraction, or load-bearing behavior.;operational_name=Wolf Manifestation — Carrier"
"binding","GE-0141","Wolf Manifestation — Guard","COMMON_SPECIALIZATION","2100","autonomous manifestation role/load","geometry=Persistent entity;mechanism=Resolved non-permanent creature-pattern manifestation optimized for protective interception and bodyguard behavior.;operational_name=Wolf Manifestation — Guard"
"binding","GE-0142","Wolf Manifestation — Hunter","COMMON_SPECIALIZATION","2050","autonomous manifestation role/load","geometry=Persistent entity;mechanism=Resolved non-permanent creature-pattern manifestation optimized for mobile pursuit and focused attack.;operational_name=Wolf Manifestation — Hunter"
"binding","GE-0143","Wolf Manifestation — Scout","FOUNDATIONAL","600","autonomous manifestation role/load","geometry=Persistent entity;mechanism=Resolved non-permanent creature-pattern manifestation optimized for low-output reconnaissance and tracking.;operational_name=Wolf Manifestation — Scout"
"binding","GE-0144","Forking Cryogenic Arc","COMMON_SPECIALIZATION","1700","Arc delivery/control geometry","geometry=Arc;mechanism=thermal extraction and low-temperature state control;operational_name=Forking Cryogenic Arc"
"binding","GE-0145","Single Cryogenic Arc","COMMON_SPECIALIZATION","1700","Arc delivery/control geometry","geometry=Arc;mechanism=thermal extraction and low-temperature state control;operational_name=Single Cryogenic Arc"
"binding","GE-0146","Burst Cryogenic Beam","ADVANCED","2800","Beam delivery/control geometry","geometry=Beam;mechanism=thermal extraction and low-temperature state control;operational_name=Burst Cryogenic Beam"
"binding","GE-0147","Channeled Cryogenic Beam","ADVANCED","3500","Beam delivery/control geometry; controlled/mobile/channeled sustain","geometry=Beam;mechanism=thermal extraction and low-temperature state control;operational_name=Channeled Cryogenic Beam"
"binding","GE-0148","Implosive Cryogenic Burst","COMMON_SPECIALIZATION","2000","Burst delivery/control geometry","geometry=Burst;mechanism=thermal extraction and low-temperature state control;operational_name=Implosive Cryogenic Burst"
"binding","GE-0149","Outward Cryogenic Burst","COMMON_SPECIALIZATION","2000","Burst delivery/control geometry","geometry=Burst;mechanism=thermal extraction and low-temperature state control;operational_name=Outward Cryogenic Burst"
"binding","GE-0150","Mobile Cryogenic Field","ADVANCED","3500","Field delivery/control geometry; controlled/mobile/channeled sustain","geometry=Field;mechanism=thermal extraction and low-temperature state control;operational_name=Mobile Cryogenic Field"
"binding","GE-0151","Static Cryogenic Field","ADVANCED","2800","Field delivery/control geometry","geometry=Field;mechanism=thermal extraction and low-temperature state control;operational_name=Static Cryogenic Field"
"binding","GE-0152","Focused Cryogenic Jet","COMMON_SPECIALIZATION","1600","Jet delivery/control geometry","geometry=Jet;mechanism=thermal extraction and low-temperature state control;operational_name=Focused Cryogenic Jet"
"binding","GE-0153","Sweeping Cryogenic Jet","COMMON_SPECIALIZATION","2400","Jet delivery/control geometry; expanded area or sustained throughput","geometry=Jet;mechanism=thermal extraction and low-temperature state control;operational_name=Sweeping Cryogenic Jet"
"binding","GE-0154","Piercing Cryogenic Lance","COMMON_SPECIALIZATION","2100","Lance delivery/control geometry","geometry=Lance;mechanism=thermal extraction and low-temperature state control;operational_name=Piercing Cryogenic Lance"
"binding","GE-0155","Staged Cryogenic Lance","COMMON_SPECIALIZATION","2100","Lance delivery/control geometry","geometry=Lance;mechanism=thermal extraction and low-temperature state control;operational_name=Staged Cryogenic Lance"
"binding","GE-0156","Controlled Cryogenic Orb","ADVANCED","2900","Orb delivery/control geometry; controlled/mobile/channeled sustain","geometry=Orb;mechanism=thermal extraction and low-temperature state control;operational_name=Controlled Cryogenic Orb"
"binding","GE-0157","Detonating Cryogenic Orb","COMMON_SPECIALIZATION","2200","Orb delivery/control geometry","geometry=Orb;mechanism=thermal extraction and low-temperature state control;operational_name=Detonating Cryogenic Orb"
"binding","GE-0158","Overcharged Cryogenic Projectile","COMMON_SPECIALIZATION","1100","Projectile delivery/control geometry","geometry=Projectile;mechanism=thermal extraction and low-temperature state control;operational_name=Overcharged Cryogenic Projectile"
"binding","GE-0159","Released Cryogenic Projectile","COMMON_SPECIALIZATION","1100","Projectile delivery/control geometry","geometry=Projectile;mechanism=thermal extraction and low-temperature state control;operational_name=Released Cryogenic Projectile"
"binding","GE-0160","Contracting Cryogenic Ring","ADVANCED","2900","Ring delivery/control geometry","geometry=Ring;mechanism=thermal extraction and low-temperature state control;operational_name=Contracting Cryogenic Ring"
"binding","GE-0161","Expanding Cryogenic Ring","ADVANCED","2900","Ring delivery/control geometry","geometry=Ring;mechanism=thermal extraction and low-temperature state control;operational_name=Expanding Cryogenic Ring"
"binding","GE-0162","Repeating Cryogenic Wave","ADVANCED","2700","Wave delivery/control geometry","geometry=Wave;mechanism=thermal extraction and low-temperature state control;operational_name=Repeating Cryogenic Wave"
"binding","GE-0163","Single-Front Cryogenic Wave","ADVANCED","2700","Wave delivery/control geometry","geometry=Wave;mechanism=thermal extraction and low-temperature state control;operational_name=Single-Front Cryogenic Wave"
"binding","GE-0164","Forking Electrical Arc","COMMON_SPECIALIZATION","1700","Arc delivery/control geometry","geometry=Arc;mechanism=electrical potential, current, and controlled discharge;operational_name=Forking Electrical Arc"
"binding","GE-0165","Single Electrical Arc","COMMON_SPECIALIZATION","1700","Arc delivery/control geometry","geometry=Arc;mechanism=electrical potential, current, and controlled discharge;operational_name=Single Electrical Arc"
"binding","GE-0166","Burst Electrical Beam","ADVANCED","2800","Beam delivery/control geometry","geometry=Beam;mechanism=electrical potential, current, and controlled discharge;operational_name=Burst Electrical Beam"
"binding","GE-0167","Channeled Electrical Beam","ADVANCED","3500","Beam delivery/control geometry; controlled/mobile/channeled sustain","geometry=Beam;mechanism=electrical potential, current, and controlled discharge;operational_name=Channeled Electrical Beam"
"binding","GE-0168","Implosive Electrical Burst","COMMON_SPECIALIZATION","2000","Burst delivery/control geometry","geometry=Burst;mechanism=electrical potential, current, and controlled discharge;operational_name=Implosive Electrical Burst"
"binding","GE-0169","Outward Electrical Burst","COMMON_SPECIALIZATION","2000","Burst delivery/control geometry","geometry=Burst;mechanism=electrical potential, current, and controlled discharge;operational_name=Outward Electrical Burst"
"binding","GE-0170","Mobile Electrical Field","ADVANCED","3500","Field delivery/control geometry; controlled/mobile/channeled sustain","geometry=Field;mechanism=electrical potential, current, and controlled discharge;operational_name=Mobile Electrical Field"
"binding","GE-0171","Static Electrical Field","ADVANCED","2800","Field delivery/control geometry","geometry=Field;mechanism=electrical potential, current, and controlled discharge;operational_name=Static Electrical Field"
"binding","GE-0172","Focused Electrical Jet","COMMON_SPECIALIZATION","1600","Jet delivery/control geometry","geometry=Jet;mechanism=electrical potential, current, and controlled discharge;operational_name=Focused Electrical Jet"
"binding","GE-0173","Sweeping Electrical Jet","COMMON_SPECIALIZATION","2400","Jet delivery/control geometry; expanded area or sustained throughput","geometry=Jet;mechanism=electrical potential, current, and controlled discharge;operational_name=Sweeping Electrical Jet"
"binding","GE-0174","Piercing Electrical Lance","COMMON_SPECIALIZATION","2100","Lance delivery/control geometry","geometry=Lance;mechanism=electrical potential, current, and controlled discharge;operational_name=Piercing Electrical Lance"
"binding","GE-0175","Staged Electrical Lance","COMMON_SPECIALIZATION","2100","Lance delivery/control geometry","geometry=Lance;mechanism=electrical potential, current, and controlled discharge;operational_name=Staged Electrical Lance"
"binding","GE-0176","Controlled Electrical Orb","ADVANCED","2900","Orb delivery/control geometry; controlled/mobile/channeled sustain","geometry=Orb;mechanism=electrical potential, current, and controlled discharge;operational_name=Controlled Electrical Orb"
"binding","GE-0177","Detonating Electrical Orb","COMMON_SPECIALIZATION","2200","Orb delivery/control geometry","geometry=Orb;mechanism=electrical potential, current, and controlled discharge;operational_name=Detonating Electrical Orb"
"binding","GE-0178","Overcharged Electrical Projectile","COMMON_SPECIALIZATION","1100","Projectile delivery/control geometry","geometry=Projectile;mechanism=electrical potential, current, and controlled discharge;operational_name=Overcharged Electrical Projectile"
"binding","GE-0179","Released Electrical Projectile","COMMON_SPECIALIZATION","1100","Projectile delivery/control geometry","geometry=Projectile;mechanism=electrical potential, current, and controlled discharge;operational_name=Released Electrical Projectile"
"binding","GE-0180","Contracting Electrical Ring","ADVANCED","2900","Ring delivery/control geometry","geometry=Ring;mechanism=electrical potential, current, and controlled discharge;operational_name=Contracting Electrical Ring"
"binding","GE-0181","Expanding Electrical Ring","ADVANCED","2900","Ring delivery/control geometry","geometry=Ring;mechanism=electrical potential, current, and controlled discharge;operational_name=Expanding Electrical Ring"
"binding","GE-0182","Repeating Electrical Wave","ADVANCED","2700","Wave delivery/control geometry","geometry=Wave;mechanism=electrical potential, current, and controlled discharge;operational_name=Repeating Electrical Wave"
"binding","GE-0183","Single-Front Electrical Wave","ADVANCED","2700","Wave delivery/control geometry","geometry=Wave;mechanism=electrical potential, current, and controlled discharge;operational_name=Single-Front Electrical Wave"
"binding","GE-0184","Ash Colossus Elemental","POWERFUL","7600","Scale Huge; control very high; sustain very high continuous sustain relative to ordinary manifestations of the same rank.; role breaker / siege / protection; persistence evaluated. Element identity is excluded.","scale=Huge;control=very high;load=very high continuous sustain relative to ordinary manifestations of the same rank.;role=breaker / siege / protection;mobility=slow ground;persistence=2–10 minutes at baseline competent use; rank/competency can change this substantially."
"binding","GE-0185","Ash Drake Elemental","POWERFUL","8700","Scale Huge; control extreme; sustain extreme continuous sustain relative to ordinary manifestations of the same rank.; role high-output assault; persistence evaluated. Element identity is excluded.","scale=Huge;control=extreme;load=extreme continuous sustain relative to ordinary manifestations of the same rank.;role=high-output assault;mobility=aerial / ground;persistence=30 seconds–5 minutes at baseline competent use; rank/competency can change this substantially."
"binding","GE-0186","Ash Hound Elemental","COMMON_SPECIALIZATION","2050","Scale Small; control moderate; sustain moderate continuous sustain relative to ordinary manifestations of the same rank.; role pursuit / interception; persistence evaluated. Element identity is excluded.","scale=Small;control=moderate;load=moderate continuous sustain relative to ordinary manifestations of the same rank.;role=pursuit / interception;mobility=ground sprint / leap;persistence=1–3 hours at baseline competent use; rank/competency can change this substantially."
"binding","GE-0187","Ash Raptor Elemental","COMMON_SPECIALIZATION","2150","Scale Small; control moderate; sustain moderate continuous sustain relative to ordinary manifestations of the same rank.; role aerial pursuit / strike; persistence evaluated. Element identity is excluded.","scale=Small;control=moderate;load=moderate continuous sustain relative to ordinary manifestations of the same rank.;role=aerial pursuit / strike;mobility=aerial flight;persistence=45–120 minutes at baseline competent use; rank/competency can change this substantially."
"binding","GE-0188","Ash Sentinel Elemental","COMMON_SPECIALIZATION","2100","Scale Medium; control low-to-moderate; sustain low-to-moderate continuous sustain relative to ordinary manifestations of the same rank.; role guard / intercept; persistence evaluated. Element identity is excluded.","scale=Medium;control=low-to-moderate;load=low-to-moderate continuous sustain relative to ordinary manifestations of the same rank.;role=guard / intercept;mobility=slow ground / stationary;persistence=2–6 hours at baseline competent use; rank/competency can change this substantially."
"binding","GE-0189","Ash Serpent Elemental","ADVANCED","2900","Scale Medium; control moderate; sustain moderate continuous sustain relative to ordinary manifestations of the same rank.; role constriction / lane control; persistence evaluated. Element identity is excluded.","scale=Medium;control=moderate;load=moderate continuous sustain relative to ordinary manifestations of the same rank.;role=constriction / lane control;mobility=ground slither / climbing;persistence=45–120 minutes at baseline competent use; rank/competency can change this substantially."
"binding","GE-0190","Ash Swarm Elemental","POWERFUL","5000","Scale Variable; control high; sustain high continuous sustain relative to ordinary manifestations of the same rank.; role harassment / saturation; persistence evaluated. Element identity is excluded.","scale=Variable;control=high;load=high continuous sustain relative to ordinary manifestations of the same rank.;role=harassment / saturation;mobility=distributed flight/ground motion;persistence=15–45 minutes at baseline competent use; rank/competency can change this substantially."
"binding","GE-0191","Ash Wisp Elemental","FOUNDATIONAL","600","Scale Tiny; control low; sustain low continuous sustain relative to ordinary manifestations of the same rank.; role scout / harrier; persistence evaluated. Element identity is excluded.","scale=Tiny;control=low;load=low continuous sustain relative to ordinary manifestations of the same rank.;role=scout / harrier;mobility=aerial drift;persistence=hours at baseline competent use; rank/competency can change this substantially."
"binding","GE-0192","Combustion Colossus Elemental","POWERFUL","7600","Scale Huge; control very high; sustain very high continuous sustain relative to ordinary manifestations of the same rank.; role breaker / siege / protection; persistence evaluated. Element identity is excluded.","scale=Huge;control=very high;load=very high continuous sustain relative to ordinary manifestations of the same rank.;role=breaker / siege / protection;mobility=slow ground;persistence=2–10 minutes at baseline competent use; rank/competency can change this substantially."
"binding","GE-0193","Combustion Drake Elemental","POWERFUL","8700","Scale Huge; control extreme; sustain extreme continuous sustain relative to ordinary manifestations of the same rank.; role high-output assault; persistence evaluated. Element identity is excluded.","scale=Huge;control=extreme;load=extreme continuous sustain relative to ordinary manifestations of the same rank.;role=high-output assault;mobility=aerial / ground;persistence=30 seconds–5 minutes at baseline competent use; rank/competency can change this substantially."
"binding","GE-0194","Combustion Hound Elemental","COMMON_SPECIALIZATION","2050","Scale Small; control moderate; sustain moderate continuous sustain relative to ordinary manifestations of the same rank.; role pursuit / interception; persistence evaluated. Element identity is excluded.","scale=Small;control=moderate;load=moderate continuous sustain relative to ordinary manifestations of the same rank.;role=pursuit / interception;mobility=ground sprint / leap;persistence=1–3 hours at baseline competent use; rank/competency can change this substantially."
"binding","GE-0195","Combustion Raptor Elemental","COMMON_SPECIALIZATION","2150","Scale Small; control moderate; sustain moderate continuous sustain relative to ordinary manifestations of the same rank.; role aerial pursuit / strike; persistence evaluated. Element identity is excluded.","scale=Small;control=moderate;load=moderate continuous sustain relative to ordinary manifestations of the same rank.;role=aerial pursuit / strike;mobility=aerial flight;persistence=45–120 minutes at baseline competent use; rank/competency can change this substantially."
"binding","GE-0196","Combustion Sentinel Elemental","COMMON_SPECIALIZATION","2100","Scale Medium; control low-to-moderate; sustain low-to-moderate continuous sustain relative to ordinary manifestations of the same rank.; role guard / intercept; persistence evaluated. Element identity is excluded.","scale=Medium;control=low-to-moderate;load=low-to-moderate continuous sustain relative to ordinary manifestations of the same rank.;role=guard / intercept;mobility=slow ground / stationary;persistence=2–6 hours at baseline competent use; rank/competency can change this substantially."
"binding","GE-0197","Combustion Serpent Elemental","ADVANCED","2900","Scale Medium; control moderate; sustain moderate continuous sustain relative to ordinary manifestations of the same rank.; role constriction / lane control; persistence evaluated. Element identity is excluded.","scale=Medium;control=moderate;load=moderate continuous sustain relative to ordinary manifestations of the same rank.;role=constriction / lane control;mobility=ground slither / climbing;persistence=45–120 minutes at baseline competent use; rank/competency can change this substantially."
"binding","GE-0198","Combustion Swarm Elemental","POWERFUL","5000","Scale Variable; control high; sustain high continuous sustain relative to ordinary manifestations of the same rank.; role harassment / saturation; persistence evaluated. Element identity is excluded.","scale=Variable;control=high;load=high continuous sustain relative to ordinary manifestations of the same rank.;role=harassment / saturation;mobility=distributed flight/ground motion;persistence=15–45 minutes at baseline competent use; rank/competency can change this substantially."
"binding","GE-0199","Combustion Wisp Elemental","FOUNDATIONAL","600","Scale Tiny; control low; sustain low continuous sustain relative to ordinary manifestations of the same rank.; role scout / harrier; persistence evaluated. Element identity is excluded.","scale=Tiny;control=low;load=low continuous sustain relative to ordinary manifestations of the same rank.;role=scout / harrier;mobility=aerial drift;persistence=hours at baseline competent use; rank/competency can change this substantially."
"binding","GE-0200","Copper Colossus Elemental","POWERFUL","7600","Scale Huge; control very high; sustain very high continuous sustain relative to ordinary manifestations of the same rank.; role breaker / siege / protection; persistence evaluated. Element identity is excluded.","scale=Huge;control=very high;load=very high continuous sustain relative to ordinary manifestations of the same rank.;role=breaker / siege / protection;mobility=slow ground;persistence=2–10 minutes at baseline competent use; rank/competency can change this substantially."
"binding","GE-0201","Copper Drake Elemental","POWERFUL","8700","Scale Huge; control extreme; sustain extreme continuous sustain relative to ordinary manifestations of the same rank.; role high-output assault; persistence evaluated. Element identity is excluded.","scale=Huge;control=extreme;load=extreme continuous sustain relative to ordinary manifestations of the same rank.;role=high-output assault;mobility=aerial / ground;persistence=30 seconds–5 minutes at baseline competent use; rank/competency can change this substantially."
"binding","GE-0202","Copper Hound Elemental","COMMON_SPECIALIZATION","2050","Scale Small; control moderate; sustain moderate continuous sustain relative to ordinary manifestations of the same rank.; role pursuit / interception; persistence evaluated. Element identity is excluded.","scale=Small;control=moderate;load=moderate continuous sustain relative to ordinary manifestations of the same rank.;role=pursuit / interception;mobility=ground sprint / leap;persistence=1–3 hours at baseline competent use; rank/competency can change this substantially."
"binding","GE-0203","Copper Raptor Elemental","COMMON_SPECIALIZATION","2150","Scale Small; control moderate; sustain moderate continuous sustain relative to ordinary manifestations of the same rank.; role aerial pursuit / strike; persistence evaluated. Element identity is excluded.","scale=Small;control=moderate;load=moderate continuous sustain relative to ordinary manifestations of the same rank.;role=aerial pursuit / strike;mobility=aerial flight;persistence=45–120 minutes at baseline competent use; rank/competency can change this substantially."
"binding","GE-0204","Copper Sentinel Elemental","COMMON_SPECIALIZATION","2100","Scale Medium; control low-to-moderate; sustain low-to-moderate continuous sustain relative to ordinary manifestations of the same rank.; role guard / intercept; persistence evaluated. Element identity is excluded.","scale=Medium;control=low-to-moderate;load=low-to-moderate continuous sustain relative to ordinary manifestations of the same rank.;role=guard / intercept;mobility=slow ground / stationary;persistence=2–6 hours at baseline competent use; rank/competency can change this substantially."
"binding","GE-0205","Copper Serpent Elemental","ADVANCED","2900","Scale Medium; control moderate; sustain moderate continuous sustain relative to ordinary manifestations of the same rank.; role constriction / lane control; persistence evaluated. Element identity is excluded.","scale=Medium;control=moderate;load=moderate continuous sustain relative to ordinary manifestations of the same rank.;role=constriction / lane control;mobility=ground slither / climbing;persistence=45–120 minutes at baseline competent use; rank/competency can change this substantially."
"binding","GE-0206","Copper Swarm Elemental","POWERFUL","5000","Scale Variable; control high; sustain high continuous sustain relative to ordinary manifestations of the same rank.; role harassment / saturation; persistence evaluated. Element identity is excluded.","scale=Variable;control=high;load=high continuous sustain relative to ordinary manifestations of the same rank.;role=harassment / saturation;mobility=distributed flight/ground motion;persistence=15–45 minutes at baseline competent use; rank/competency can change this substantially."
"binding","GE-0207","Copper Wisp Elemental","FOUNDATIONAL","600","Scale Tiny; control low; sustain low continuous sustain relative to ordinary manifestations of the same rank.; role scout / harrier; persistence evaluated. Element identity is excluded.","scale=Tiny;control=low;load=low continuous sustain relative to ordinary manifestations of the same rank.;role=scout / harrier;mobility=aerial drift;persistence=hours at baseline competent use; rank/competency can change this substantially."
"binding","GE-0208","Glass Colossus Elemental","POWERFUL","7600","Scale Huge; control very high; sustain very high continuous sustain relative to ordinary manifestations of the same rank.; role breaker / siege / protection; persistence evaluated. Element identity is excluded.","scale=Huge;control=very high;load=very high continuous sustain relative to ordinary manifestations of the same rank.;role=breaker / siege / protection;mobility=slow ground;persistence=2–10 minutes at baseline competent use; rank/competency can change this substantially."
"binding","GE-0209","Glass Drake Elemental","POWERFUL","8700","Scale Huge; control extreme; sustain extreme continuous sustain relative to ordinary manifestations of the same rank.; role high-output assault; persistence evaluated. Element identity is excluded.","scale=Huge;control=extreme;load=extreme continuous sustain relative to ordinary manifestations of the same rank.;role=high-output assault;mobility=aerial / ground;persistence=30 seconds–5 minutes at baseline competent use; rank/competency can change this substantially."
"binding","GE-0210","Glass Hound Elemental","COMMON_SPECIALIZATION","2050","Scale Small; control moderate; sustain moderate continuous sustain relative to ordinary manifestations of the same rank.; role pursuit / interception; persistence evaluated. Element identity is excluded.","scale=Small;control=moderate;load=moderate continuous sustain relative to ordinary manifestations of the same rank.;role=pursuit / interception;mobility=ground sprint / leap;persistence=1–3 hours at baseline competent use; rank/competency can change this substantially."
"binding","GE-0211","Glass Raptor Elemental","COMMON_SPECIALIZATION","2150","Scale Small; control moderate; sustain moderate continuous sustain relative to ordinary manifestations of the same rank.; role aerial pursuit / strike; persistence evaluated. Element identity is excluded.","scale=Small;control=moderate;load=moderate continuous sustain relative to ordinary manifestations of the same rank.;role=aerial pursuit / strike;mobility=aerial flight;persistence=45–120 minutes at baseline competent use; rank/competency can change this substantially."
"binding","GE-0212","Glass Sentinel Elemental","COMMON_SPECIALIZATION","2100","Scale Medium; control low-to-moderate; sustain low-to-moderate continuous sustain relative to ordinary manifestations of the same rank.; role guard / intercept; persistence evaluated. Element identity is excluded.","scale=Medium;control=low-to-moderate;load=low-to-moderate continuous sustain relative to ordinary manifestations of the same rank.;role=guard / intercept;mobility=slow ground / stationary;persistence=2–6 hours at baseline competent use; rank/competency can change this substantially."
"binding","GE-0213","Glass Serpent Elemental","ADVANCED","2900","Scale Medium; control moderate; sustain moderate continuous sustain relative to ordinary manifestations of the same rank.; role constriction / lane control; persistence evaluated. Element identity is excluded.","scale=Medium;control=moderate;load=moderate continuous sustain relative to ordinary manifestations of the same rank.;role=constriction / lane control;mobility=ground slither / climbing;persistence=45–120 minutes at baseline competent use; rank/competency can change this substantially."
"binding","GE-0214","Glass Swarm Elemental","POWERFUL","5000","Scale Variable; control high; sustain high continuous sustain relative to ordinary manifestations of the same rank.; role harassment / saturation; persistence evaluated. Element identity is excluded.","scale=Variable;control=high;load=high continuous sustain relative to ordinary manifestations of the same rank.;role=harassment / saturation;mobility=distributed flight/ground motion;persistence=15–45 minutes at baseline competent use; rank/competency can change this substantially."
"binding","GE-0215","Glass Wisp Elemental","FOUNDATIONAL","600","Scale Tiny; control low; sustain low continuous sustain relative to ordinary manifestations of the same rank.; role scout / harrier; persistence evaluated. Element identity is excluded.","scale=Tiny;control=low;load=low continuous sustain relative to ordinary manifestations of the same rank.;role=scout / harrier;mobility=aerial drift;persistence=hours at baseline competent use; rank/competency can change this substantially."
"binding","GE-0216","Ice Colossus Elemental","POWERFUL","7600","autonomous manifestation role/load","geometry=Persistent entity;mechanism=Non-sentient resolved elemental entity with a low-temperature water/ice body; behavior architecture: large high-output breaker pattern.;operational_name=Ice Colossus Elemental"
"binding","GE-0217","Ice Drake Elemental","POWERFUL","9000","autonomous manifestation role/load","geometry=Persistent entity;mechanism=Non-sentient resolved elemental entity with a low-temperature water/ice body; behavior architecture: large mobile assault pattern.;operational_name=Ice Drake Elemental"
"binding","GE-0218","Ice Hound Elemental","COMMON_SPECIALIZATION","2050","autonomous manifestation role/load","geometry=Persistent entity;mechanism=Non-sentient resolved elemental entity with a low-temperature water/ice body; behavior architecture: fast pursuit/interception.;operational_name=Ice Hound Elemental"
"binding","GE-0219","Ice Raptor Elemental","COMMON_SPECIALIZATION","2150","autonomous manifestation role/load","geometry=Persistent entity;mechanism=Non-sentient resolved elemental entity with a low-temperature water/ice body; behavior architecture: aerial/rapid strike pattern.;operational_name=Ice Raptor Elemental"
"binding","GE-0220","Ice Sentinel Elemental","COMMON_SPECIALIZATION","2100","autonomous manifestation role/load","geometry=Persistent entity;mechanism=Non-sentient resolved elemental entity with a low-temperature water/ice body; behavior architecture: stationary/slow guard pattern.;operational_name=Ice Sentinel Elemental"
"binding","GE-0221","Ice Serpent Elemental","ADVANCED","2900","autonomous manifestation role/load","geometry=Persistent entity;mechanism=Non-sentient resolved elemental entity with a low-temperature water/ice body; behavior architecture: constriction/area-threading pattern.;operational_name=Ice Serpent Elemental"
"binding","GE-0222","Ice Swarm Elemental","POWERFUL","5300","autonomous manifestation role/load","geometry=Persistent entity;mechanism=Non-sentient resolved elemental entity with a low-temperature water/ice body; behavior architecture: distributed many-body harassment pattern.;operational_name=Ice Swarm Elemental"
"binding","GE-0223","Ice Wisp Elemental","FOUNDATIONAL","600","autonomous manifestation role/load","geometry=Persistent entity;mechanism=Non-sentient resolved elemental entity with a low-temperature water/ice body; behavior architecture: low-output scout/harrier.;operational_name=Ice Wisp Elemental"
"binding","GE-0224","Iron Colossus Elemental","POWERFUL","7600","Scale Huge; control very high; sustain very high continuous sustain relative to ordinary manifestations of the same rank.; role breaker / siege / protection; persistence evaluated. Element identity is excluded.","scale=Huge;control=very high;load=very high continuous sustain relative to ordinary manifestations of the same rank.;role=breaker / siege / protection;mobility=slow ground;persistence=2–10 minutes at baseline competent use; rank/competency can change this substantially."
"binding","GE-0225","Iron Drake Elemental","POWERFUL","8700","Scale Huge; control extreme; sustain extreme continuous sustain relative to ordinary manifestations of the same rank.; role high-output assault; persistence evaluated. Element identity is excluded.","scale=Huge;control=extreme;load=extreme continuous sustain relative to ordinary manifestations of the same rank.;role=high-output assault;mobility=aerial / ground;persistence=30 seconds–5 minutes at baseline competent use; rank/competency can change this substantially."
"binding","GE-0226","Iron Hound Elemental","COMMON_SPECIALIZATION","2050","Scale Small; control moderate; sustain moderate continuous sustain relative to ordinary manifestations of the same rank.; role pursuit / interception; persistence evaluated. Element identity is excluded.","scale=Small;control=moderate;load=moderate continuous sustain relative to ordinary manifestations of the same rank.;role=pursuit / interception;mobility=ground sprint / leap;persistence=1–3 hours at baseline competent use; rank/competency can change this substantially."
"binding","GE-0227","Iron Raptor Elemental","COMMON_SPECIALIZATION","2150","Scale Small; control moderate; sustain moderate continuous sustain relative to ordinary manifestations of the same rank.; role aerial pursuit / strike; persistence evaluated. Element identity is excluded.","scale=Small;control=moderate;load=moderate continuous sustain relative to ordinary manifestations of the same rank.;role=aerial pursuit / strike;mobility=aerial flight;persistence=45–120 minutes at baseline competent use; rank/competency can change this substantially."
"binding","GE-0228","Iron Sentinel Elemental","COMMON_SPECIALIZATION","2100","Scale Medium; control low-to-moderate; sustain low-to-moderate continuous sustain relative to ordinary manifestations of the same rank.; role guard / intercept; persistence evaluated. Element identity is excluded.","scale=Medium;control=low-to-moderate;load=low-to-moderate continuous sustain relative to ordinary manifestations of the same rank.;role=guard / intercept;mobility=slow ground / stationary;persistence=2–6 hours at baseline competent use; rank/competency can change this substantially."
"binding","GE-0229","Iron Serpent Elemental","ADVANCED","2900","Scale Medium; control moderate; sustain moderate continuous sustain relative to ordinary manifestations of the same rank.; role constriction / lane control; persistence evaluated. Element identity is excluded.","scale=Medium;control=moderate;load=moderate continuous sustain relative to ordinary manifestations of the same rank.;role=constriction / lane control;mobility=ground slither / climbing;persistence=45–120 minutes at baseline competent use; rank/competency can change this substantially."
"binding","GE-0230","Iron Swarm Elemental","POWERFUL","5000","Scale Variable; control high; sustain high continuous sustain relative to ordinary manifestations of the same rank.; role harassment / saturation; persistence evaluated. Element identity is excluded.","scale=Variable;control=high;load=high continuous sustain relative to ordinary manifestations of the same rank.;role=harassment / saturation;mobility=distributed flight/ground motion;persistence=15–45 minutes at baseline competent use; rank/competency can change this substantially."
"binding","GE-0231","Iron Wisp Elemental","FOUNDATIONAL","600","Scale Tiny; control low; sustain low continuous sustain relative to ordinary manifestations of the same rank.; role scout / harrier; persistence evaluated. Element identity is excluded.","scale=Tiny;control=low;load=low continuous sustain relative to ordinary manifestations of the same rank.;role=scout / harrier;mobility=aerial drift;persistence=hours at baseline competent use; rank/competency can change this substantially."
"binding","GE-0232","Lightning Colossus Elemental","POWERFUL","7600","Scale Huge; control very high; sustain very high continuous sustain relative to ordinary manifestations of the same rank.; role breaker / siege / protection; persistence evaluated. Element identity is excluded.","scale=Huge;control=very high;load=very high continuous sustain relative to ordinary manifestations of the same rank.;role=breaker / siege / protection;mobility=slow ground;persistence=2–10 minutes at baseline competent use; rank/competency can change this substantially."
"binding","GE-0233","Lightning Drake Elemental","POWERFUL","8700","Scale Huge; control extreme; sustain extreme continuous sustain relative to ordinary manifestations of the same rank.; role high-output assault; persistence evaluated. Element identity is excluded.","scale=Huge;control=extreme;load=extreme continuous sustain relative to ordinary manifestations of the same rank.;role=high-output assault;mobility=aerial / ground;persistence=30 seconds–5 minutes at baseline competent use; rank/competency can change this substantially."
"binding","GE-0234","Lightning Hound Elemental","COMMON_SPECIALIZATION","2050","Scale Small; control moderate; sustain moderate continuous sustain relative to ordinary manifestations of the same rank.; role pursuit / interception; persistence evaluated. Element identity is excluded.","scale=Small;control=moderate;load=moderate continuous sustain relative to ordinary manifestations of the same rank.;role=pursuit / interception;mobility=ground sprint / leap;persistence=1–3 hours at baseline competent use; rank/competency can change this substantially."
"binding","GE-0235","Lightning Raptor Elemental","COMMON_SPECIALIZATION","2150","Scale Small; control moderate; sustain moderate continuous sustain relative to ordinary manifestations of the same rank.; role aerial pursuit / strike; persistence evaluated. Element identity is excluded.","scale=Small;control=moderate;load=moderate continuous sustain relative to ordinary manifestations of the same rank.;role=aerial pursuit / strike;mobility=aerial flight;persistence=45–120 minutes at baseline competent use; rank/competency can change this substantially."
"binding","GE-0236","Lightning Sentinel Elemental","COMMON_SPECIALIZATION","2100","Scale Medium; control low-to-moderate; sustain low-to-moderate continuous sustain relative to ordinary manifestations of the same rank.; role guard / intercept; persistence evaluated. Element identity is excluded.","scale=Medium;control=low-to-moderate;load=low-to-moderate continuous sustain relative to ordinary manifestations of the same rank.;role=guard / intercept;mobility=slow ground / stationary;persistence=2–6 hours at baseline competent use; rank/competency can change this substantially."
"binding","GE-0237","Lightning Serpent Elemental","ADVANCED","2900","Scale Medium; control moderate; sustain moderate continuous sustain relative to ordinary manifestations of the same rank.; role constriction / lane control; persistence evaluated. Element identity is excluded.","scale=Medium;control=moderate;load=moderate continuous sustain relative to ordinary manifestations of the same rank.;role=constriction / lane control;mobility=ground slither / climbing;persistence=45–120 minutes at baseline competent use; rank/competency can change this substantially."
"binding","GE-0238","Lightning Swarm Elemental","POWERFUL","5000","Scale Variable; control high; sustain high continuous sustain relative to ordinary manifestations of the same rank.; role harassment / saturation; persistence evaluated. Element identity is excluded.","scale=Variable;control=high;load=high continuous sustain relative to ordinary manifestations of the same rank.;role=harassment / saturation;mobility=distributed flight/ground motion;persistence=15–45 minutes at baseline competent use; rank/competency can change this substantially."
"binding","GE-0239","Lightning Wisp Elemental","FOUNDATIONAL","600","Scale Tiny; control low; sustain low continuous sustain relative to ordinary manifestations of the same rank.; role scout / harrier; persistence evaluated. Element identity is excluded.","scale=Tiny;control=low;load=low continuous sustain relative to ordinary manifestations of the same rank.;role=scout / harrier;mobility=aerial drift;persistence=hours at baseline competent use; rank/competency can change this substantially."
"binding","GE-0240","Photonic Colossus Elemental","POWERFUL","7600","Scale Huge; control very high; sustain very high continuous sustain relative to ordinary manifestations of the same rank.; role breaker / siege / protection; persistence evaluated. Element identity is excluded.","scale=Huge;control=very high;load=very high continuous sustain relative to ordinary manifestations of the same rank.;role=breaker / siege / protection;mobility=slow ground;persistence=2–10 minutes at baseline competent use; rank/competency can change this substantially."
"binding","GE-0241","Photonic Drake Elemental","POWERFUL","8700","Scale Huge; control extreme; sustain extreme continuous sustain relative to ordinary manifestations of the same rank.; role high-output assault; persistence evaluated. Element identity is excluded.","scale=Huge;control=extreme;load=extreme continuous sustain relative to ordinary manifestations of the same rank.;role=high-output assault;mobility=aerial / ground;persistence=30 seconds–5 minutes at baseline competent use; rank/competency can change this substantially."
"binding","GE-0242","Photonic Hound Elemental","COMMON_SPECIALIZATION","2050","Scale Small; control moderate; sustain moderate continuous sustain relative to ordinary manifestations of the same rank.; role pursuit / interception; persistence evaluated. Element identity is excluded.","scale=Small;control=moderate;load=moderate continuous sustain relative to ordinary manifestations of the same rank.;role=pursuit / interception;mobility=ground sprint / leap;persistence=1–3 hours at baseline competent use; rank/competency can change this substantially."
"binding","GE-0243","Photonic Raptor Elemental","COMMON_SPECIALIZATION","2150","Scale Small; control moderate; sustain moderate continuous sustain relative to ordinary manifestations of the same rank.; role aerial pursuit / strike; persistence evaluated. Element identity is excluded.","scale=Small;control=moderate;load=moderate continuous sustain relative to ordinary manifestations of the same rank.;role=aerial pursuit / strike;mobility=aerial flight;persistence=45–120 minutes at baseline competent use; rank/competency can change this substantially."
"binding","GE-0244","Photonic Sentinel Elemental","COMMON_SPECIALIZATION","2100","Scale Medium; control low-to-moderate; sustain low-to-moderate continuous sustain relative to ordinary manifestations of the same rank.; role guard / intercept; persistence evaluated. Element identity is excluded.","scale=Medium;control=low-to-moderate;load=low-to-moderate continuous sustain relative to ordinary manifestations of the same rank.;role=guard / intercept;mobility=slow ground / stationary;persistence=2–6 hours at baseline competent use; rank/competency can change this substantially."
"binding","GE-0245","Photonic Serpent Elemental","ADVANCED","2900","Scale Medium; control moderate; sustain moderate continuous sustain relative to ordinary manifestations of the same rank.; role constriction / lane control; persistence evaluated. Element identity is excluded.","scale=Medium;control=moderate;load=moderate continuous sustain relative to ordinary manifestations of the same rank.;role=constriction / lane control;mobility=ground slither / climbing;persistence=45–120 minutes at baseline competent use; rank/competency can change this substantially."
"binding","GE-0246","Photonic Swarm Elemental","POWERFUL","5000","Scale Variable; control high; sustain high continuous sustain relative to ordinary manifestations of the same rank.; role harassment / saturation; persistence evaluated. Element identity is excluded.","scale=Variable;control=high;load=high continuous sustain relative to ordinary manifestations of the same rank.;role=harassment / saturation;mobility=distributed flight/ground motion;persistence=15–45 minutes at baseline competent use; rank/competency can change this substantially."
"binding","GE-0247","Photonic Wisp Elemental","FOUNDATIONAL","600","Scale Tiny; control low; sustain low continuous sustain relative to ordinary manifestations of the same rank.; role scout / harrier; persistence evaluated. Element identity is excluded.","scale=Tiny;control=low;load=low continuous sustain relative to ordinary manifestations of the same rank.;role=scout / harrier;mobility=aerial drift;persistence=hours at baseline competent use; rank/competency can change this substantially."
"binding","GE-0248","Plasma Colossus Elemental","POWERFUL","7600","Scale Huge; control very high; sustain very high continuous sustain relative to ordinary manifestations of the same rank.; role breaker / siege / protection; persistence evaluated. Element identity is excluded.","scale=Huge;control=very high;load=very high continuous sustain relative to ordinary manifestations of the same rank.;role=breaker / siege / protection;mobility=slow ground;persistence=2–10 minutes at baseline competent use; rank/competency can change this substantially."
"binding","GE-0249","Plasma Drake Elemental","POWERFUL","8700","Scale Huge; control extreme; sustain extreme continuous sustain relative to ordinary manifestations of the same rank.; role high-output assault; persistence evaluated. Element identity is excluded.","scale=Huge;control=extreme;load=extreme continuous sustain relative to ordinary manifestations of the same rank.;role=high-output assault;mobility=aerial / ground;persistence=30 seconds–5 minutes at baseline competent use; rank/competency can change this substantially."
"binding","GE-0250","Plasma Hound Elemental","COMMON_SPECIALIZATION","2050","Scale Small; control moderate; sustain moderate continuous sustain relative to ordinary manifestations of the same rank.; role pursuit / interception; persistence evaluated. Element identity is excluded.","scale=Small;control=moderate;load=moderate continuous sustain relative to ordinary manifestations of the same rank.;role=pursuit / interception;mobility=ground sprint / leap;persistence=1–3 hours at baseline competent use; rank/competency can change this substantially."
"binding","GE-0251","Plasma Raptor Elemental","COMMON_SPECIALIZATION","2150","Scale Small; control moderate; sustain moderate continuous sustain relative to ordinary manifestations of the same rank.; role aerial pursuit / strike; persistence evaluated. Element identity is excluded.","scale=Small;control=moderate;load=moderate continuous sustain relative to ordinary manifestations of the same rank.;role=aerial pursuit / strike;mobility=aerial flight;persistence=45–120 minutes at baseline competent use; rank/competency can change this substantially."
"binding","GE-0252","Plasma Sentinel Elemental","COMMON_SPECIALIZATION","2100","Scale Medium; control low-to-moderate; sustain low-to-moderate continuous sustain relative to ordinary manifestations of the same rank.; role guard / intercept; persistence evaluated. Element identity is excluded.","scale=Medium;control=low-to-moderate;load=low-to-moderate continuous sustain relative to ordinary manifestations of the same rank.;role=guard / intercept;mobility=slow ground / stationary;persistence=2–6 hours at baseline competent use; rank/competency can change this substantially."
"binding","GE-0253","Plasma Serpent Elemental","ADVANCED","2900","Scale Medium; control moderate; sustain moderate continuous sustain relative to ordinary manifestations of the same rank.; role constriction / lane control; persistence evaluated. Element identity is excluded.","scale=Medium;control=moderate;load=moderate continuous sustain relative to ordinary manifestations of the same rank.;role=constriction / lane control;mobility=ground slither / climbing;persistence=45–120 minutes at baseline competent use; rank/competency can change this substantially."
"binding","GE-0254","Plasma Swarm Elemental","POWERFUL","5000","Scale Variable; control high; sustain high continuous sustain relative to ordinary manifestations of the same rank.; role harassment / saturation; persistence evaluated. Element identity is excluded.","scale=Variable;control=high;load=high continuous sustain relative to ordinary manifestations of the same rank.;role=harassment / saturation;mobility=distributed flight/ground motion;persistence=15–45 minutes at baseline competent use; rank/competency can change this substantially."
"binding","GE-0255","Plasma Wisp Elemental","FOUNDATIONAL","600","Scale Tiny; control low; sustain low continuous sustain relative to ordinary manifestations of the same rank.; role scout / harrier; persistence evaluated. Element identity is excluded.","scale=Tiny;control=low;load=low continuous sustain relative to ordinary manifestations of the same rank.;role=scout / harrier;mobility=aerial drift;persistence=hours at baseline competent use; rank/competency can change this substantially."
"binding","GE-0256","Sand Colossus Elemental","POWERFUL","7600","Scale Huge; control very high; sustain very high continuous sustain relative to ordinary manifestations of the same rank.; role breaker / siege / protection; persistence evaluated. Element identity is excluded.","scale=Huge;control=very high;load=very high continuous sustain relative to ordinary manifestations of the same rank.;role=breaker / siege / protection;mobility=slow ground;persistence=2–10 minutes at baseline competent use; rank/competency can change this substantially."
"binding","GE-0257","Sand Drake Elemental","POWERFUL","8700","Scale Huge; control extreme; sustain extreme continuous sustain relative to ordinary manifestations of the same rank.; role high-output assault; persistence evaluated. Element identity is excluded.","scale=Huge;control=extreme;load=extreme continuous sustain relative to ordinary manifestations of the same rank.;role=high-output assault;mobility=aerial / ground;persistence=30 seconds–5 minutes at baseline competent use; rank/competency can change this substantially."
"binding","GE-0258","Sand Hound Elemental","COMMON_SPECIALIZATION","2050","Scale Small; control moderate; sustain moderate continuous sustain relative to ordinary manifestations of the same rank.; role pursuit / interception; persistence evaluated. Element identity is excluded.","scale=Small;control=moderate;load=moderate continuous sustain relative to ordinary manifestations of the same rank.;role=pursuit / interception;mobility=ground sprint / leap;persistence=1–3 hours at baseline competent use; rank/competency can change this substantially."
"binding","GE-0259","Sand Raptor Elemental","COMMON_SPECIALIZATION","2150","Scale Small; control moderate; sustain moderate continuous sustain relative to ordinary manifestations of the same rank.; role aerial pursuit / strike; persistence evaluated. Element identity is excluded.","scale=Small;control=moderate;load=moderate continuous sustain relative to ordinary manifestations of the same rank.;role=aerial pursuit / strike;mobility=aerial flight;persistence=45–120 minutes at baseline competent use; rank/competency can change this substantially."
"binding","GE-0260","Sand Sentinel Elemental","COMMON_SPECIALIZATION","2100","Scale Medium; control low-to-moderate; sustain low-to-moderate continuous sustain relative to ordinary manifestations of the same rank.; role guard / intercept; persistence evaluated. Element identity is excluded.","scale=Medium;control=low-to-moderate;load=low-to-moderate continuous sustain relative to ordinary manifestations of the same rank.;role=guard / intercept;mobility=slow ground / stationary;persistence=2–6 hours at baseline competent use; rank/competency can change this substantially."
"binding","GE-0261","Sand Serpent Elemental","ADVANCED","2900","Scale Medium; control moderate; sustain moderate continuous sustain relative to ordinary manifestations of the same rank.; role constriction / lane control; persistence evaluated. Element identity is excluded.","scale=Medium;control=moderate;load=moderate continuous sustain relative to ordinary manifestations of the same rank.;role=constriction / lane control;mobility=ground slither / climbing;persistence=45–120 minutes at baseline competent use; rank/competency can change this substantially."
"binding","GE-0262","Sand Swarm Elemental","POWERFUL","5000","Scale Variable; control high; sustain high continuous sustain relative to ordinary manifestations of the same rank.; role harassment / saturation; persistence evaluated. Element identity is excluded.","scale=Variable;control=high;load=high continuous sustain relative to ordinary manifestations of the same rank.;role=harassment / saturation;mobility=distributed flight/ground motion;persistence=15–45 minutes at baseline competent use; rank/competency can change this substantially."
"binding","GE-0263","Sand Wisp Elemental","FOUNDATIONAL","600","Scale Tiny; control low; sustain low continuous sustain relative to ordinary manifestations of the same rank.; role scout / harrier; persistence evaluated. Element identity is excluded.","scale=Tiny;control=low;load=low continuous sustain relative to ordinary manifestations of the same rank.;role=scout / harrier;mobility=aerial drift;persistence=hours at baseline competent use; rank/competency can change this substantially."
"binding","GE-0264","Smoke Colossus Elemental","POWERFUL","7600","Scale Huge; control very high; sustain very high continuous sustain relative to ordinary manifestations of the same rank.; role breaker / siege / protection; persistence evaluated. Element identity is excluded.","scale=Huge;control=very high;load=very high continuous sustain relative to ordinary manifestations of the same rank.;role=breaker / siege / protection;mobility=slow ground;persistence=2–10 minutes at baseline competent use; rank/competency can change this substantially."
"binding","GE-0265","Smoke Drake Elemental","POWERFUL","8700","Scale Huge; control extreme; sustain extreme continuous sustain relative to ordinary manifestations of the same rank.; role high-output assault; persistence evaluated. Element identity is excluded.","scale=Huge;control=extreme;load=extreme continuous sustain relative to ordinary manifestations of the same rank.;role=high-output assault;mobility=aerial / ground;persistence=30 seconds–5 minutes at baseline competent use; rank/competency can change this substantially."
"binding","GE-0266","Smoke Hound Elemental","COMMON_SPECIALIZATION","2050","Scale Small; control moderate; sustain moderate continuous sustain relative to ordinary manifestations of the same rank.; role pursuit / interception; persistence evaluated. Element identity is excluded.","scale=Small;control=moderate;load=moderate continuous sustain relative to ordinary manifestations of the same rank.;role=pursuit / interception;mobility=ground sprint / leap;persistence=1–3 hours at baseline competent use; rank/competency can change this substantially."
"binding","GE-0267","Smoke Raptor Elemental","COMMON_SPECIALIZATION","2150","Scale Small; control moderate; sustain moderate continuous sustain relative to ordinary manifestations of the same rank.; role aerial pursuit / strike; persistence evaluated. Element identity is excluded.","scale=Small;control=moderate;load=moderate continuous sustain relative to ordinary manifestations of the same rank.;role=aerial pursuit / strike;mobility=aerial flight;persistence=45–120 minutes at baseline competent use; rank/competency can change this substantially."
"binding","GE-0268","Smoke Sentinel Elemental","COMMON_SPECIALIZATION","2100","Scale Medium; control low-to-moderate; sustain low-to-moderate continuous sustain relative to ordinary manifestations of the same rank.; role guard / intercept; persistence evaluated. Element identity is excluded.","scale=Medium;control=low-to-moderate;load=low-to-moderate continuous sustain relative to ordinary manifestations of the same rank.;role=guard / intercept;mobility=slow ground / stationary;persistence=2–6 hours at baseline competent use; rank/competency can change this substantially."
"binding","GE-0269","Smoke Serpent Elemental","ADVANCED","2900","Scale Medium; control moderate; sustain moderate continuous sustain relative to ordinary manifestations of the same rank.; role constriction / lane control; persistence evaluated. Element identity is excluded.","scale=Medium;control=moderate;load=moderate continuous sustain relative to ordinary manifestations of the same rank.;role=constriction / lane control;mobility=ground slither / climbing;persistence=45–120 minutes at baseline competent use; rank/competency can change this substantially."
"binding","GE-0270","Smoke Swarm Elemental","POWERFUL","5000","Scale Variable; control high; sustain high continuous sustain relative to ordinary manifestations of the same rank.; role harassment / saturation; persistence evaluated. Element identity is excluded.","scale=Variable;control=high;load=high continuous sustain relative to ordinary manifestations of the same rank.;role=harassment / saturation;mobility=distributed flight/ground motion;persistence=15–45 minutes at baseline competent use; rank/competency can change this substantially."
"binding","GE-0271","Smoke Wisp Elemental","FOUNDATIONAL","600","Scale Tiny; control low; sustain low continuous sustain relative to ordinary manifestations of the same rank.; role scout / harrier; persistence evaluated. Element identity is excluded.","scale=Tiny;control=low;load=low continuous sustain relative to ordinary manifestations of the same rank.;role=scout / harrier;mobility=aerial drift;persistence=hours at baseline competent use; rank/competency can change this substantially."
"binding","GE-0272","Steam Colossus Elemental","POWERFUL","7600","Scale Huge; control very high; sustain very high continuous sustain relative to ordinary manifestations of the same rank.; role breaker / siege / protection; persistence evaluated. Element identity is excluded.","scale=Huge;control=very high;load=very high continuous sustain relative to ordinary manifestations of the same rank.;role=breaker / siege / protection;mobility=slow ground;persistence=2–10 minutes at baseline competent use; rank/competency can change this substantially."
"binding","GE-0273","Steam Drake Elemental","POWERFUL","8700","Scale Huge; control extreme; sustain extreme continuous sustain relative to ordinary manifestations of the same rank.; role high-output assault; persistence evaluated. Element identity is excluded.","scale=Huge;control=extreme;load=extreme continuous sustain relative to ordinary manifestations of the same rank.;role=high-output assault;mobility=aerial / ground;persistence=30 seconds–5 minutes at baseline competent use; rank/competency can change this substantially."
"binding","GE-0274","Steam Hound Elemental","COMMON_SPECIALIZATION","2050","Scale Small; control moderate; sustain moderate continuous sustain relative to ordinary manifestations of the same rank.; role pursuit / interception; persistence evaluated. Element identity is excluded.","scale=Small;control=moderate;load=moderate continuous sustain relative to ordinary manifestations of the same rank.;role=pursuit / interception;mobility=ground sprint / leap;persistence=1–3 hours at baseline competent use; rank/competency can change this substantially."
"binding","GE-0275","Steam Raptor Elemental","COMMON_SPECIALIZATION","2150","Scale Small; control moderate; sustain moderate continuous sustain relative to ordinary manifestations of the same rank.; role aerial pursuit / strike; persistence evaluated. Element identity is excluded.","scale=Small;control=moderate;load=moderate continuous sustain relative to ordinary manifestations of the same rank.;role=aerial pursuit / strike;mobility=aerial flight;persistence=45–120 minutes at baseline competent use; rank/competency can change this substantially."
"binding","GE-0276","Steam Sentinel Elemental","COMMON_SPECIALIZATION","2100","Scale Medium; control low-to-moderate; sustain low-to-moderate continuous sustain relative to ordinary manifestations of the same rank.; role guard / intercept; persistence evaluated. Element identity is excluded.","scale=Medium;control=low-to-moderate;load=low-to-moderate continuous sustain relative to ordinary manifestations of the same rank.;role=guard / intercept;mobility=slow ground / stationary;persistence=2–6 hours at baseline competent use; rank/competency can change this substantially."
"binding","GE-0277","Steam Serpent Elemental","ADVANCED","2900","Scale Medium; control moderate; sustain moderate continuous sustain relative to ordinary manifestations of the same rank.; role constriction / lane control; persistence evaluated. Element identity is excluded.","scale=Medium;control=moderate;load=moderate continuous sustain relative to ordinary manifestations of the same rank.;role=constriction / lane control;mobility=ground slither / climbing;persistence=45–120 minutes at baseline competent use; rank/competency can change this substantially."
"binding","GE-0278","Steam Swarm Elemental","POWERFUL","5000","Scale Variable; control high; sustain high continuous sustain relative to ordinary manifestations of the same rank.; role harassment / saturation; persistence evaluated. Element identity is excluded.","scale=Variable;control=high;load=high continuous sustain relative to ordinary manifestations of the same rank.;role=harassment / saturation;mobility=distributed flight/ground motion;persistence=15–45 minutes at baseline competent use; rank/competency can change this substantially."
"binding","GE-0279","Steam Wisp Elemental","FOUNDATIONAL","600","Scale Tiny; control low; sustain low continuous sustain relative to ordinary manifestations of the same rank.; role scout / harrier; persistence evaluated. Element identity is excluded.","scale=Tiny;control=low;load=low continuous sustain relative to ordinary manifestations of the same rank.;role=scout / harrier;mobility=aerial drift;persistence=hours at baseline competent use; rank/competency can change this substantially."
"binding","GE-0280","Stone Colossus Elemental","POWERFUL","7600","autonomous manifestation role/load","geometry=Persistent entity;mechanism=Non-sentient resolved elemental entity with a coherent mineral-mass body; behavior architecture: large high-output breaker pattern.;operational_name=Stone Colossus Elemental"
"binding","GE-0281","Stone Drake Elemental","POWERFUL","9000","autonomous manifestation role/load","geometry=Persistent entity;mechanism=Non-sentient resolved elemental entity with a coherent mineral-mass body; behavior architecture: large mobile assault pattern.;operational_name=Stone Drake Elemental"
"binding","GE-0282","Stone Hound Elemental","COMMON_SPECIALIZATION","2050","autonomous manifestation role/load","geometry=Persistent entity;mechanism=Non-sentient resolved elemental entity with a coherent mineral-mass body; behavior architecture: fast pursuit/interception.;operational_name=Stone Hound Elemental"
"binding","GE-0283","Stone Raptor Elemental","COMMON_SPECIALIZATION","2150","autonomous manifestation role/load","geometry=Persistent entity;mechanism=Non-sentient resolved elemental entity with a coherent mineral-mass body; behavior architecture: aerial/rapid strike pattern.;operational_name=Stone Raptor Elemental"
"binding","GE-0284","Stone Sentinel Elemental","COMMON_SPECIALIZATION","2100","autonomous manifestation role/load","geometry=Persistent entity;mechanism=Non-sentient resolved elemental entity with a coherent mineral-mass body; behavior architecture: stationary/slow guard pattern.;operational_name=Stone Sentinel Elemental"
"binding","GE-0285","Stone Serpent Elemental","ADVANCED","2900","autonomous manifestation role/load","geometry=Persistent entity;mechanism=Non-sentient resolved elemental entity with a coherent mineral-mass body; behavior architecture: constriction/area-threading pattern.;operational_name=Stone Serpent Elemental"
"binding","GE-0286","Stone Swarm Elemental","POWERFUL","5300","autonomous manifestation role/load","geometry=Persistent entity;mechanism=Non-sentient resolved elemental entity with a coherent mineral-mass body; behavior architecture: distributed many-body harassment pattern.;operational_name=Stone Swarm Elemental"
"binding","GE-0287","Stone Wisp Elemental","FOUNDATIONAL","600","autonomous manifestation role/load","geometry=Persistent entity;mechanism=Non-sentient resolved elemental entity with a coherent mineral-mass body; behavior architecture: low-output scout/harrier.;operational_name=Stone Wisp Elemental"
"binding","GE-0288","Water Colossus Elemental","POWERFUL","7600","Scale Huge; control very high; sustain very high continuous sustain relative to ordinary manifestations of the same rank.; role breaker / siege / protection; persistence evaluated. Element identity is excluded.","scale=Huge;control=very high;load=very high continuous sustain relative to ordinary manifestations of the same rank.;role=breaker / siege / protection;mobility=slow ground;persistence=2–10 minutes at baseline competent use; rank/competency can change this substantially."
"binding","GE-0289","Water Drake Elemental","POWERFUL","8700","Scale Huge; control extreme; sustain extreme continuous sustain relative to ordinary manifestations of the same rank.; role high-output assault; persistence evaluated. Element identity is excluded.","scale=Huge;control=extreme;load=extreme continuous sustain relative to ordinary manifestations of the same rank.;role=high-output assault;mobility=aerial / ground;persistence=30 seconds–5 minutes at baseline competent use; rank/competency can change this substantially."
"binding","GE-0290","Water Hound Elemental","COMMON_SPECIALIZATION","2050","Scale Small; control moderate; sustain moderate continuous sustain relative to ordinary manifestations of the same rank.; role pursuit / interception; persistence evaluated. Element identity is excluded.","scale=Small;control=moderate;load=moderate continuous sustain relative to ordinary manifestations of the same rank.;role=pursuit / interception;mobility=ground sprint / leap;persistence=1–3 hours at baseline competent use; rank/competency can change this substantially."
"binding","GE-0291","Water Raptor Elemental","COMMON_SPECIALIZATION","2150","Scale Small; control moderate; sustain moderate continuous sustain relative to ordinary manifestations of the same rank.; role aerial pursuit / strike; persistence evaluated. Element identity is excluded.","scale=Small;control=moderate;load=moderate continuous sustain relative to ordinary manifestations of the same rank.;role=aerial pursuit / strike;mobility=aerial flight;persistence=45–120 minutes at baseline competent use; rank/competency can change this substantially."
"binding","GE-0292","Water Sentinel Elemental","COMMON_SPECIALIZATION","2100","Scale Medium; control low-to-moderate; sustain low-to-moderate continuous sustain relative to ordinary manifestations of the same rank.; role guard / intercept; persistence evaluated. Element identity is excluded.","scale=Medium;control=low-to-moderate;load=low-to-moderate continuous sustain relative to ordinary manifestations of the same rank.;role=guard / intercept;mobility=slow ground / stationary;persistence=2–6 hours at baseline competent use; rank/competency can change this substantially."
"binding","GE-0293","Water Serpent Elemental","ADVANCED","2900","Scale Medium; control moderate; sustain moderate continuous sustain relative to ordinary manifestations of the same rank.; role constriction / lane control; persistence evaluated. Element identity is excluded.","scale=Medium;control=moderate;load=moderate continuous sustain relative to ordinary manifestations of the same rank.;role=constriction / lane control;mobility=ground slither / climbing;persistence=45–120 minutes at baseline competent use; rank/competency can change this substantially."
"binding","GE-0294","Water Swarm Elemental","POWERFUL","5000","Scale Variable; control high; sustain high continuous sustain relative to ordinary manifestations of the same rank.; role harassment / saturation; persistence evaluated. Element identity is excluded.","scale=Variable;control=high;load=high continuous sustain relative to ordinary manifestations of the same rank.;role=harassment / saturation;mobility=distributed flight/ground motion;persistence=15–45 minutes at baseline competent use; rank/competency can change this substantially."
"binding","GE-0295","Water Wisp Elemental","FOUNDATIONAL","600","Scale Tiny; control low; sustain low continuous sustain relative to ordinary manifestations of the same rank.; role scout / harrier; persistence evaluated. Element identity is excluded.","scale=Tiny;control=low;load=low continuous sustain relative to ordinary manifestations of the same rank.;role=scout / harrier;mobility=aerial drift;persistence=hours at baseline competent use; rank/competency can change this substantially."
"binding","GE-0296","Wind Colossus Elemental","POWERFUL","7600","autonomous manifestation role/load","geometry=Persistent entity;mechanism=Non-sentient resolved elemental entity with a structured atmospheric flow body; behavior architecture: large high-output breaker pattern.;operational_name=Wind Colossus Elemental"
"binding","GE-0297","Wind Drake Elemental","POWERFUL","9000","autonomous manifestation role/load","geometry=Persistent entity;mechanism=Non-sentient resolved elemental entity with a structured atmospheric flow body; behavior architecture: large mobile assault pattern.;operational_name=Wind Drake Elemental"
"binding","GE-0298","Wind Hound Elemental","COMMON_SPECIALIZATION","2050","autonomous manifestation role/load","geometry=Persistent entity;mechanism=Non-sentient resolved elemental entity with a structured atmospheric flow body; behavior architecture: fast pursuit/interception.;operational_name=Wind Hound Elemental"
"binding","GE-0299","Wind Raptor Elemental","COMMON_SPECIALIZATION","2150","autonomous manifestation role/load","geometry=Persistent entity;mechanism=Non-sentient resolved elemental entity with a structured atmospheric flow body; behavior architecture: aerial/rapid strike pattern.;operational_name=Wind Raptor Elemental"
"binding","GE-0300","Wind Sentinel Elemental","COMMON_SPECIALIZATION","2100","autonomous manifestation role/load","geometry=Persistent entity;mechanism=Non-sentient resolved elemental entity with a structured atmospheric flow body; behavior architecture: stationary/slow guard pattern.;operational_name=Wind Sentinel Elemental"
"binding","GE-0301","Wind Serpent Elemental","ADVANCED","2900","autonomous manifestation role/load","geometry=Persistent entity;mechanism=Non-sentient resolved elemental entity with a structured atmospheric flow body; behavior architecture: constriction/area-threading pattern.;operational_name=Wind Serpent Elemental"
"binding","GE-0302","Wind Swarm Elemental","POWERFUL","5300","autonomous manifestation role/load","geometry=Persistent entity;mechanism=Non-sentient resolved elemental entity with a structured atmospheric flow body; behavior architecture: distributed many-body harassment pattern.;operational_name=Wind Swarm Elemental"
"binding","GE-0303","Wind Wisp Elemental","FOUNDATIONAL","600","autonomous manifestation role/load","geometry=Persistent entity;mechanism=Non-sentient resolved elemental entity with a structured atmospheric flow body; behavior architecture: low-output scout/harrier.;operational_name=Wind Wisp Elemental"
"binding","GE-0304","Forking Glass Arc","COMMON_SPECIALIZATION","1700","Arc delivery/control geometry","geometry=Arc;mechanism=available silicate/glass matter conduction;operational_name=Forking Glass Arc"
"binding","GE-0305","Single Glass Arc","COMMON_SPECIALIZATION","1700","Arc delivery/control geometry","geometry=Arc;mechanism=available silicate/glass matter conduction;operational_name=Single Glass Arc"
"binding","GE-0306","Burst Glass Beam","ADVANCED","2800","Beam delivery/control geometry","geometry=Beam;mechanism=available silicate/glass matter conduction;operational_name=Burst Glass Beam"
"binding","GE-0307","Channeled Glass Beam","ADVANCED","3500","Beam delivery/control geometry; controlled/mobile/channeled sustain","geometry=Beam;mechanism=available silicate/glass matter conduction;operational_name=Channeled Glass Beam"
"binding","GE-0308","Implosive Glass Burst","COMMON_SPECIALIZATION","2000","Burst delivery/control geometry","geometry=Burst;mechanism=available silicate/glass matter conduction;operational_name=Implosive Glass Burst"
"binding","GE-0309","Outward Glass Burst","COMMON_SPECIALIZATION","2000","Burst delivery/control geometry","geometry=Burst;mechanism=available silicate/glass matter conduction;operational_name=Outward Glass Burst"
"binding","GE-0310","Mobile Glass Field","ADVANCED","3500","Field delivery/control geometry; controlled/mobile/channeled sustain","geometry=Field;mechanism=available silicate/glass matter conduction;operational_name=Mobile Glass Field"
"binding","GE-0311","Static Glass Field","ADVANCED","2800","Field delivery/control geometry","geometry=Field;mechanism=available silicate/glass matter conduction;operational_name=Static Glass Field"
"binding","GE-0312","Focused Glass Jet","COMMON_SPECIALIZATION","1600","Jet delivery/control geometry","geometry=Jet;mechanism=available silicate/glass matter conduction;operational_name=Focused Glass Jet"
"binding","GE-0313","Sweeping Glass Jet","COMMON_SPECIALIZATION","2400","Jet delivery/control geometry; expanded area or sustained throughput","geometry=Jet;mechanism=available silicate/glass matter conduction;operational_name=Sweeping Glass Jet"
"binding","GE-0314","Piercing Glass Lance","COMMON_SPECIALIZATION","2100","Lance delivery/control geometry","geometry=Lance;mechanism=available silicate/glass matter conduction;operational_name=Piercing Glass Lance"
"binding","GE-0315","Staged Glass Lance","COMMON_SPECIALIZATION","2100","Lance delivery/control geometry","geometry=Lance;mechanism=available silicate/glass matter conduction;operational_name=Staged Glass Lance"
"binding","GE-0316","Controlled Glass Orb","ADVANCED","2900","Orb delivery/control geometry; controlled/mobile/channeled sustain","geometry=Orb;mechanism=available silicate/glass matter conduction;operational_name=Controlled Glass Orb"
"binding","GE-0317","Detonating Glass Orb","COMMON_SPECIALIZATION","2200","Orb delivery/control geometry","geometry=Orb;mechanism=available silicate/glass matter conduction;operational_name=Detonating Glass Orb"
"binding","GE-0318","Overcharged Glass Projectile","COMMON_SPECIALIZATION","1100","Projectile delivery/control geometry","geometry=Projectile;mechanism=available silicate/glass matter conduction;operational_name=Overcharged Glass Projectile"
"binding","GE-0319","Released Glass Projectile","COMMON_SPECIALIZATION","1100","Projectile delivery/control geometry","geometry=Projectile;mechanism=available silicate/glass matter conduction;operational_name=Released Glass Projectile"
"binding","GE-0320","Contracting Glass Ring","ADVANCED","2900","Ring delivery/control geometry","geometry=Ring;mechanism=available silicate/glass matter conduction;operational_name=Contracting Glass Ring"
"binding","GE-0321","Expanding Glass Ring","ADVANCED","2900","Ring delivery/control geometry","geometry=Ring;mechanism=available silicate/glass matter conduction;operational_name=Expanding Glass Ring"
"binding","GE-0322","Repeating Glass Wave","ADVANCED","2700","Wave delivery/control geometry","geometry=Wave;mechanism=available silicate/glass matter conduction;operational_name=Repeating Glass Wave"
"binding","GE-0323","Single-Front Glass Wave","ADVANCED","2700","Wave delivery/control geometry","geometry=Wave;mechanism=available silicate/glass matter conduction;operational_name=Single-Front Glass Wave"
"binding","GE-0324","Forking Iron Arc","COMMON_SPECIALIZATION","1700","Arc delivery/control geometry","geometry=Arc;mechanism=available iron-rich matter conduction;operational_name=Forking Iron Arc"
"binding","GE-0325","Single Iron Arc","COMMON_SPECIALIZATION","1700","Arc delivery/control geometry","geometry=Arc;mechanism=available iron-rich matter conduction;operational_name=Single Iron Arc"
"binding","GE-0326","Burst Iron Beam","ADVANCED","2800","Beam delivery/control geometry","geometry=Beam;mechanism=available iron-rich matter conduction;operational_name=Burst Iron Beam"
"binding","GE-0327","Channeled Iron Beam","ADVANCED","3500","Beam delivery/control geometry; controlled/mobile/channeled sustain","geometry=Beam;mechanism=available iron-rich matter conduction;operational_name=Channeled Iron Beam"
"binding","GE-0328","Implosive Iron Burst","COMMON_SPECIALIZATION","2000","Burst delivery/control geometry","geometry=Burst;mechanism=available iron-rich matter conduction;operational_name=Implosive Iron Burst"
"binding","GE-0329","Outward Iron Burst","COMMON_SPECIALIZATION","2000","Burst delivery/control geometry","geometry=Burst;mechanism=available iron-rich matter conduction;operational_name=Outward Iron Burst"
"binding","GE-0330","Mobile Iron Field","ADVANCED","3500","Field delivery/control geometry; controlled/mobile/channeled sustain","geometry=Field;mechanism=available iron-rich matter conduction;operational_name=Mobile Iron Field"
"binding","GE-0331","Static Iron Field","ADVANCED","2800","Field delivery/control geometry","geometry=Field;mechanism=available iron-rich matter conduction;operational_name=Static Iron Field"
"binding","GE-0332","Focused Iron Jet","COMMON_SPECIALIZATION","1600","Jet delivery/control geometry","geometry=Jet;mechanism=available iron-rich matter conduction;operational_name=Focused Iron Jet"
"binding","GE-0333","Sweeping Iron Jet","COMMON_SPECIALIZATION","2400","Jet delivery/control geometry; expanded area or sustained throughput","geometry=Jet;mechanism=available iron-rich matter conduction;operational_name=Sweeping Iron Jet"
"binding","GE-0334","Piercing Iron Lance","COMMON_SPECIALIZATION","2100","Lance delivery/control geometry","geometry=Lance;mechanism=available iron-rich matter conduction;operational_name=Piercing Iron Lance"
"binding","GE-0335","Staged Iron Lance","COMMON_SPECIALIZATION","2100","Lance delivery/control geometry","geometry=Lance;mechanism=available iron-rich matter conduction;operational_name=Staged Iron Lance"
"binding","GE-0336","Controlled Iron Orb","ADVANCED","2900","Orb delivery/control geometry; controlled/mobile/channeled sustain","geometry=Orb;mechanism=available iron-rich matter conduction;operational_name=Controlled Iron Orb"
"binding","GE-0337","Detonating Iron Orb","COMMON_SPECIALIZATION","2200","Orb delivery/control geometry","geometry=Orb;mechanism=available iron-rich matter conduction;operational_name=Detonating Iron Orb"
"binding","GE-0338","Overcharged Iron Projectile","COMMON_SPECIALIZATION","1100","Projectile delivery/control geometry","geometry=Projectile;mechanism=available iron-rich matter conduction;operational_name=Overcharged Iron Projectile"
"binding","GE-0339","Released Iron Projectile","COMMON_SPECIALIZATION","1100","Projectile delivery/control geometry","geometry=Projectile;mechanism=available iron-rich matter conduction;operational_name=Released Iron Projectile"
"binding","GE-0340","Contracting Iron Ring","ADVANCED","2900","Ring delivery/control geometry","geometry=Ring;mechanism=available iron-rich matter conduction;operational_name=Contracting Iron Ring"
"binding","GE-0341","Expanding Iron Ring","ADVANCED","2900","Ring delivery/control geometry","geometry=Ring;mechanism=available iron-rich matter conduction;operational_name=Expanding Iron Ring"
"binding","GE-0342","Repeating Iron Wave","ADVANCED","2700","Wave delivery/control geometry","geometry=Wave;mechanism=available iron-rich matter conduction;operational_name=Repeating Iron Wave"
"binding","GE-0343","Single-Front Iron Wave","ADVANCED","2700","Wave delivery/control geometry","geometry=Wave;mechanism=available iron-rich matter conduction;operational_name=Single-Front Iron Wave"
"binding","GE-0344","Forking Kinetic Arc","COMMON_SPECIALIZATION","1700","Arc delivery/control geometry","geometry=Arc;mechanism=momentum and impulse transduction;operational_name=Forking Kinetic Arc"
"binding","GE-0345","Single Kinetic Arc","COMMON_SPECIALIZATION","1700","Arc delivery/control geometry","geometry=Arc;mechanism=momentum and impulse transduction;operational_name=Single Kinetic Arc"
"binding","GE-0346","Burst Kinetic Beam","ADVANCED","2800","Beam delivery/control geometry","geometry=Beam;mechanism=momentum and impulse transduction;operational_name=Burst Kinetic Beam"
"binding","GE-0347","Channeled Kinetic Beam","ADVANCED","3500","Beam delivery/control geometry; controlled/mobile/channeled sustain","geometry=Beam;mechanism=momentum and impulse transduction;operational_name=Channeled Kinetic Beam"
"binding","GE-0348","Implosive Kinetic Burst","COMMON_SPECIALIZATION","2000","Burst delivery/control geometry","geometry=Burst;mechanism=momentum and impulse transduction;operational_name=Implosive Kinetic Burst"
"binding","GE-0349","Outward Kinetic Burst","COMMON_SPECIALIZATION","2000","Burst delivery/control geometry","geometry=Burst;mechanism=momentum and impulse transduction;operational_name=Outward Kinetic Burst"
"binding","GE-0350","Mobile Kinetic Field","ADVANCED","3500","Field delivery/control geometry; controlled/mobile/channeled sustain","geometry=Field;mechanism=momentum and impulse transduction;operational_name=Mobile Kinetic Field"
"binding","GE-0351","Static Kinetic Field","ADVANCED","2800","Field delivery/control geometry","geometry=Field;mechanism=momentum and impulse transduction;operational_name=Static Kinetic Field"
"binding","GE-0352","Focused Kinetic Jet","COMMON_SPECIALIZATION","1600","Jet delivery/control geometry","geometry=Jet;mechanism=momentum and impulse transduction;operational_name=Focused Kinetic Jet"
"binding","GE-0353","Sweeping Kinetic Jet","COMMON_SPECIALIZATION","2400","Jet delivery/control geometry; expanded area or sustained throughput","geometry=Jet;mechanism=momentum and impulse transduction;operational_name=Sweeping Kinetic Jet"
"binding","GE-0354","Piercing Kinetic Lance","COMMON_SPECIALIZATION","2100","Lance delivery/control geometry","geometry=Lance;mechanism=momentum and impulse transduction;operational_name=Piercing Kinetic Lance"
"binding","GE-0355","Staged Kinetic Lance","COMMON_SPECIALIZATION","2100","Lance delivery/control geometry","geometry=Lance;mechanism=momentum and impulse transduction;operational_name=Staged Kinetic Lance"
"binding","GE-0356","Controlled Kinetic Orb","ADVANCED","2900","Orb delivery/control geometry; controlled/mobile/channeled sustain","geometry=Orb;mechanism=momentum and impulse transduction;operational_name=Controlled Kinetic Orb"
"binding","GE-0357","Detonating Kinetic Orb","COMMON_SPECIALIZATION","2200","Orb delivery/control geometry","geometry=Orb;mechanism=momentum and impulse transduction;operational_name=Detonating Kinetic Orb"
"binding","GE-0358","Overcharged Kinetic Projectile","COMMON_SPECIALIZATION","1100","Projectile delivery/control geometry","geometry=Projectile;mechanism=momentum and impulse transduction;operational_name=Overcharged Kinetic Projectile"
"binding","GE-0359","Released Kinetic Projectile","COMMON_SPECIALIZATION","1100","Projectile delivery/control geometry","geometry=Projectile;mechanism=momentum and impulse transduction;operational_name=Released Kinetic Projectile"
"binding","GE-0360","Contracting Kinetic Ring","ADVANCED","2900","Ring delivery/control geometry","geometry=Ring;mechanism=momentum and impulse transduction;operational_name=Contracting Kinetic Ring"
"binding","GE-0361","Expanding Kinetic Ring","ADVANCED","2900","Ring delivery/control geometry","geometry=Ring;mechanism=momentum and impulse transduction;operational_name=Expanding Kinetic Ring"
"binding","GE-0362","Repeating Kinetic Wave","ADVANCED","2700","Wave delivery/control geometry","geometry=Wave;mechanism=momentum and impulse transduction;operational_name=Repeating Kinetic Wave"
"binding","GE-0363","Single-Front Kinetic Wave","ADVANCED","2700","Wave delivery/control geometry","geometry=Wave;mechanism=momentum and impulse transduction;operational_name=Single-Front Kinetic Wave"
"binding","GE-0364","Forking Magnetic Arc","COMMON_SPECIALIZATION","1700","Arc delivery/control geometry","geometry=Arc;mechanism=magnetic-field interaction with compatible matter;operational_name=Forking Magnetic Arc"
"binding","GE-0365","Single Magnetic Arc","COMMON_SPECIALIZATION","1700","Arc delivery/control geometry","geometry=Arc;mechanism=magnetic-field interaction with compatible matter;operational_name=Single Magnetic Arc"
"binding","GE-0366","Burst Magnetic Beam","ADVANCED","2800","Beam delivery/control geometry","geometry=Beam;mechanism=magnetic-field interaction with compatible matter;operational_name=Burst Magnetic Beam"
"binding","GE-0367","Channeled Magnetic Beam","ADVANCED","3500","Beam delivery/control geometry; controlled/mobile/channeled sustain","geometry=Beam;mechanism=magnetic-field interaction with compatible matter;operational_name=Channeled Magnetic Beam"
"binding","GE-0368","Implosive Magnetic Burst","COMMON_SPECIALIZATION","2000","Burst delivery/control geometry","geometry=Burst;mechanism=magnetic-field interaction with compatible matter;operational_name=Implosive Magnetic Burst"
"binding","GE-0369","Outward Magnetic Burst","COMMON_SPECIALIZATION","2000","Burst delivery/control geometry","geometry=Burst;mechanism=magnetic-field interaction with compatible matter;operational_name=Outward Magnetic Burst"
"binding","GE-0370","Mobile Magnetic Field","ADVANCED","3500","Field delivery/control geometry; controlled/mobile/channeled sustain","geometry=Field;mechanism=magnetic-field interaction with compatible matter;operational_name=Mobile Magnetic Field"
"binding","GE-0371","Static Magnetic Field","ADVANCED","2800","Field delivery/control geometry","geometry=Field;mechanism=magnetic-field interaction with compatible matter;operational_name=Static Magnetic Field"
"binding","GE-0372","Focused Magnetic Jet","COMMON_SPECIALIZATION","1600","Jet delivery/control geometry","geometry=Jet;mechanism=magnetic-field interaction with compatible matter;operational_name=Focused Magnetic Jet"
"binding","GE-0373","Sweeping Magnetic Jet","COMMON_SPECIALIZATION","2400","Jet delivery/control geometry; expanded area or sustained throughput","geometry=Jet;mechanism=magnetic-field interaction with compatible matter;operational_name=Sweeping Magnetic Jet"
"binding","GE-0374","Piercing Magnetic Lance","COMMON_SPECIALIZATION","2100","Lance delivery/control geometry","geometry=Lance;mechanism=magnetic-field interaction with compatible matter;operational_name=Piercing Magnetic Lance"
"binding","GE-0375","Staged Magnetic Lance","COMMON_SPECIALIZATION","2100","Lance delivery/control geometry","geometry=Lance;mechanism=magnetic-field interaction with compatible matter;operational_name=Staged Magnetic Lance"
"binding","GE-0376","Controlled Magnetic Orb","ADVANCED","2900","Orb delivery/control geometry; controlled/mobile/channeled sustain","geometry=Orb;mechanism=magnetic-field interaction with compatible matter;operational_name=Controlled Magnetic Orb"
"binding","GE-0377","Detonating Magnetic Orb","COMMON_SPECIALIZATION","2200","Orb delivery/control geometry","geometry=Orb;mechanism=magnetic-field interaction with compatible matter;operational_name=Detonating Magnetic Orb"
"binding","GE-0378","Overcharged Magnetic Projectile","COMMON_SPECIALIZATION","1100","Projectile delivery/control geometry","geometry=Projectile;mechanism=magnetic-field interaction with compatible matter;operational_name=Overcharged Magnetic Projectile"
"binding","GE-0379","Released Magnetic Projectile","COMMON_SPECIALIZATION","1100","Projectile delivery/control geometry","geometry=Projectile;mechanism=magnetic-field interaction with compatible matter;operational_name=Released Magnetic Projectile"
"binding","GE-0380","Contracting Magnetic Ring","ADVANCED","2900","Ring delivery/control geometry","geometry=Ring;mechanism=magnetic-field interaction with compatible matter;operational_name=Contracting Magnetic Ring"
"binding","GE-0381","Expanding Magnetic Ring","ADVANCED","2900","Ring delivery/control geometry","geometry=Ring;mechanism=magnetic-field interaction with compatible matter;operational_name=Expanding Magnetic Ring"
"binding","GE-0382","Repeating Magnetic Wave","ADVANCED","2700","Wave delivery/control geometry","geometry=Wave;mechanism=magnetic-field interaction with compatible matter;operational_name=Repeating Magnetic Wave"
"binding","GE-0383","Single-Front Magnetic Wave","ADVANCED","2700","Wave delivery/control geometry","geometry=Wave;mechanism=magnetic-field interaction with compatible matter;operational_name=Single-Front Magnetic Wave"
"binding","GE-0384","Forking Mineral Arc","COMMON_SPECIALIZATION","1700","Arc delivery/control geometry","geometry=Arc;mechanism=available mineral/stone matter conduction;operational_name=Forking Mineral Arc"
"binding","GE-0385","Single Mineral Arc","COMMON_SPECIALIZATION","1700","Arc delivery/control geometry","geometry=Arc;mechanism=available mineral/stone matter conduction;operational_name=Single Mineral Arc"
"binding","GE-0386","Burst Mineral Beam","ADVANCED","2800","Beam delivery/control geometry","geometry=Beam;mechanism=available mineral/stone matter conduction;operational_name=Burst Mineral Beam"
"binding","GE-0387","Channeled Mineral Beam","ADVANCED","3500","Beam delivery/control geometry; controlled/mobile/channeled sustain","geometry=Beam;mechanism=available mineral/stone matter conduction;operational_name=Channeled Mineral Beam"
"binding","GE-0388","Implosive Mineral Burst","COMMON_SPECIALIZATION","2000","Burst delivery/control geometry","geometry=Burst;mechanism=available mineral/stone matter conduction;operational_name=Implosive Mineral Burst"
"binding","GE-0389","Outward Mineral Burst","COMMON_SPECIALIZATION","2000","Burst delivery/control geometry","geometry=Burst;mechanism=available mineral/stone matter conduction;operational_name=Outward Mineral Burst"
"binding","GE-0390","Mobile Mineral Field","ADVANCED","3500","Field delivery/control geometry; controlled/mobile/channeled sustain","geometry=Field;mechanism=available mineral/stone matter conduction;operational_name=Mobile Mineral Field"
"binding","GE-0391","Static Mineral Field","ADVANCED","2800","Field delivery/control geometry","geometry=Field;mechanism=available mineral/stone matter conduction;operational_name=Static Mineral Field"
"binding","GE-0392","Focused Mineral Jet","COMMON_SPECIALIZATION","1600","Jet delivery/control geometry","geometry=Jet;mechanism=available mineral/stone matter conduction;operational_name=Focused Mineral Jet"
"binding","GE-0393","Sweeping Mineral Jet","COMMON_SPECIALIZATION","2400","Jet delivery/control geometry; expanded area or sustained throughput","geometry=Jet;mechanism=available mineral/stone matter conduction;operational_name=Sweeping Mineral Jet"
"binding","GE-0394","Piercing Mineral Lance","COMMON_SPECIALIZATION","2100","Lance delivery/control geometry","geometry=Lance;mechanism=available mineral/stone matter conduction;operational_name=Piercing Mineral Lance"
"binding","GE-0395","Staged Mineral Lance","COMMON_SPECIALIZATION","2100","Lance delivery/control geometry","geometry=Lance;mechanism=available mineral/stone matter conduction;operational_name=Staged Mineral Lance"
"binding","GE-0396","Controlled Mineral Orb","ADVANCED","2900","Orb delivery/control geometry; controlled/mobile/channeled sustain","geometry=Orb;mechanism=available mineral/stone matter conduction;operational_name=Controlled Mineral Orb"
"binding","GE-0397","Detonating Mineral Orb","COMMON_SPECIALIZATION","2200","Orb delivery/control geometry","geometry=Orb;mechanism=available mineral/stone matter conduction;operational_name=Detonating Mineral Orb"
"binding","GE-0398","Overcharged Mineral Projectile","COMMON_SPECIALIZATION","1100","Projectile delivery/control geometry","geometry=Projectile;mechanism=available mineral/stone matter conduction;operational_name=Overcharged Mineral Projectile"
"binding","GE-0399","Released Mineral Projectile","COMMON_SPECIALIZATION","1100","Projectile delivery/control geometry","geometry=Projectile;mechanism=available mineral/stone matter conduction;operational_name=Released Mineral Projectile"
"binding","GE-0400","Contracting Mineral Ring","ADVANCED","2900","Ring delivery/control geometry","geometry=Ring;mechanism=available mineral/stone matter conduction;operational_name=Contracting Mineral Ring"
"binding","GE-0401","Expanding Mineral Ring","ADVANCED","2900","Ring delivery/control geometry","geometry=Ring;mechanism=available mineral/stone matter conduction;operational_name=Expanding Mineral Ring"
"binding","GE-0402","Repeating Mineral Wave","ADVANCED","2700","Wave delivery/control geometry","geometry=Wave;mechanism=available mineral/stone matter conduction;operational_name=Repeating Mineral Wave"
"binding","GE-0403","Single-Front Mineral Wave","ADVANCED","2700","Wave delivery/control geometry","geometry=Wave;mechanism=available mineral/stone matter conduction;operational_name=Single-Front Mineral Wave"
"binding","GE-0404","Arc Barrage Pattern","COMMON_SPECIALIZATION","1700","compatible-shaping release modifier","geometry=Pattern modifier;mechanism=Pattern operator that restructures a compatible shaping into curved release path.;operational_name=Arc Barrage Pattern"
"binding","GE-0405","Barrage Pattern","ADVANCED","3300","compatible-shaping release modifier; sustained/area/converging control","geometry=Pattern modifier;mechanism=Pattern operator that restructures a compatible shaping into sustained rapid sequence.;operational_name=Barrage Pattern"
"binding","GE-0406","Carpet Pattern","ADVANCED","3300","compatible-shaping release modifier; sustained/area/converging control","geometry=Pattern modifier;mechanism=Pattern operator that restructures a compatible shaping into continuous area-filling release.;operational_name=Carpet Pattern"
"binding","GE-0407","Cascade Pattern","COMMON_SPECIALIZATION","1700","compatible-shaping release modifier","geometry=Pattern modifier;mechanism=Pattern operator that restructures a compatible shaping into staggered sequence.;operational_name=Cascade Pattern"
"binding","GE-0408","Corkscrew Pattern","COMMON_SPECIALIZATION","1700","compatible-shaping release modifier","geometry=Pattern modifier;mechanism=Pattern operator that restructures a compatible shaping into twisting forward sequence.;operational_name=Corkscrew Pattern"
"binding","GE-0409","Crossfire Pattern","ADVANCED","3300","compatible-shaping release modifier; sustained/area/converging control","geometry=Pattern modifier;mechanism=Pattern operator that restructures a compatible shaping into intersecting X-pattern.;operational_name=Crossfire Pattern"
"binding","GE-0410","Delayed Split Pattern","COMMON_SPECIALIZATION","2400","compatible-shaping release modifier; concurrent event copies","geometry=Pattern modifier;mechanism=Pattern operator that restructures a compatible shaping into division after travel.;operational_name=Delayed Split Pattern"
"binding","GE-0411","Echo Pattern","COMMON_SPECIALIZATION","2300","compatible-shaping release modifier; delayed/remote/orbital control","geometry=Pattern modifier;mechanism=Pattern operator that restructures a compatible shaping into delayed repeat of a compatible event.;operational_name=Echo Pattern"
"binding","GE-0412","Fan Pattern","COMMON_SPECIALIZATION","1700","compatible-shaping release modifier","geometry=Pattern modifier;mechanism=Pattern operator that restructures a compatible shaping into horizontal spread.;operational_name=Fan Pattern"
"binding","GE-0413","Focus Barrage Pattern","ADVANCED","3300","compatible-shaping release modifier; sustained/area/converging control","geometry=Pattern modifier;mechanism=Pattern operator that restructures a compatible shaping into many releases concentrated on one point.;operational_name=Focus Barrage Pattern"
"binding","GE-0414","Fork Pattern","COMMON_SPECIALIZATION","1700","compatible-shaping release modifier","geometry=Pattern modifier;mechanism=Pattern operator that restructures a compatible shaping into diverging branch pattern.;operational_name=Fork Pattern"
"binding","GE-0415","Grid Pattern","ADVANCED","3300","compatible-shaping release modifier; sustained/area/converging control","geometry=Pattern modifier;mechanism=Pattern operator that restructures a compatible shaping into structured area coverage.;operational_name=Grid Pattern"
"binding","GE-0416","Halo Pattern Pattern","COMMON_SPECIALIZATION","2300","compatible-shaping release modifier; delayed/remote/orbital control","geometry=Pattern modifier;mechanism=Pattern operator that restructures a compatible shaping into orbiting circular release.;operational_name=Halo Pattern Pattern"
"binding","GE-0417","Hammer Pattern","COMMON_SPECIALIZATION","1700","compatible-shaping release modifier","geometry=Pattern modifier;mechanism=Pattern operator that restructures a compatible shaping into repeated heavy release at one target.;operational_name=Hammer Pattern"
"binding","GE-0418","Ladder Pattern","COMMON_SPECIALIZATION","1700","compatible-shaping release modifier","geometry=Pattern modifier;mechanism=Pattern operator that restructures a compatible shaping into vertically staggered pattern.;operational_name=Ladder Pattern"
"binding","GE-0419","Mirror Pattern","COMMON_SPECIALIZATION","2400","compatible-shaping release modifier; concurrent event copies","geometry=Pattern modifier;mechanism=Pattern operator that restructures a compatible shaping into duplicated release from opposed resolved angles.;operational_name=Mirror Pattern"
"binding","GE-0420","Net Pattern","ADVANCED","3300","compatible-shaping release modifier; sustained/area/converging control","geometry=Pattern modifier;mechanism=Pattern operator that restructures a compatible shaping into intersecting lines forming area denial.;operational_name=Net Pattern"
"binding","GE-0421","Offset Pattern","COMMON_SPECIALIZATION","1700","compatible-shaping release modifier","geometry=Pattern modifier;mechanism=Pattern operator that restructures a compatible shaping into parallel slightly displaced releases.;operational_name=Offset Pattern"
"binding","GE-0422","Overlap Pattern","COMMON_SPECIALIZATION","2400","compatible-shaping release modifier; concurrent event copies","geometry=Pattern modifier;mechanism=Pattern operator that restructures a compatible shaping into multiple releases share a resolved path.;operational_name=Overlap Pattern"
"binding","GE-0423","Pincer Pattern","COMMON_SPECIALIZATION","1700","compatible-shaping release modifier","geometry=Pattern modifier;mechanism=Pattern operator that restructures a compatible shaping into converging angles.;operational_name=Pincer Pattern"
"binding","GE-0424","Pinwheel Pattern","COMMON_SPECIALIZATION","1700","compatible-shaping release modifier","geometry=Pattern modifier;mechanism=Pattern operator that restructures a compatible shaping into rotating cross-pattern.;operational_name=Pinwheel Pattern"
"binding","GE-0425","Precision Volley Pattern","COMMON_SPECIALIZATION","1700","compatible-shaping release modifier","geometry=Pattern modifier;mechanism=Pattern operator that restructures a compatible shaping into tight grouped release.;operational_name=Precision Volley Pattern"
"binding","GE-0426","Pulse Chain Pattern","COMMON_SPECIALIZATION","1700","compatible-shaping release modifier","geometry=Pattern modifier;mechanism=Pattern operator that restructures a compatible shaping into rhythmic repeated release.;operational_name=Pulse Chain Pattern"
"binding","GE-0427","Pulse Grid Pattern","ADVANCED","3300","compatible-shaping release modifier; sustained/area/converging control","geometry=Pattern modifier;mechanism=Pattern operator that restructures a compatible shaping into rhythmic structured area coverage.;operational_name=Pulse Grid Pattern"
"binding","GE-0428","Quad Pattern","COMMON_SPECIALIZATION","2400","compatible-shaping release modifier; concurrent event copies","geometry=Pattern modifier;mechanism=Pattern operator that restructures a compatible shaping into four synchronized copies.;operational_name=Quad Pattern"
"binding","GE-0429","Rain Pattern","COMMON_SPECIALIZATION","2300","compatible-shaping release modifier; delayed/remote/orbital control","geometry=Pattern modifier;mechanism=Pattern operator that restructures a compatible shaping into upward/remote release followed by downward arrival.;operational_name=Rain Pattern"
"binding","GE-0430","Rainburst Pattern","COMMON_SPECIALIZATION","1700","compatible-shaping release modifier","geometry=Pattern modifier;mechanism=Pattern operator that restructures a compatible shaping into clustered downward impacts.;operational_name=Rainburst Pattern"
"binding","GE-0431","Reverse Pattern","COMMON_SPECIALIZATION","1700","compatible-shaping release modifier","geometry=Pattern modifier;mechanism=Pattern operator that restructures a compatible shaping into secondary release in opposed direction.;operational_name=Reverse Pattern"
"binding","GE-0432","Ring Barrage Pattern","COMMON_SPECIALIZATION","1700","compatible-shaping release modifier","geometry=Pattern modifier;mechanism=Pattern operator that restructures a compatible shaping into circular outward release.;operational_name=Ring Barrage Pattern"
"binding","GE-0433","Scatter Pattern","COMMON_SPECIALIZATION","1700","compatible-shaping release modifier","geometry=Pattern modifier;mechanism=Pattern operator that restructures a compatible shaping into controlled randomized spread.;operational_name=Scatter Pattern"
"binding","GE-0434","Shotgun Pattern","COMMON_SPECIALIZATION","2400","compatible-shaping release modifier; concurrent event copies","geometry=Pattern modifier;mechanism=Pattern operator that restructures a compatible shaping into wide cone of simultaneous copies.;operational_name=Shotgun Pattern"
"binding","GE-0435","Shotline Pattern","COMMON_SPECIALIZATION","1700","compatible-shaping release modifier","geometry=Pattern modifier;mechanism=Pattern operator that restructures a compatible shaping into parallel lanes.;operational_name=Shotline Pattern"
"binding","GE-0436","Spiral Pattern","COMMON_SPECIALIZATION","1700","compatible-shaping release modifier","geometry=Pattern modifier;mechanism=Pattern operator that restructures a compatible shaping into rotating outward pattern.;operational_name=Spiral Pattern"
"binding","GE-0437","Split Pattern","COMMON_SPECIALIZATION","2400","compatible-shaping release modifier; concurrent event copies","geometry=Pattern modifier;mechanism=Pattern operator that restructures a compatible shaping into one compatible event divides into multiple events.;operational_name=Split Pattern"
"binding","GE-0438","Spread Barrage Pattern","ADVANCED","3300","compatible-shaping release modifier; sustained/area/converging control","geometry=Pattern modifier;mechanism=Pattern operator that restructures a compatible shaping into wide-area coverage.;operational_name=Spread Barrage Pattern"
"binding","GE-0439","Stagger Pattern","COMMON_SPECIALIZATION","2300","compatible-shaping release modifier; delayed/remote/orbital control","geometry=Pattern modifier;mechanism=Pattern operator that restructures a compatible shaping into delayed multi-release.;operational_name=Stagger Pattern"
"binding","GE-0440","Sweep Pattern","COMMON_SPECIALIZATION","1700","compatible-shaping release modifier","geometry=Pattern modifier;mechanism=Pattern operator that restructures a compatible shaping into lateral traverse across targets.;operational_name=Sweep Pattern"
"binding","GE-0441","Triple Pattern","COMMON_SPECIALIZATION","2400","compatible-shaping release modifier; concurrent event copies","geometry=Pattern modifier;mechanism=Pattern operator that restructures a compatible shaping into three simultaneous copies.;operational_name=Triple Pattern"
"binding","GE-0442","Twin Pattern","COMMON_SPECIALIZATION","2400","compatible-shaping release modifier; concurrent event copies","geometry=Pattern modifier;mechanism=Pattern operator that restructures a compatible shaping into two simultaneous copies.;operational_name=Twin Pattern"
"binding","GE-0443","Wave Pattern","COMMON_SPECIALIZATION","1700","compatible-shaping release modifier","geometry=Pattern modifier;mechanism=Pattern operator that restructures a compatible shaping into successive advancing lines.;operational_name=Wave Pattern"
"binding","GE-0444","Genesis Orb","COMMON_SPECIALIZATION","2200","Orb delivery/control geometry","geometry=Orb;mechanism=Persistent controllable node of Genesis expression that can be positioned, accelerated, or used as a locus according to mastery.;operational_name=Genesis Orb"
"binding","GE-0445","Forking Photonic Arc","COMMON_SPECIALIZATION","1700","Arc delivery/control geometry","geometry=Arc;mechanism=controlled electromagnetic/visible-light expression;operational_name=Forking Photonic Arc"
"binding","GE-0446","Single Photonic Arc","COMMON_SPECIALIZATION","1700","Arc delivery/control geometry","geometry=Arc;mechanism=controlled electromagnetic/visible-light expression;operational_name=Single Photonic Arc"
"binding","GE-0447","Burst Photonic Beam","ADVANCED","2800","Beam delivery/control geometry","geometry=Beam;mechanism=controlled electromagnetic/visible-light expression;operational_name=Burst Photonic Beam"
"binding","GE-0448","Channeled Photonic Beam","ADVANCED","3500","Beam delivery/control geometry; controlled/mobile/channeled sustain","geometry=Beam;mechanism=controlled electromagnetic/visible-light expression;operational_name=Channeled Photonic Beam"
"binding","GE-0449","Implosive Photonic Burst","COMMON_SPECIALIZATION","2000","Burst delivery/control geometry","geometry=Burst;mechanism=controlled electromagnetic/visible-light expression;operational_name=Implosive Photonic Burst"
"binding","GE-0450","Outward Photonic Burst","COMMON_SPECIALIZATION","2000","Burst delivery/control geometry","geometry=Burst;mechanism=controlled electromagnetic/visible-light expression;operational_name=Outward Photonic Burst"
"binding","GE-0451","Mobile Photonic Field","ADVANCED","3500","Field delivery/control geometry; controlled/mobile/channeled sustain","geometry=Field;mechanism=controlled electromagnetic/visible-light expression;operational_name=Mobile Photonic Field"
"binding","GE-0452","Static Photonic Field","ADVANCED","2800","Field delivery/control geometry","geometry=Field;mechanism=controlled electromagnetic/visible-light expression;operational_name=Static Photonic Field"
"binding","GE-0453","Focused Photonic Jet","COMMON_SPECIALIZATION","1600","Jet delivery/control geometry","geometry=Jet;mechanism=controlled electromagnetic/visible-light expression;operational_name=Focused Photonic Jet"
"binding","GE-0454","Sweeping Photonic Jet","COMMON_SPECIALIZATION","2400","Jet delivery/control geometry; expanded area or sustained throughput","geometry=Jet;mechanism=controlled electromagnetic/visible-light expression;operational_name=Sweeping Photonic Jet"
"binding","GE-0455","Piercing Photonic Lance","COMMON_SPECIALIZATION","2100","Lance delivery/control geometry","geometry=Lance;mechanism=controlled electromagnetic/visible-light expression;operational_name=Piercing Photonic Lance"
"binding","GE-0456","Staged Photonic Lance","COMMON_SPECIALIZATION","2100","Lance delivery/control geometry","geometry=Lance;mechanism=controlled electromagnetic/visible-light expression;operational_name=Staged Photonic Lance"
"binding","GE-0457","Controlled Photonic Orb","ADVANCED","2900","Orb delivery/control geometry; controlled/mobile/channeled sustain","geometry=Orb;mechanism=controlled electromagnetic/visible-light expression;operational_name=Controlled Photonic Orb"
"binding","GE-0458","Detonating Photonic Orb","COMMON_SPECIALIZATION","2200","Orb delivery/control geometry","geometry=Orb;mechanism=controlled electromagnetic/visible-light expression;operational_name=Detonating Photonic Orb"
"binding","GE-0459","Overcharged Photonic Projectile","COMMON_SPECIALIZATION","1100","Projectile delivery/control geometry","geometry=Projectile;mechanism=controlled electromagnetic/visible-light expression;operational_name=Overcharged Photonic Projectile"
"binding","GE-0460","Released Photonic Projectile","COMMON_SPECIALIZATION","1100","Projectile delivery/control geometry","geometry=Projectile;mechanism=controlled electromagnetic/visible-light expression;operational_name=Released Photonic Projectile"
"binding","GE-0461","Contracting Photonic Ring","ADVANCED","2900","Ring delivery/control geometry","geometry=Ring;mechanism=controlled electromagnetic/visible-light expression;operational_name=Contracting Photonic Ring"
"binding","GE-0462","Expanding Photonic Ring","ADVANCED","2900","Ring delivery/control geometry","geometry=Ring;mechanism=controlled electromagnetic/visible-light expression;operational_name=Expanding Photonic Ring"
"binding","GE-0463","Repeating Photonic Wave","ADVANCED","2700","Wave delivery/control geometry","geometry=Wave;mechanism=controlled electromagnetic/visible-light expression;operational_name=Repeating Photonic Wave"
"binding","GE-0464","Single-Front Photonic Wave","ADVANCED","2700","Wave delivery/control geometry","geometry=Wave;mechanism=controlled electromagnetic/visible-light expression;operational_name=Single-Front Photonic Wave"
"binding","GE-0465","Forking Plasma Arc","COMMON_SPECIALIZATION","1700","Arc delivery/control geometry","geometry=Arc;mechanism=ionized high-energy matter / plasma-state control;operational_name=Forking Plasma Arc"
"binding","GE-0466","Single Plasma Arc","COMMON_SPECIALIZATION","1700","Arc delivery/control geometry","geometry=Arc;mechanism=ionized high-energy matter / plasma-state control;operational_name=Single Plasma Arc"
"binding","GE-0467","Burst Plasma Beam","ADVANCED","2800","Beam delivery/control geometry","geometry=Beam;mechanism=ionized high-energy matter / plasma-state control;operational_name=Burst Plasma Beam"
"binding","GE-0468","Channeled Plasma Beam","ADVANCED","3500","Beam delivery/control geometry; controlled/mobile/channeled sustain","geometry=Beam;mechanism=ionized high-energy matter / plasma-state control;operational_name=Channeled Plasma Beam"
"binding","GE-0469","Implosive Plasma Burst","COMMON_SPECIALIZATION","2000","Burst delivery/control geometry","geometry=Burst;mechanism=ionized high-energy matter / plasma-state control;operational_name=Implosive Plasma Burst"
"binding","GE-0470","Outward Plasma Burst","COMMON_SPECIALIZATION","2000","Burst delivery/control geometry","geometry=Burst;mechanism=ionized high-energy matter / plasma-state control;operational_name=Outward Plasma Burst"
"binding","GE-0471","Mobile Plasma Field","ADVANCED","3500","Field delivery/control geometry; controlled/mobile/channeled sustain","geometry=Field;mechanism=ionized high-energy matter / plasma-state control;operational_name=Mobile Plasma Field"
"binding","GE-0472","Static Plasma Field","ADVANCED","2800","Field delivery/control geometry","geometry=Field;mechanism=ionized high-energy matter / plasma-state control;operational_name=Static Plasma Field"
"binding","GE-0473","Focused Plasma Jet","COMMON_SPECIALIZATION","1600","Jet delivery/control geometry","geometry=Jet;mechanism=ionized high-energy matter / plasma-state control;operational_name=Focused Plasma Jet"
"binding","GE-0474","Sweeping Plasma Jet","COMMON_SPECIALIZATION","2400","Jet delivery/control geometry; expanded area or sustained throughput","geometry=Jet;mechanism=ionized high-energy matter / plasma-state control;operational_name=Sweeping Plasma Jet"
"binding","GE-0475","Piercing Plasma Lance","COMMON_SPECIALIZATION","2100","Lance delivery/control geometry","geometry=Lance;mechanism=ionized high-energy matter / plasma-state control;operational_name=Piercing Plasma Lance"
"binding","GE-0476","Staged Plasma Lance","COMMON_SPECIALIZATION","2100","Lance delivery/control geometry","geometry=Lance;mechanism=ionized high-energy matter / plasma-state control;operational_name=Staged Plasma Lance"
"binding","GE-0477","Controlled Plasma Orb","ADVANCED","2900","Orb delivery/control geometry; controlled/mobile/channeled sustain","geometry=Orb;mechanism=ionized high-energy matter / plasma-state control;operational_name=Controlled Plasma Orb"
"binding","GE-0478","Detonating Plasma Orb","COMMON_SPECIALIZATION","2200","Orb delivery/control geometry","geometry=Orb;mechanism=ionized high-energy matter / plasma-state control;operational_name=Detonating Plasma Orb"
"binding","GE-0479","Overcharged Plasma Projectile","COMMON_SPECIALIZATION","1100","Projectile delivery/control geometry","geometry=Projectile;mechanism=ionized high-energy matter / plasma-state control;operational_name=Overcharged Plasma Projectile"
"binding","GE-0480","Released Plasma Projectile","COMMON_SPECIALIZATION","1100","Projectile delivery/control geometry","geometry=Projectile;mechanism=ionized high-energy matter / plasma-state control;operational_name=Released Plasma Projectile"
"binding","GE-0481","Contracting Plasma Ring","ADVANCED","2900","Ring delivery/control geometry","geometry=Ring;mechanism=ionized high-energy matter / plasma-state control;operational_name=Contracting Plasma Ring"
"binding","GE-0482","Expanding Plasma Ring","ADVANCED","2900","Ring delivery/control geometry","geometry=Ring;mechanism=ionized high-energy matter / plasma-state control;operational_name=Expanding Plasma Ring"
"binding","GE-0483","Repeating Plasma Wave","ADVANCED","2700","Wave delivery/control geometry","geometry=Wave;mechanism=ionized high-energy matter / plasma-state control;operational_name=Repeating Plasma Wave"
"binding","GE-0484","Single-Front Plasma Wave","ADVANCED","2700","Wave delivery/control geometry","geometry=Wave;mechanism=ionized high-energy matter / plasma-state control;operational_name=Single-Front Plasma Wave"
"binding","GE-0485","Forking Pressure Arc","COMMON_SPECIALIZATION","1700","Arc delivery/control geometry","geometry=Arc;mechanism=pressure differential and compression;operational_name=Forking Pressure Arc"
"binding","GE-0486","Single Pressure Arc","COMMON_SPECIALIZATION","1700","Arc delivery/control geometry","geometry=Arc;mechanism=pressure differential and compression;operational_name=Single Pressure Arc"
"binding","GE-0487","Burst Pressure Beam","ADVANCED","2800","Beam delivery/control geometry","geometry=Beam;mechanism=pressure differential and compression;operational_name=Burst Pressure Beam"
"binding","GE-0488","Channeled Pressure Beam","ADVANCED","3500","Beam delivery/control geometry; controlled/mobile/channeled sustain","geometry=Beam;mechanism=pressure differential and compression;operational_name=Channeled Pressure Beam"
"binding","GE-0489","Implosive Pressure Burst","COMMON_SPECIALIZATION","2000","Burst delivery/control geometry","geometry=Burst;mechanism=pressure differential and compression;operational_name=Implosive Pressure Burst"
"binding","GE-0490","Outward Pressure Burst","COMMON_SPECIALIZATION","2000","Burst delivery/control geometry","geometry=Burst;mechanism=pressure differential and compression;operational_name=Outward Pressure Burst"
"binding","GE-0491","Mobile Pressure Field","ADVANCED","3500","Field delivery/control geometry; controlled/mobile/channeled sustain","geometry=Field;mechanism=pressure differential and compression;operational_name=Mobile Pressure Field"
"binding","GE-0492","Static Pressure Field","ADVANCED","2800","Field delivery/control geometry","geometry=Field;mechanism=pressure differential and compression;operational_name=Static Pressure Field"
"binding","GE-0493","Focused Pressure Jet","COMMON_SPECIALIZATION","1600","Jet delivery/control geometry","geometry=Jet;mechanism=pressure differential and compression;operational_name=Focused Pressure Jet"
"binding","GE-0494","Sweeping Pressure Jet","COMMON_SPECIALIZATION","2400","Jet delivery/control geometry; expanded area or sustained throughput","geometry=Jet;mechanism=pressure differential and compression;operational_name=Sweeping Pressure Jet"
"binding","GE-0495","Piercing Pressure Lance","COMMON_SPECIALIZATION","2100","Lance delivery/control geometry","geometry=Lance;mechanism=pressure differential and compression;operational_name=Piercing Pressure Lance"
"binding","GE-0496","Staged Pressure Lance","COMMON_SPECIALIZATION","2100","Lance delivery/control geometry","geometry=Lance;mechanism=pressure differential and compression;operational_name=Staged Pressure Lance"
"binding","GE-0497","Controlled Pressure Orb","ADVANCED","2900","Orb delivery/control geometry; controlled/mobile/channeled sustain","geometry=Orb;mechanism=pressure differential and compression;operational_name=Controlled Pressure Orb"
"binding","GE-0498","Detonating Pressure Orb","COMMON_SPECIALIZATION","2200","Orb delivery/control geometry","geometry=Orb;mechanism=pressure differential and compression;operational_name=Detonating Pressure Orb"
"binding","GE-0499","Overcharged Pressure Projectile","COMMON_SPECIALIZATION","1100","Projectile delivery/control geometry","geometry=Projectile;mechanism=pressure differential and compression;operational_name=Overcharged Pressure Projectile"
"binding","GE-0500","Released Pressure Projectile","COMMON_SPECIALIZATION","1100","Projectile delivery/control geometry","geometry=Projectile;mechanism=pressure differential and compression;operational_name=Released Pressure Projectile"
"binding","GE-0501","Contracting Pressure Ring","ADVANCED","2900","Ring delivery/control geometry","geometry=Ring;mechanism=pressure differential and compression;operational_name=Contracting Pressure Ring"
"binding","GE-0502","Expanding Pressure Ring","ADVANCED","2900","Ring delivery/control geometry","geometry=Ring;mechanism=pressure differential and compression;operational_name=Expanding Pressure Ring"
"binding","GE-0503","Repeating Pressure Wave","ADVANCED","2700","Wave delivery/control geometry","geometry=Wave;mechanism=pressure differential and compression;operational_name=Repeating Pressure Wave"
"binding","GE-0504","Single-Front Pressure Wave","ADVANCED","2700","Wave delivery/control geometry","geometry=Wave;mechanism=pressure differential and compression;operational_name=Single-Front Pressure Wave"
"binding","GE-0505","Forking Sand Arc","COMMON_SPECIALIZATION","1700","Arc delivery/control geometry","geometry=Arc;mechanism=available granular mineral particulate conduction;operational_name=Forking Sand Arc"
"binding","GE-0506","Single Sand Arc","COMMON_SPECIALIZATION","1700","Arc delivery/control geometry","geometry=Arc;mechanism=available granular mineral particulate conduction;operational_name=Single Sand Arc"
"binding","GE-0507","Burst Sand Beam","ADVANCED","2800","Beam delivery/control geometry","geometry=Beam;mechanism=available granular mineral particulate conduction;operational_name=Burst Sand Beam"
"binding","GE-0508","Channeled Sand Beam","ADVANCED","3500","Beam delivery/control geometry; controlled/mobile/channeled sustain","geometry=Beam;mechanism=available granular mineral particulate conduction;operational_name=Channeled Sand Beam"
"binding","GE-0509","Implosive Sand Burst","COMMON_SPECIALIZATION","2000","Burst delivery/control geometry","geometry=Burst;mechanism=available granular mineral particulate conduction;operational_name=Implosive Sand Burst"
"binding","GE-0510","Outward Sand Burst","COMMON_SPECIALIZATION","2000","Burst delivery/control geometry","geometry=Burst;mechanism=available granular mineral particulate conduction;operational_name=Outward Sand Burst"
"binding","GE-0511","Mobile Sand Field","ADVANCED","3500","Field delivery/control geometry; controlled/mobile/channeled sustain","geometry=Field;mechanism=available granular mineral particulate conduction;operational_name=Mobile Sand Field"
"binding","GE-0512","Static Sand Field","ADVANCED","2800","Field delivery/control geometry","geometry=Field;mechanism=available granular mineral particulate conduction;operational_name=Static Sand Field"
"binding","GE-0513","Focused Sand Jet","COMMON_SPECIALIZATION","1600","Jet delivery/control geometry","geometry=Jet;mechanism=available granular mineral particulate conduction;operational_name=Focused Sand Jet"
"binding","GE-0514","Sweeping Sand Jet","COMMON_SPECIALIZATION","2400","Jet delivery/control geometry; expanded area or sustained throughput","geometry=Jet;mechanism=available granular mineral particulate conduction;operational_name=Sweeping Sand Jet"
"binding","GE-0515","Piercing Sand Lance","COMMON_SPECIALIZATION","2100","Lance delivery/control geometry","geometry=Lance;mechanism=available granular mineral particulate conduction;operational_name=Piercing Sand Lance"
"binding","GE-0516","Staged Sand Lance","COMMON_SPECIALIZATION","2100","Lance delivery/control geometry","geometry=Lance;mechanism=available granular mineral particulate conduction;operational_name=Staged Sand Lance"
"binding","GE-0517","Controlled Sand Orb","ADVANCED","2900","Orb delivery/control geometry; controlled/mobile/channeled sustain","geometry=Orb;mechanism=available granular mineral particulate conduction;operational_name=Controlled Sand Orb"
"binding","GE-0518","Detonating Sand Orb","COMMON_SPECIALIZATION","2200","Orb delivery/control geometry","geometry=Orb;mechanism=available granular mineral particulate conduction;operational_name=Detonating Sand Orb"
"binding","GE-0519","Overcharged Sand Projectile","COMMON_SPECIALIZATION","1100","Projectile delivery/control geometry","geometry=Projectile;mechanism=available granular mineral particulate conduction;operational_name=Overcharged Sand Projectile"
"binding","GE-0520","Released Sand Projectile","COMMON_SPECIALIZATION","1100","Projectile delivery/control geometry","geometry=Projectile;mechanism=available granular mineral particulate conduction;operational_name=Released Sand Projectile"
"binding","GE-0521","Contracting Sand Ring","ADVANCED","2900","Ring delivery/control geometry","geometry=Ring;mechanism=available granular mineral particulate conduction;operational_name=Contracting Sand Ring"
"binding","GE-0522","Expanding Sand Ring","ADVANCED","2900","Ring delivery/control geometry","geometry=Ring;mechanism=available granular mineral particulate conduction;operational_name=Expanding Sand Ring"
"binding","GE-0523","Repeating Sand Wave","ADVANCED","2700","Wave delivery/control geometry","geometry=Wave;mechanism=available granular mineral particulate conduction;operational_name=Repeating Sand Wave"
"binding","GE-0524","Single-Front Sand Wave","ADVANCED","2700","Wave delivery/control geometry","geometry=Wave;mechanism=available granular mineral particulate conduction;operational_name=Single-Front Sand Wave"
"binding","GE-0525","Atmospheric Shard","COMMON_SPECIALIZATION","1200","Shard delivery/control geometry","geometry=Shard;mechanism=Narrow discrete atmospheric expression packet with shard-like high-aspect geometry; descriptive geometry only, not a manifested item.;operational_name=Atmospheric Shard"
"binding","GE-0526","Copper Shard","COMMON_SPECIALIZATION","1200","Shard delivery/control geometry","geometry=Shard;mechanism=Narrow discrete copper expression packet with shard-like high-aspect geometry; descriptive geometry only, not a manifested item.;operational_name=Copper Shard"
"binding","GE-0527","Electrical Shard","COMMON_SPECIALIZATION","1200","Shard delivery/control geometry","geometry=Shard;mechanism=Narrow discrete electrical expression packet with shard-like high-aspect geometry; descriptive geometry only, not a manifested item.;operational_name=Electrical Shard"
"binding","GE-0528","Genesis Shard","COMMON_SPECIALIZATION","1200","Shard delivery/control geometry","geometry=Shard;mechanism=Narrow discrete genesis expression packet with shard-like high-aspect geometry; descriptive geometry only, not a manifested item.;operational_name=Genesis Shard"
"binding","GE-0529","Glass Shard","COMMON_SPECIALIZATION","1200","Shard delivery/control geometry","geometry=Shard;mechanism=Narrow discrete glass expression packet with shard-like high-aspect geometry; descriptive geometry only, not a manifested item.;operational_name=Glass Shard"
"binding","GE-0530","Iron Shard","COMMON_SPECIALIZATION","1200","Shard delivery/control geometry","geometry=Shard;mechanism=Narrow discrete iron expression packet with shard-like high-aspect geometry; descriptive geometry only, not a manifested item.;operational_name=Iron Shard"
"binding","GE-0531","Kinetic Shard","COMMON_SPECIALIZATION","1200","Shard delivery/control geometry","geometry=Shard;mechanism=Narrow discrete kinetic expression packet with shard-like high-aspect geometry; descriptive geometry only, not a manifested item.;operational_name=Kinetic Shard"
"binding","GE-0532","Mineral Shard","COMMON_SPECIALIZATION","1200","Shard delivery/control geometry","geometry=Shard;mechanism=Narrow discrete mineral expression packet with shard-like high-aspect geometry; descriptive geometry only, not a manifested item.;operational_name=Mineral Shard"
"binding","GE-0533","Plasma Shard","COMMON_SPECIALIZATION","1200","Shard delivery/control geometry","geometry=Shard;mechanism=Narrow discrete plasma expression packet with shard-like high-aspect geometry; descriptive geometry only, not a manifested item.;operational_name=Plasma Shard"
"binding","GE-0534","Pressure Shard","COMMON_SPECIALIZATION","1200","Shard delivery/control geometry","geometry=Shard;mechanism=Narrow discrete pressure expression packet with shard-like high-aspect geometry; descriptive geometry only, not a manifested item.;operational_name=Pressure Shard"
"binding","GE-0535","Thermal Shard","COMMON_SPECIALIZATION","1200","Shard delivery/control geometry","geometry=Shard;mechanism=Narrow discrete thermal expression packet with shard-like high-aspect geometry; descriptive geometry only, not a manifested item.;operational_name=Thermal Shard"
"binding","GE-0536","Water Shard","COMMON_SPECIALIZATION","1200","Shard delivery/control geometry","geometry=Shard;mechanism=Narrow discrete water expression packet with shard-like high-aspect geometry; descriptive geometry only, not a manifested item.;operational_name=Water Shard"
"binding","GE-0537","Absorption Shield","ADVANCED","3000","Exact author-locked anchor; overrides semantic classifier.","Shield"
"binding","GE-0538","Forking Steam Arc","COMMON_SPECIALIZATION","1700","Arc delivery/control geometry","geometry=Arc;mechanism=heated water vapor and pressure-flow control;operational_name=Forking Steam Arc"
"binding","GE-0539","Single Steam Arc","COMMON_SPECIALIZATION","1700","Arc delivery/control geometry","geometry=Arc;mechanism=heated water vapor and pressure-flow control;operational_name=Single Steam Arc"
"binding","GE-0540","Burst Steam Beam","ADVANCED","2800","Beam delivery/control geometry","geometry=Beam;mechanism=heated water vapor and pressure-flow control;operational_name=Burst Steam Beam"
"binding","GE-0541","Channeled Steam Beam","ADVANCED","3500","Beam delivery/control geometry; controlled/mobile/channeled sustain","geometry=Beam;mechanism=heated water vapor and pressure-flow control;operational_name=Channeled Steam Beam"
"binding","GE-0542","Implosive Steam Burst","COMMON_SPECIALIZATION","2000","Burst delivery/control geometry","geometry=Burst;mechanism=heated water vapor and pressure-flow control;operational_name=Implosive Steam Burst"
"binding","GE-0543","Outward Steam Burst","COMMON_SPECIALIZATION","2000","Burst delivery/control geometry","geometry=Burst;mechanism=heated water vapor and pressure-flow control;operational_name=Outward Steam Burst"
"binding","GE-0544","Mobile Steam Field","ADVANCED","3500","Field delivery/control geometry; controlled/mobile/channeled sustain","geometry=Field;mechanism=heated water vapor and pressure-flow control;operational_name=Mobile Steam Field"
"binding","GE-0545","Static Steam Field","ADVANCED","2800","Field delivery/control geometry","geometry=Field;mechanism=heated water vapor and pressure-flow control;operational_name=Static Steam Field"
"binding","GE-0546","Focused Steam Jet","COMMON_SPECIALIZATION","1600","Jet delivery/control geometry","geometry=Jet;mechanism=heated water vapor and pressure-flow control;operational_name=Focused Steam Jet"
"binding","GE-0547","Sweeping Steam Jet","COMMON_SPECIALIZATION","2400","Jet delivery/control geometry; expanded area or sustained throughput","geometry=Jet;mechanism=heated water vapor and pressure-flow control;operational_name=Sweeping Steam Jet"
"binding","GE-0548","Piercing Steam Lance","COMMON_SPECIALIZATION","2100","Lance delivery/control geometry","geometry=Lance;mechanism=heated water vapor and pressure-flow control;operational_name=Piercing Steam Lance"
"binding","GE-0549","Staged Steam Lance","COMMON_SPECIALIZATION","2100","Lance delivery/control geometry","geometry=Lance;mechanism=heated water vapor and pressure-flow control;operational_name=Staged Steam Lance"
"binding","GE-0550","Controlled Steam Orb","ADVANCED","2900","Orb delivery/control geometry; controlled/mobile/channeled sustain","geometry=Orb;mechanism=heated water vapor and pressure-flow control;operational_name=Controlled Steam Orb"
"binding","GE-0551","Detonating Steam Orb","COMMON_SPECIALIZATION","2200","Orb delivery/control geometry","geometry=Orb;mechanism=heated water vapor and pressure-flow control;operational_name=Detonating Steam Orb"
"binding","GE-0552","Overcharged Steam Projectile","COMMON_SPECIALIZATION","1100","Projectile delivery/control geometry","geometry=Projectile;mechanism=heated water vapor and pressure-flow control;operational_name=Overcharged Steam Projectile"
"binding","GE-0553","Released Steam Projectile","COMMON_SPECIALIZATION","1100","Projectile delivery/control geometry","geometry=Projectile;mechanism=heated water vapor and pressure-flow control;operational_name=Released Steam Projectile"
"binding","GE-0554","Contracting Steam Ring","ADVANCED","2900","Ring delivery/control geometry","geometry=Ring;mechanism=heated water vapor and pressure-flow control;operational_name=Contracting Steam Ring"
"binding","GE-0555","Expanding Steam Ring","ADVANCED","2900","Ring delivery/control geometry","geometry=Ring;mechanism=heated water vapor and pressure-flow control;operational_name=Expanding Steam Ring"
"binding","GE-0556","Repeating Steam Wave","ADVANCED","2700","Wave delivery/control geometry","geometry=Wave;mechanism=heated water vapor and pressure-flow control;operational_name=Repeating Steam Wave"
"binding","GE-0557","Single-Front Steam Wave","ADVANCED","2700","Wave delivery/control geometry","geometry=Wave;mechanism=heated water vapor and pressure-flow control;operational_name=Single-Front Steam Wave"
"binding","GE-0558","Forking Thermal Arc","COMMON_SPECIALIZATION","1700","Arc delivery/control geometry","geometry=Arc;mechanism=direct heat deposition / redistribution;operational_name=Forking Thermal Arc"
"binding","GE-0559","Single Thermal Arc","COMMON_SPECIALIZATION","1700","Arc delivery/control geometry","geometry=Arc;mechanism=direct heat deposition / redistribution;operational_name=Single Thermal Arc"
"binding","GE-0560","Burst Thermal Beam","ADVANCED","2800","Beam delivery/control geometry","geometry=Beam;mechanism=direct heat deposition / redistribution;operational_name=Burst Thermal Beam"
"binding","GE-0561","Channeled Thermal Beam","ADVANCED","3500","Beam delivery/control geometry; controlled/mobile/channeled sustain","geometry=Beam;mechanism=direct heat deposition / redistribution;operational_name=Channeled Thermal Beam"
"binding","GE-0562","Implosive Thermal Burst","COMMON_SPECIALIZATION","2000","Burst delivery/control geometry","geometry=Burst;mechanism=direct heat deposition / redistribution;operational_name=Implosive Thermal Burst"
"binding","GE-0563","Outward Thermal Burst","COMMON_SPECIALIZATION","2000","Burst delivery/control geometry","geometry=Burst;mechanism=direct heat deposition / redistribution;operational_name=Outward Thermal Burst"
"binding","GE-0564","Mobile Thermal Field","ADVANCED","3500","Field delivery/control geometry; controlled/mobile/channeled sustain","geometry=Field;mechanism=direct heat deposition / redistribution;operational_name=Mobile Thermal Field"
"binding","GE-0565","Static Thermal Field","ADVANCED","2800","Field delivery/control geometry","geometry=Field;mechanism=direct heat deposition / redistribution;operational_name=Static Thermal Field"
"binding","GE-0566","Focused Thermal Jet","COMMON_SPECIALIZATION","1600","Jet delivery/control geometry","geometry=Jet;mechanism=direct heat deposition / redistribution;operational_name=Focused Thermal Jet"
"binding","GE-0567","Sweeping Thermal Jet","COMMON_SPECIALIZATION","2400","Jet delivery/control geometry; expanded area or sustained throughput","geometry=Jet;mechanism=direct heat deposition / redistribution;operational_name=Sweeping Thermal Jet"
"binding","GE-0568","Piercing Thermal Lance","COMMON_SPECIALIZATION","2100","Lance delivery/control geometry","geometry=Lance;mechanism=direct heat deposition / redistribution;operational_name=Piercing Thermal Lance"
"binding","GE-0569","Staged Thermal Lance","COMMON_SPECIALIZATION","2100","Lance delivery/control geometry","geometry=Lance;mechanism=direct heat deposition / redistribution;operational_name=Staged Thermal Lance"
"binding","GE-0570","Controlled Thermal Orb","ADVANCED","2900","Orb delivery/control geometry; controlled/mobile/channeled sustain","geometry=Orb;mechanism=direct heat deposition / redistribution;operational_name=Controlled Thermal Orb"
"binding","GE-0571","Detonating Thermal Orb","COMMON_SPECIALIZATION","2200","Orb delivery/control geometry","geometry=Orb;mechanism=direct heat deposition / redistribution;operational_name=Detonating Thermal Orb"
"binding","GE-0572","Overcharged Thermal Projectile","COMMON_SPECIALIZATION","1100","Projectile delivery/control geometry","geometry=Projectile;mechanism=direct heat deposition / redistribution;operational_name=Overcharged Thermal Projectile"
"binding","GE-0573","Released Thermal Projectile","COMMON_SPECIALIZATION","1100","Projectile delivery/control geometry","geometry=Projectile;mechanism=direct heat deposition / redistribution;operational_name=Released Thermal Projectile"
"binding","GE-0574","Contracting Thermal Ring","ADVANCED","2900","Ring delivery/control geometry","geometry=Ring;mechanism=direct heat deposition / redistribution;operational_name=Contracting Thermal Ring"
"binding","GE-0575","Expanding Thermal Ring","ADVANCED","2900","Ring delivery/control geometry","geometry=Ring;mechanism=direct heat deposition / redistribution;operational_name=Expanding Thermal Ring"
"binding","GE-0576","Repeating Thermal Wave","ADVANCED","2700","Wave delivery/control geometry","geometry=Wave;mechanism=direct heat deposition / redistribution;operational_name=Repeating Thermal Wave"
"binding","GE-0577","Single-Front Thermal Wave","ADVANCED","2700","Wave delivery/control geometry","geometry=Wave;mechanism=direct heat deposition / redistribution;operational_name=Single-Front Thermal Wave"
"binding","GE-0578","Forking Water Arc","COMMON_SPECIALIZATION","1700","Arc delivery/control geometry","geometry=Arc;mechanism=available liquid-water momentum / pressure / phase control;operational_name=Forking Water Arc"
"binding","GE-0579","Single Water Arc","COMMON_SPECIALIZATION","1700","Arc delivery/control geometry","geometry=Arc;mechanism=available liquid-water momentum / pressure / phase control;operational_name=Single Water Arc"
"binding","GE-0580","Burst Water Beam","ADVANCED","2800","Beam delivery/control geometry","geometry=Beam;mechanism=available liquid-water momentum / pressure / phase control;operational_name=Burst Water Beam"
"binding","GE-0581","Channeled Water Beam","ADVANCED","3500","Beam delivery/control geometry; controlled/mobile/channeled sustain","geometry=Beam;mechanism=available liquid-water momentum / pressure / phase control;operational_name=Channeled Water Beam"
"binding","GE-0582","Implosive Water Burst","COMMON_SPECIALIZATION","2000","Burst delivery/control geometry","geometry=Burst;mechanism=available liquid-water momentum / pressure / phase control;operational_name=Implosive Water Burst"
"binding","GE-0583","Outward Water Burst","COMMON_SPECIALIZATION","2000","Burst delivery/control geometry","geometry=Burst;mechanism=available liquid-water momentum / pressure / phase control;operational_name=Outward Water Burst"
"binding","GE-0584","Mobile Water Field","ADVANCED","3500","Field delivery/control geometry; controlled/mobile/channeled sustain","geometry=Field;mechanism=available liquid-water momentum / pressure / phase control;operational_name=Mobile Water Field"
"binding","GE-0585","Static Water Field","ADVANCED","2800","Field delivery/control geometry","geometry=Field;mechanism=available liquid-water momentum / pressure / phase control;operational_name=Static Water Field"
"binding","GE-0586","Focused Water Jet","COMMON_SPECIALIZATION","1600","Jet delivery/control geometry","geometry=Jet;mechanism=available liquid-water momentum / pressure / phase control;operational_name=Focused Water Jet"
"binding","GE-0587","Sweeping Water Jet","COMMON_SPECIALIZATION","2400","Jet delivery/control geometry; expanded area or sustained throughput","geometry=Jet;mechanism=available liquid-water momentum / pressure / phase control;operational_name=Sweeping Water Jet"
"binding","GE-0588","Piercing Water Lance","COMMON_SPECIALIZATION","2100","Lance delivery/control geometry","geometry=Lance;mechanism=available liquid-water momentum / pressure / phase control;operational_name=Piercing Water Lance"
"binding","GE-0589","Staged Water Lance","COMMON_SPECIALIZATION","2100","Lance delivery/control geometry","geometry=Lance;mechanism=available liquid-water momentum / pressure / phase control;operational_name=Staged Water Lance"
"binding","GE-0590","Controlled Water Orb","ADVANCED","2900","Orb delivery/control geometry; controlled/mobile/channeled sustain","geometry=Orb;mechanism=available liquid-water momentum / pressure / phase control;operational_name=Controlled Water Orb"
"binding","GE-0591","Detonating Water Orb","COMMON_SPECIALIZATION","2200","Orb delivery/control geometry","geometry=Orb;mechanism=available liquid-water momentum / pressure / phase control;operational_name=Detonating Water Orb"
"binding","GE-0592","Overcharged Water Projectile","COMMON_SPECIALIZATION","1100","Projectile delivery/control geometry","geometry=Projectile;mechanism=available liquid-water momentum / pressure / phase control;operational_name=Overcharged Water Projectile"
"binding","GE-0593","Released Water Projectile","COMMON_SPECIALIZATION","1100","Projectile delivery/control geometry","geometry=Projectile;mechanism=available liquid-water momentum / pressure / phase control;operational_name=Released Water Projectile"
"binding","GE-0594","Contracting Water Ring","ADVANCED","2900","Ring delivery/control geometry","geometry=Ring;mechanism=available liquid-water momentum / pressure / phase control;operational_name=Contracting Water Ring"
"binding","GE-0595","Expanding Water Ring","ADVANCED","2900","Ring delivery/control geometry","geometry=Ring;mechanism=available liquid-water momentum / pressure / phase control;operational_name=Expanding Water Ring"
"binding","GE-0596","Repeating Water Wave","ADVANCED","2700","Wave delivery/control geometry","geometry=Wave;mechanism=available liquid-water momentum / pressure / phase control;operational_name=Repeating Water Wave"
"binding","GE-0597","Single-Front Water Wave","ADVANCED","2700","Wave delivery/control geometry","geometry=Wave;mechanism=available liquid-water momentum / pressure / phase control;operational_name=Single-Front Water Wave"
"binding","RS-0001","Adaptive Acceleration Augmentation","ADVANCED","2800","localized/burst/persistent/adaptive/overdrive bodily control scope","geometry=Self / biological system;mechanism=reinforcement automatically biases toward current mechanical demand of rate of speed increase.;operational_name=Adaptive Acceleration Augmentation"
"binding","RS-0002","Adaptive Agility Augmentation","ADVANCED","2800","localized/burst/persistent/adaptive/overdrive bodily control scope","geometry=Self / biological system;mechanism=reinforcement automatically biases toward current mechanical demand of rapid body-direction change.;operational_name=Adaptive Agility Augmentation"
"binding","RS-0003","Adaptive Anaerobic Tolerance Augmentation","ADVANCED","3200","localized/burst/persistent/adaptive/overdrive bodily control scope; fine physiological/information control","geometry=Self / biological system;mechanism=reinforcement automatically biases toward current mechanical demand of short-duration high-output metabolic tolerance.;operational_name=Adaptive Anaerobic Tolerance Augmentation"
"binding","RS-0004","Adaptive Auditory Filtering Augmentation","ADVANCED","3200","localized/burst/persistent/adaptive/overdrive bodily control scope; fine physiological/information control","geometry=Self / biological system;mechanism=reinforcement automatically biases toward current mechanical demand of combat-relevant acoustic discrimination.;operational_name=Adaptive Auditory Filtering Augmentation"
"binding","RS-0005","Adaptive Balance Augmentation","ADVANCED","2800","localized/burst/persistent/adaptive/overdrive bodily control scope","geometry=Self / biological system;mechanism=reinforcement automatically biases toward current mechanical demand of postural control.;operational_name=Adaptive Balance Augmentation"
"binding","RS-0006","Adaptive Bone Reinforcement Augmentation","ADVANCED","2800","localized/burst/persistent/adaptive/overdrive bodily control scope","geometry=Self / biological system;mechanism=reinforcement automatically biases toward current mechanical demand of skeletal load tolerance.;operational_name=Adaptive Bone Reinforcement Augmentation"
"binding","RS-0007","Adaptive Burst Dash Augmentation","ADVANCED","2800","localized/burst/persistent/adaptive/overdrive bodily control scope","geometry=Self / biological system;mechanism=reinforcement automatically biases toward current mechanical demand of very short explosive movement output.;operational_name=Adaptive Burst Dash Augmentation"
"binding","RS-0008","Adaptive Cardiac Output Augmentation","ADVANCED","3200","localized/burst/persistent/adaptive/overdrive bodily control scope; fine physiological/information control","geometry=Self / biological system;mechanism=reinforcement automatically biases toward current mechanical demand of circulatory throughput.;operational_name=Adaptive Cardiac Output Augmentation"
"binding","RS-0009","Adaptive Circulatory Efficiency Augmentation","ADVANCED","2800","localized/burst/persistent/adaptive/overdrive bodily control scope","geometry=Self / biological system;mechanism=reinforcement automatically biases toward current mechanical demand of blood-flow efficiency under stress.;operational_name=Adaptive Circulatory Efficiency Augmentation"
"binding","RS-0010","Adaptive Climbing Output Augmentation","ADVANCED","2800","localized/burst/persistent/adaptive/overdrive bodily control scope","geometry=Self / biological system;mechanism=reinforcement automatically biases toward current mechanical demand of vertical locomotion strength/endurance.;operational_name=Adaptive Climbing Output Augmentation"
"binding","RS-0011","Adaptive Cold Tolerance Augmentation","ADVANCED","2800","localized/burst/persistent/adaptive/overdrive bodily control scope","geometry=Self / biological system;mechanism=reinforcement automatically biases toward current mechanical demand of thermal function in cold conditions.;operational_name=Adaptive Cold Tolerance Augmentation"
"binding","RS-0012","Adaptive Core Stability Augmentation","ADVANCED","2800","localized/burst/persistent/adaptive/overdrive bodily control scope","geometry=Self / biological system;mechanism=reinforcement automatically biases toward current mechanical demand of trunk stabilization and force transfer.;operational_name=Adaptive Core Stability Augmentation"
"binding","RS-0013","Adaptive Dermal Reinforcement Augmentation","ADVANCED","2800","localized/burst/persistent/adaptive/overdrive bodily control scope","geometry=Self / biological system;mechanism=reinforcement automatically biases toward current mechanical demand of skin/superficial tissue resistance to abrasion/cutting.;operational_name=Adaptive Dermal Reinforcement Augmentation"
"binding","RS-0014","Adaptive Explosive Power Augmentation","ADVANCED","3300","localized/burst/persistent/adaptive/overdrive bodily control scope; integrated sustain or whole-body output","geometry=Self / biological system;mechanism=reinforcement automatically biases toward current mechanical demand of rapid whole-body force production.;operational_name=Adaptive Explosive Power Augmentation"
"binding","RS-0015","Adaptive Fatigue Resistance Augmentation","ADVANCED","3300","localized/burst/persistent/adaptive/overdrive bodily control scope; integrated sustain or whole-body output","geometry=Self / biological system;mechanism=reinforcement automatically biases toward current mechanical demand of maintain performance deeper into exertion.;operational_name=Adaptive Fatigue Resistance Augmentation"
"binding","RS-0016","Adaptive Grip Strength Augmentation","ADVANCED","3300","localized/burst/persistent/adaptive/overdrive bodily control scope; integrated sustain or whole-body output","geometry=Self / biological system;mechanism=reinforcement automatically biases toward current mechanical demand of hand/forearm force production.;operational_name=Adaptive Grip Strength Augmentation"
"binding","RS-0017","Adaptive Heat Shedding Augmentation","ADVANCED","2800","localized/burst/persistent/adaptive/overdrive bodily control scope","geometry=Self / biological system;mechanism=reinforcement automatically biases toward current mechanical demand of thermal regulation under exertion.;operational_name=Adaptive Heat Shedding Augmentation"
"binding","RS-0018","Adaptive Impact Frame Augmentation","ADVANCED","3300","localized/burst/persistent/adaptive/overdrive bodily control scope; integrated sustain or whole-body output","geometry=Self / biological system;mechanism=reinforcement automatically biases toward current mechanical demand of whole-body impact distribution.;operational_name=Adaptive Impact Frame Augmentation"
"binding","RS-0019","Adaptive Joint Reinforcement Augmentation","ADVANCED","2800","localized/burst/persistent/adaptive/overdrive bodily control scope","geometry=Self / biological system;mechanism=reinforcement automatically biases toward current mechanical demand of joint stability under load.;operational_name=Adaptive Joint Reinforcement Augmentation"
"binding","RS-0020","Adaptive Jump Power Augmentation","ADVANCED","2800","localized/burst/persistent/adaptive/overdrive bodily control scope","geometry=Self / biological system;mechanism=reinforcement automatically biases toward current mechanical demand of vertical/horizontal jump output.;operational_name=Adaptive Jump Power Augmentation"
"binding","RS-0021","Adaptive Landing Tolerance Augmentation","ADVANCED","2800","localized/burst/persistent/adaptive/overdrive bodily control scope","geometry=Self / biological system;mechanism=reinforcement automatically biases toward current mechanical demand of absorb/distribute landing impact.;operational_name=Adaptive Landing Tolerance Augmentation"
"binding","RS-0022","Adaptive Ligament Reinforcement Augmentation","ADVANCED","2800","localized/burst/persistent/adaptive/overdrive bodily control scope","geometry=Self / biological system;mechanism=reinforcement automatically biases toward current mechanical demand of ligament/joint restraint.;operational_name=Adaptive Ligament Reinforcement Augmentation"
"binding","RS-0023","Adaptive Localized Recovery Augmentation","ADVANCED","2800","localized/burst/persistent/adaptive/overdrive bodily control scope","geometry=Self / biological system;mechanism=reinforcement automatically biases toward current mechanical demand of minor localized restorative stabilization during reinforcement.;operational_name=Adaptive Localized Recovery Augmentation"
"binding","RS-0024","Adaptive Lower-Body Power Augmentation","ADVANCED","2800","localized/burst/persistent/adaptive/overdrive bodily control scope","geometry=Self / biological system;mechanism=reinforcement automatically biases toward current mechanical demand of lower-body muscular output.;operational_name=Adaptive Lower-Body Power Augmentation"
"binding","RS-0025","Adaptive Metabolic Efficiency Augmentation","ADVANCED","2800","localized/burst/persistent/adaptive/overdrive bodily control scope","geometry=Self / biological system;mechanism=reinforcement automatically biases toward current mechanical demand of energy-use efficiency under sustained exertion.;operational_name=Adaptive Metabolic Efficiency Augmentation"
"binding","RS-0026","Adaptive Motor Precision Augmentation","ADVANCED","2800","localized/burst/persistent/adaptive/overdrive bodily control scope","geometry=Self / biological system;mechanism=reinforcement automatically biases toward current mechanical demand of fine motor control under stress.;operational_name=Adaptive Motor Precision Augmentation"
"binding","RS-0027","Adaptive Muscular Strength Augmentation","ADVANCED","3300","localized/burst/persistent/adaptive/overdrive bodily control scope; integrated sustain or whole-body output","geometry=Self / biological system;mechanism=reinforcement automatically biases toward current mechanical demand of muscular force production.;operational_name=Adaptive Muscular Strength Augmentation"
"binding","RS-0028","Adaptive Neural Conduction Augmentation","ADVANCED","2800","localized/burst/persistent/adaptive/overdrive bodily control scope","geometry=Self / biological system;mechanism=reinforcement automatically biases toward current mechanical demand of signal propagation efficiency.;operational_name=Adaptive Neural Conduction Augmentation"
"binding","RS-0029","Adaptive Organ Bracing Augmentation","ADVANCED","2800","localized/burst/persistent/adaptive/overdrive bodily control scope","geometry=Self / biological system;mechanism=reinforcement automatically biases toward current mechanical demand of reduce mechanical trauma to internal organs.;operational_name=Adaptive Organ Bracing Augmentation"
"binding","RS-0030","Adaptive Pain Gating Augmentation","ADVANCED","2800","localized/burst/persistent/adaptive/overdrive bodily control scope","geometry=Self / biological system;mechanism=reinforcement automatically biases toward current mechanical demand of reduce performance loss from pain without repairing injury.;operational_name=Adaptive Pain Gating Augmentation"
"binding","RS-0031","Adaptive Pressure Tolerance Augmentation","ADVANCED","2800","localized/burst/persistent/adaptive/overdrive bodily control scope","geometry=Self / biological system;mechanism=reinforcement automatically biases toward current mechanical demand of maintain body integrity under pressure differential.;operational_name=Adaptive Pressure Tolerance Augmentation"
"binding","RS-0032","Adaptive Proprioception Augmentation","ADVANCED","2800","localized/burst/persistent/adaptive/overdrive bodily control scope","geometry=Self / biological system;mechanism=reinforcement automatically biases toward current mechanical demand of body-position awareness.;operational_name=Adaptive Proprioception Augmentation"
"binding","RS-0033","Adaptive Reaction Speed Augmentation","ADVANCED","3200","localized/burst/persistent/adaptive/overdrive bodily control scope; fine physiological/information control","geometry=Self / biological system;mechanism=reinforcement automatically biases toward current mechanical demand of neural response latency.;operational_name=Adaptive Reaction Speed Augmentation"
"binding","RS-0034","Adaptive Recovery Rate Augmentation","ADVANCED","2800","localized/burst/persistent/adaptive/overdrive bodily control scope","geometry=Self / biological system;mechanism=reinforcement automatically biases toward current mechanical demand of between-effort recovery speed.;operational_name=Adaptive Recovery Rate Augmentation"
"binding","RS-0035","Adaptive Respiratory Throughput Augmentation","ADVANCED","2800","localized/burst/persistent/adaptive/overdrive bodily control scope","geometry=Self / biological system;mechanism=reinforcement automatically biases toward current mechanical demand of ventilation/oxygen exchange performance.;operational_name=Adaptive Respiratory Throughput Augmentation"
"binding","RS-0036","Adaptive Shock Tolerance Augmentation","ADVANCED","2800","localized/burst/persistent/adaptive/overdrive bodily control scope","geometry=Self / biological system;mechanism=reinforcement automatically biases toward current mechanical demand of maintain function through concussive/mechanical shock.;operational_name=Adaptive Shock Tolerance Augmentation"
"binding","RS-0037","Adaptive Spinal Reinforcement Augmentation","ADVANCED","2800","localized/burst/persistent/adaptive/overdrive bodily control scope","geometry=Self / biological system;mechanism=reinforcement automatically biases toward current mechanical demand of spinal structural load tolerance.;operational_name=Adaptive Spinal Reinforcement Augmentation"
"binding","RS-0038","Adaptive Sprint Speed Augmentation","ADVANCED","2800","localized/burst/persistent/adaptive/overdrive bodily control scope","geometry=Self / biological system;mechanism=reinforcement automatically biases toward current mechanical demand of top ground speed.;operational_name=Adaptive Sprint Speed Augmentation"
"binding","RS-0039","Adaptive Structural Resonance Augmentation","ADVANCED","3300","localized/burst/persistent/adaptive/overdrive bodily control scope; integrated sustain or whole-body output","geometry=Self / biological system;mechanism=reinforcement automatically biases toward current mechanical demand of whole-body reinforcement through coherent resonance.;operational_name=Adaptive Structural Resonance Augmentation"
"binding","RS-0040","Adaptive Sustained Run Augmentation","ADVANCED","2800","localized/burst/persistent/adaptive/overdrive bodily control scope","geometry=Self / biological system;mechanism=reinforcement automatically biases toward current mechanical demand of long-duration locomotion efficiency.;operational_name=Adaptive Sustained Run Augmentation"
"binding","RS-0041","Adaptive Swimming Output Augmentation","ADVANCED","2800","localized/burst/persistent/adaptive/overdrive bodily control scope","geometry=Self / biological system;mechanism=reinforcement automatically biases toward current mechanical demand of water locomotion performance.;operational_name=Adaptive Swimming Output Augmentation"
"binding","RS-0042","Adaptive Tendon Reinforcement Augmentation","ADVANCED","2800","localized/burst/persistent/adaptive/overdrive bodily control scope","geometry=Self / biological system;mechanism=reinforcement automatically biases toward current mechanical demand of tendon load transfer/tolerance.;operational_name=Adaptive Tendon Reinforcement Augmentation"
"binding","RS-0043","Adaptive Turning Authority Augmentation","ADVANCED","2800","localized/burst/persistent/adaptive/overdrive bodily control scope","geometry=Self / biological system;mechanism=reinforcement automatically biases toward current mechanical demand of maintain traction/control through high-rate turning.;operational_name=Adaptive Turning Authority Augmentation"
"binding","RS-0044","Adaptive Upper-Body Power Augmentation","ADVANCED","2800","localized/burst/persistent/adaptive/overdrive bodily control scope","geometry=Self / biological system;mechanism=reinforcement automatically biases toward current mechanical demand of upper-body muscular output.;operational_name=Adaptive Upper-Body Power Augmentation"
"binding","RS-0045","Adaptive Vestibular Control Augmentation","ADVANCED","2800","localized/burst/persistent/adaptive/overdrive bodily control scope","geometry=Self / biological system;mechanism=reinforcement automatically biases toward current mechanical demand of orientation/acceleration tolerance.;operational_name=Adaptive Vestibular Control Augmentation"
"binding","RS-0046","Adaptive Visual Tracking Augmentation","ADVANCED","3200","localized/burst/persistent/adaptive/overdrive bodily control scope; fine physiological/information control","geometry=Self / biological system;mechanism=reinforcement automatically biases toward current mechanical demand of moving-target visual processing.;operational_name=Adaptive Visual Tracking Augmentation"
"binding","RS-0047","Burst Acceleration Augmentation","COMMON_SPECIALIZATION","1400","localized/burst/persistent/adaptive/overdrive bodily control scope","geometry=Self / biological system;mechanism=short high-output reinforcement of rate of speed increase.;operational_name=Burst Acceleration Augmentation"
"binding","RS-0048","Burst Agility Augmentation","COMMON_SPECIALIZATION","1400","localized/burst/persistent/adaptive/overdrive bodily control scope","geometry=Self / biological system;mechanism=short high-output reinforcement of rapid body-direction change.;operational_name=Burst Agility Augmentation"
"binding","RS-0049","Burst Anaerobic Tolerance Augmentation","COMMON_SPECIALIZATION","1800","localized/burst/persistent/adaptive/overdrive bodily control scope; fine physiological/information control","geometry=Self / biological system;mechanism=short high-output reinforcement of short-duration high-output metabolic tolerance.;operational_name=Burst Anaerobic Tolerance Augmentation"
"binding","RS-0050","Burst Auditory Filtering Augmentation","COMMON_SPECIALIZATION","1800","localized/burst/persistent/adaptive/overdrive bodily control scope; fine physiological/information control","geometry=Self / biological system;mechanism=short high-output reinforcement of combat-relevant acoustic discrimination.;operational_name=Burst Auditory Filtering Augmentation"
"binding","RS-0051","Burst Balance Augmentation","COMMON_SPECIALIZATION","1400","localized/burst/persistent/adaptive/overdrive bodily control scope","geometry=Self / biological system;mechanism=short high-output reinforcement of postural control.;operational_name=Burst Balance Augmentation"
"binding","RS-0052","Burst Bone Reinforcement Augmentation","COMMON_SPECIALIZATION","1400","localized/burst/persistent/adaptive/overdrive bodily control scope","geometry=Self / biological system;mechanism=short high-output reinforcement of skeletal load tolerance.;operational_name=Burst Bone Reinforcement Augmentation"
"binding","RS-0053","Burst Burst Dash Augmentation","COMMON_SPECIALIZATION","1400","localized/burst/persistent/adaptive/overdrive bodily control scope","geometry=Self / biological system;mechanism=short high-output reinforcement of very short explosive movement output.;operational_name=Burst Burst Dash Augmentation"
"binding","RS-0054","Burst Cardiac Output Augmentation","COMMON_SPECIALIZATION","1800","localized/burst/persistent/adaptive/overdrive bodily control scope; fine physiological/information control","geometry=Self / biological system;mechanism=short high-output reinforcement of circulatory throughput.;operational_name=Burst Cardiac Output Augmentation"
"binding","RS-0055","Burst Circulatory Efficiency Augmentation","COMMON_SPECIALIZATION","1400","localized/burst/persistent/adaptive/overdrive bodily control scope","geometry=Self / biological system;mechanism=short high-output reinforcement of blood-flow efficiency under stress.;operational_name=Burst Circulatory Efficiency Augmentation"
"binding","RS-0056","Burst Climbing Output Augmentation","COMMON_SPECIALIZATION","1400","localized/burst/persistent/adaptive/overdrive bodily control scope","geometry=Self / biological system;mechanism=short high-output reinforcement of vertical locomotion strength/endurance.;operational_name=Burst Climbing Output Augmentation"
"binding","RS-0057","Burst Cold Tolerance Augmentation","COMMON_SPECIALIZATION","1400","localized/burst/persistent/adaptive/overdrive bodily control scope","geometry=Self / biological system;mechanism=short high-output reinforcement of thermal function in cold conditions.;operational_name=Burst Cold Tolerance Augmentation"
"binding","RS-0058","Burst Core Stability Augmentation","COMMON_SPECIALIZATION","1400","localized/burst/persistent/adaptive/overdrive bodily control scope","geometry=Self / biological system;mechanism=short high-output reinforcement of trunk stabilization and force transfer.;operational_name=Burst Core Stability Augmentation"
"binding","RS-0059","Burst Dermal Reinforcement Augmentation","COMMON_SPECIALIZATION","1400","localized/burst/persistent/adaptive/overdrive bodily control scope","geometry=Self / biological system;mechanism=short high-output reinforcement of skin/superficial tissue resistance to abrasion/cutting.;operational_name=Burst Dermal Reinforcement Augmentation"
"binding","RS-0060","Burst Explosive Power Augmentation","COMMON_SPECIALIZATION","1900","localized/burst/persistent/adaptive/overdrive bodily control scope; integrated sustain or whole-body output","geometry=Self / biological system;mechanism=short high-output reinforcement of rapid whole-body force production.;operational_name=Burst Explosive Power Augmentation"
"binding","RS-0061","Burst Fatigue Resistance Augmentation","COMMON_SPECIALIZATION","1900","localized/burst/persistent/adaptive/overdrive bodily control scope; integrated sustain or whole-body output","geometry=Self / biological system;mechanism=short high-output reinforcement of maintain performance deeper into exertion.;operational_name=Burst Fatigue Resistance Augmentation"
"binding","RS-0062","Burst Grip Strength Augmentation","COMMON_SPECIALIZATION","1900","localized/burst/persistent/adaptive/overdrive bodily control scope; integrated sustain or whole-body output","geometry=Self / biological system;mechanism=short high-output reinforcement of hand/forearm force production.;operational_name=Burst Grip Strength Augmentation"
"binding","RS-0063","Burst Heat Shedding Augmentation","COMMON_SPECIALIZATION","1400","localized/burst/persistent/adaptive/overdrive bodily control scope","geometry=Self / biological system;mechanism=short high-output reinforcement of thermal regulation under exertion.;operational_name=Burst Heat Shedding Augmentation"
"binding","RS-0064","Burst Impact Frame Augmentation","COMMON_SPECIALIZATION","1900","localized/burst/persistent/adaptive/overdrive bodily control scope; integrated sustain or whole-body output","geometry=Self / biological system;mechanism=short high-output reinforcement of whole-body impact distribution.;operational_name=Burst Impact Frame Augmentation"
"binding","RS-0065","Burst Joint Reinforcement Augmentation","COMMON_SPECIALIZATION","1400","localized/burst/persistent/adaptive/overdrive bodily control scope","geometry=Self / biological system;mechanism=short high-output reinforcement of joint stability under load.;operational_name=Burst Joint Reinforcement Augmentation"
"binding","RS-0066","Burst Jump Power Augmentation","COMMON_SPECIALIZATION","1400","localized/burst/persistent/adaptive/overdrive bodily control scope","geometry=Self / biological system;mechanism=short high-output reinforcement of vertical/horizontal jump output.;operational_name=Burst Jump Power Augmentation"
"binding","RS-0067","Burst Landing Tolerance Augmentation","COMMON_SPECIALIZATION","1400","localized/burst/persistent/adaptive/overdrive bodily control scope","geometry=Self / biological system;mechanism=short high-output reinforcement of absorb/distribute landing impact.;operational_name=Burst Landing Tolerance Augmentation"
"binding","RS-0068","Burst Ligament Reinforcement Augmentation","COMMON_SPECIALIZATION","1400","localized/burst/persistent/adaptive/overdrive bodily control scope","geometry=Self / biological system;mechanism=short high-output reinforcement of ligament/joint restraint.;operational_name=Burst Ligament Reinforcement Augmentation"
"binding","RS-0069","Burst Localized Recovery Augmentation","COMMON_SPECIALIZATION","1400","localized/burst/persistent/adaptive/overdrive bodily control scope","geometry=Self / biological system;mechanism=short high-output reinforcement of minor localized restorative stabilization during reinforcement.;operational_name=Burst Localized Recovery Augmentation"
"binding","RS-0070","Burst Lower-Body Power Augmentation","COMMON_SPECIALIZATION","1400","localized/burst/persistent/adaptive/overdrive bodily control scope","geometry=Self / biological system;mechanism=short high-output reinforcement of lower-body muscular output.;operational_name=Burst Lower-Body Power Augmentation"
"binding","RS-0071","Burst Metabolic Efficiency Augmentation","COMMON_SPECIALIZATION","1400","localized/burst/persistent/adaptive/overdrive bodily control scope","geometry=Self / biological system;mechanism=short high-output reinforcement of energy-use efficiency under sustained exertion.;operational_name=Burst Metabolic Efficiency Augmentation"
"binding","RS-0072","Burst Motor Precision Augmentation","COMMON_SPECIALIZATION","1400","localized/burst/persistent/adaptive/overdrive bodily control scope","geometry=Self / biological system;mechanism=short high-output reinforcement of fine motor control under stress.;operational_name=Burst Motor Precision Augmentation"
"binding","RS-0073","Burst Muscular Strength Augmentation","COMMON_SPECIALIZATION","1900","localized/burst/persistent/adaptive/overdrive bodily control scope; integrated sustain or whole-body output","geometry=Self / biological system;mechanism=short high-output reinforcement of muscular force production.;operational_name=Burst Muscular Strength Augmentation"
"binding","RS-0074","Burst Neural Conduction Augmentation","COMMON_SPECIALIZATION","1400","localized/burst/persistent/adaptive/overdrive bodily control scope","geometry=Self / biological system;mechanism=short high-output reinforcement of signal propagation efficiency.;operational_name=Burst Neural Conduction Augmentation"
"binding","RS-0075","Burst Organ Bracing Augmentation","COMMON_SPECIALIZATION","1400","localized/burst/persistent/adaptive/overdrive bodily control scope","geometry=Self / biological system;mechanism=short high-output reinforcement of reduce mechanical trauma to internal organs.;operational_name=Burst Organ Bracing Augmentation"
"binding","RS-0076","Burst Pain Gating Augmentation","COMMON_SPECIALIZATION","1400","localized/burst/persistent/adaptive/overdrive bodily control scope","geometry=Self / biological system;mechanism=short high-output reinforcement of reduce performance loss from pain without repairing injury.;operational_name=Burst Pain Gating Augmentation"
"binding","RS-0077","Burst Pressure Tolerance Augmentation","COMMON_SPECIALIZATION","1400","localized/burst/persistent/adaptive/overdrive bodily control scope","geometry=Self / biological system;mechanism=short high-output reinforcement of maintain body integrity under pressure differential.;operational_name=Burst Pressure Tolerance Augmentation"
"binding","RS-0078","Burst Proprioception Augmentation","COMMON_SPECIALIZATION","1400","localized/burst/persistent/adaptive/overdrive bodily control scope","geometry=Self / biological system;mechanism=short high-output reinforcement of body-position awareness.;operational_name=Burst Proprioception Augmentation"
"binding","RS-0079","Burst Reaction Speed Augmentation","COMMON_SPECIALIZATION","1800","localized/burst/persistent/adaptive/overdrive bodily control scope; fine physiological/information control","geometry=Self / biological system;mechanism=short high-output reinforcement of neural response latency.;operational_name=Burst Reaction Speed Augmentation"
"binding","RS-0080","Burst Recovery Rate Augmentation","COMMON_SPECIALIZATION","1400","localized/burst/persistent/adaptive/overdrive bodily control scope","geometry=Self / biological system;mechanism=short high-output reinforcement of between-effort recovery speed.;operational_name=Burst Recovery Rate Augmentation"
"binding","RS-0081","Burst Respiratory Throughput Augmentation","COMMON_SPECIALIZATION","1400","localized/burst/persistent/adaptive/overdrive bodily control scope","geometry=Self / biological system;mechanism=short high-output reinforcement of ventilation/oxygen exchange performance.;operational_name=Burst Respiratory Throughput Augmentation"
"binding","RS-0082","Burst Shock Tolerance Augmentation","COMMON_SPECIALIZATION","1400","localized/burst/persistent/adaptive/overdrive bodily control scope","geometry=Self / biological system;mechanism=short high-output reinforcement of maintain function through concussive/mechanical shock.;operational_name=Burst Shock Tolerance Augmentation"
"binding","RS-0083","Burst Spinal Reinforcement Augmentation","COMMON_SPECIALIZATION","1400","localized/burst/persistent/adaptive/overdrive bodily control scope","geometry=Self / biological system;mechanism=short high-output reinforcement of spinal structural load tolerance.;operational_name=Burst Spinal Reinforcement Augmentation"
"binding","RS-0084","Burst Sprint Speed Augmentation","COMMON_SPECIALIZATION","1400","localized/burst/persistent/adaptive/overdrive bodily control scope","geometry=Self / biological system;mechanism=short high-output reinforcement of top ground speed.;operational_name=Burst Sprint Speed Augmentation"
"binding","RS-0085","Burst Structural Resonance Augmentation","COMMON_SPECIALIZATION","1900","localized/burst/persistent/adaptive/overdrive bodily control scope; integrated sustain or whole-body output","geometry=Self / biological system;mechanism=short high-output reinforcement of whole-body reinforcement through coherent resonance.;operational_name=Burst Structural Resonance Augmentation"
"binding","RS-0086","Burst Sustained Run Augmentation","COMMON_SPECIALIZATION","1400","localized/burst/persistent/adaptive/overdrive bodily control scope","geometry=Self / biological system;mechanism=short high-output reinforcement of long-duration locomotion efficiency.;operational_name=Burst Sustained Run Augmentation"
"binding","RS-0087","Burst Swimming Output Augmentation","COMMON_SPECIALIZATION","1400","localized/burst/persistent/adaptive/overdrive bodily control scope","geometry=Self / biological system;mechanism=short high-output reinforcement of water locomotion performance.;operational_name=Burst Swimming Output Augmentation"
"binding","RS-0088","Burst Tendon Reinforcement Augmentation","COMMON_SPECIALIZATION","1400","localized/burst/persistent/adaptive/overdrive bodily control scope","geometry=Self / biological system;mechanism=short high-output reinforcement of tendon load transfer/tolerance.;operational_name=Burst Tendon Reinforcement Augmentation"
"binding","RS-0089","Burst Turning Authority Augmentation","COMMON_SPECIALIZATION","1400","localized/burst/persistent/adaptive/overdrive bodily control scope","geometry=Self / biological system;mechanism=short high-output reinforcement of maintain traction/control through high-rate turning.;operational_name=Burst Turning Authority Augmentation"
"binding","RS-0090","Burst Upper-Body Power Augmentation","COMMON_SPECIALIZATION","1400","localized/burst/persistent/adaptive/overdrive bodily control scope","geometry=Self / biological system;mechanism=short high-output reinforcement of upper-body muscular output.;operational_name=Burst Upper-Body Power Augmentation"
"binding","RS-0091","Burst Vestibular Control Augmentation","COMMON_SPECIALIZATION","1400","localized/burst/persistent/adaptive/overdrive bodily control scope","geometry=Self / biological system;mechanism=short high-output reinforcement of orientation/acceleration tolerance.;operational_name=Burst Vestibular Control Augmentation"
"binding","RS-0092","Burst Visual Tracking Augmentation","COMMON_SPECIALIZATION","1800","localized/burst/persistent/adaptive/overdrive bodily control scope; fine physiological/information control","geometry=Self / biological system;mechanism=short high-output reinforcement of moving-target visual processing.;operational_name=Burst Visual Tracking Augmentation"
"binding","RS-0093","Localized Acceleration Augmentation","FOUNDATIONAL","800","localized/burst/persistent/adaptive/overdrive bodily control scope","geometry=Self / biological system;mechanism=reinforcement concentrated into one chosen body region/system of rate of speed increase.;operational_name=Localized Acceleration Augmentation"
"binding","RS-0094","Localized Agility Augmentation","FOUNDATIONAL","800","localized/burst/persistent/adaptive/overdrive bodily control scope","geometry=Self / biological system;mechanism=reinforcement concentrated into one chosen body region/system of rapid body-direction change.;operational_name=Localized Agility Augmentation"
"binding","RS-0095","Localized Anaerobic Tolerance Augmentation","COMMON_SPECIALIZATION","1200","localized/burst/persistent/adaptive/overdrive bodily control scope; fine physiological/information control","geometry=Self / biological system;mechanism=reinforcement concentrated into one chosen body region/system of short-duration high-output metabolic tolerance.;operational_name=Localized Anaerobic Tolerance Augmentation"
"binding","RS-0096","Localized Auditory Filtering Augmentation","COMMON_SPECIALIZATION","1200","localized/burst/persistent/adaptive/overdrive bodily control scope; fine physiological/information control","geometry=Self / biological system;mechanism=reinforcement concentrated into one chosen body region/system of combat-relevant acoustic discrimination.;operational_name=Localized Auditory Filtering Augmentation"
"binding","RS-0097","Localized Balance Augmentation","FOUNDATIONAL","800","localized/burst/persistent/adaptive/overdrive bodily control scope","geometry=Self / biological system;mechanism=reinforcement concentrated into one chosen body region/system of postural control.;operational_name=Localized Balance Augmentation"
"binding","RS-0098","Localized Bone Reinforcement Augmentation","FOUNDATIONAL","800","localized/burst/persistent/adaptive/overdrive bodily control scope","geometry=Self / biological system;mechanism=reinforcement concentrated into one chosen body region/system of skeletal load tolerance.;operational_name=Localized Bone Reinforcement Augmentation"
"binding","RS-0099","Localized Burst Dash Augmentation","FOUNDATIONAL","800","localized/burst/persistent/adaptive/overdrive bodily control scope","geometry=Self / biological system;mechanism=reinforcement concentrated into one chosen body region/system of very short explosive movement output.;operational_name=Localized Burst Dash Augmentation"
"binding","RS-0100","Localized Cardiac Output Augmentation","COMMON_SPECIALIZATION","1200","localized/burst/persistent/adaptive/overdrive bodily control scope; fine physiological/information control","geometry=Self / biological system;mechanism=reinforcement concentrated into one chosen body region/system of circulatory throughput.;operational_name=Localized Cardiac Output Augmentation"
"binding","RS-0101","Localized Circulatory Efficiency Augmentation","FOUNDATIONAL","800","localized/burst/persistent/adaptive/overdrive bodily control scope","geometry=Self / biological system;mechanism=reinforcement concentrated into one chosen body region/system of blood-flow efficiency under stress.;operational_name=Localized Circulatory Efficiency Augmentation"
"binding","RS-0102","Localized Climbing Output Augmentation","FOUNDATIONAL","800","localized/burst/persistent/adaptive/overdrive bodily control scope","geometry=Self / biological system;mechanism=reinforcement concentrated into one chosen body region/system of vertical locomotion strength/endurance.;operational_name=Localized Climbing Output Augmentation"
"binding","RS-0103","Localized Cold Tolerance Augmentation","FOUNDATIONAL","800","localized/burst/persistent/adaptive/overdrive bodily control scope","geometry=Self / biological system;mechanism=reinforcement concentrated into one chosen body region/system of thermal function in cold conditions.;operational_name=Localized Cold Tolerance Augmentation"
"binding","RS-0104","Localized Core Stability Augmentation","FOUNDATIONAL","800","localized/burst/persistent/adaptive/overdrive bodily control scope","geometry=Self / biological system;mechanism=reinforcement concentrated into one chosen body region/system of trunk stabilization and force transfer.;operational_name=Localized Core Stability Augmentation"
"binding","RS-0105","Localized Dermal Reinforcement Augmentation","FOUNDATIONAL","800","localized/burst/persistent/adaptive/overdrive bodily control scope","geometry=Self / biological system;mechanism=reinforcement concentrated into one chosen body region/system of skin/superficial tissue resistance to abrasion/cutting.;operational_name=Localized Dermal Reinforcement Augmentation"
"binding","RS-0106","Localized Explosive Power Augmentation","COMMON_SPECIALIZATION","1300","localized/burst/persistent/adaptive/overdrive bodily control scope; integrated sustain or whole-body output","geometry=Self / biological system;mechanism=reinforcement concentrated into one chosen body region/system of rapid whole-body force production.;operational_name=Localized Explosive Power Augmentation"
"binding","RS-0107","Localized Fatigue Resistance Augmentation","COMMON_SPECIALIZATION","1300","localized/burst/persistent/adaptive/overdrive bodily control scope; integrated sustain or whole-body output","geometry=Self / biological system;mechanism=reinforcement concentrated into one chosen body region/system of maintain performance deeper into exertion.;operational_name=Localized Fatigue Resistance Augmentation"
"binding","RS-0108","Localized Grip Strength Augmentation","COMMON_SPECIALIZATION","1300","localized/burst/persistent/adaptive/overdrive bodily control scope; integrated sustain or whole-body output","geometry=Self / biological system;mechanism=reinforcement concentrated into one chosen body region/system of hand/forearm force production.;operational_name=Localized Grip Strength Augmentation"
"binding","RS-0109","Localized Heat Shedding Augmentation","FOUNDATIONAL","800","localized/burst/persistent/adaptive/overdrive bodily control scope","geometry=Self / biological system;mechanism=reinforcement concentrated into one chosen body region/system of thermal regulation under exertion.;operational_name=Localized Heat Shedding Augmentation"
"binding","RS-0110","Localized Impact Frame Augmentation","COMMON_SPECIALIZATION","1300","localized/burst/persistent/adaptive/overdrive bodily control scope; integrated sustain or whole-body output","geometry=Self / biological system;mechanism=reinforcement concentrated into one chosen body region/system of whole-body impact distribution.;operational_name=Localized Impact Frame Augmentation"
"binding","RS-0111","Localized Joint Reinforcement Augmentation","FOUNDATIONAL","800","localized/burst/persistent/adaptive/overdrive bodily control scope","geometry=Self / biological system;mechanism=reinforcement concentrated into one chosen body region/system of joint stability under load.;operational_name=Localized Joint Reinforcement Augmentation"
"binding","RS-0112","Localized Jump Power Augmentation","FOUNDATIONAL","800","localized/burst/persistent/adaptive/overdrive bodily control scope","geometry=Self / biological system;mechanism=reinforcement concentrated into one chosen body region/system of vertical/horizontal jump output.;operational_name=Localized Jump Power Augmentation"
"binding","RS-0113","Localized Landing Tolerance Augmentation","FOUNDATIONAL","800","localized/burst/persistent/adaptive/overdrive bodily control scope","geometry=Self / biological system;mechanism=reinforcement concentrated into one chosen body region/system of absorb/distribute landing impact.;operational_name=Localized Landing Tolerance Augmentation"
"binding","RS-0114","Localized Ligament Reinforcement Augmentation","FOUNDATIONAL","800","localized/burst/persistent/adaptive/overdrive bodily control scope","geometry=Self / biological system;mechanism=reinforcement concentrated into one chosen body region/system of ligament/joint restraint.;operational_name=Localized Ligament Reinforcement Augmentation"
"binding","RS-0115","Localized Localized Recovery Augmentation","FOUNDATIONAL","800","localized/burst/persistent/adaptive/overdrive bodily control scope","geometry=Self / biological system;mechanism=reinforcement concentrated into one chosen body region/system of minor localized restorative stabilization during reinforcement.;operational_name=Localized Localized Recovery Augmentation"
"binding","RS-0116","Localized Lower-Body Power Augmentation","FOUNDATIONAL","800","localized/burst/persistent/adaptive/overdrive bodily control scope","geometry=Self / biological system;mechanism=reinforcement concentrated into one chosen body region/system of lower-body muscular output.;operational_name=Localized Lower-Body Power Augmentation"
"binding","RS-0117","Localized Metabolic Efficiency Augmentation","FOUNDATIONAL","800","localized/burst/persistent/adaptive/overdrive bodily control scope","geometry=Self / biological system;mechanism=reinforcement concentrated into one chosen body region/system of energy-use efficiency under sustained exertion.;operational_name=Localized Metabolic Efficiency Augmentation"
"binding","RS-0118","Localized Motor Precision Augmentation","FOUNDATIONAL","800","localized/burst/persistent/adaptive/overdrive bodily control scope","geometry=Self / biological system;mechanism=reinforcement concentrated into one chosen body region/system of fine motor control under stress.;operational_name=Localized Motor Precision Augmentation"
"binding","RS-0119","Localized Muscular Strength Augmentation","COMMON_SPECIALIZATION","1300","localized/burst/persistent/adaptive/overdrive bodily control scope; integrated sustain or whole-body output","geometry=Self / biological system;mechanism=reinforcement concentrated into one chosen body region/system of muscular force production.;operational_name=Localized Muscular Strength Augmentation"
"binding","RS-0120","Localized Neural Conduction Augmentation","FOUNDATIONAL","800","localized/burst/persistent/adaptive/overdrive bodily control scope","geometry=Self / biological system;mechanism=reinforcement concentrated into one chosen body region/system of signal propagation efficiency.;operational_name=Localized Neural Conduction Augmentation"
"binding","RS-0121","Localized Organ Bracing Augmentation","FOUNDATIONAL","800","localized/burst/persistent/adaptive/overdrive bodily control scope","geometry=Self / biological system;mechanism=reinforcement concentrated into one chosen body region/system of reduce mechanical trauma to internal organs.;operational_name=Localized Organ Bracing Augmentation"
"binding","RS-0122","Localized Pain Gating Augmentation","FOUNDATIONAL","800","localized/burst/persistent/adaptive/overdrive bodily control scope","geometry=Self / biological system;mechanism=reinforcement concentrated into one chosen body region/system of reduce performance loss from pain without repairing injury.;operational_name=Localized Pain Gating Augmentation"
"binding","RS-0123","Localized Pressure Tolerance Augmentation","FOUNDATIONAL","800","localized/burst/persistent/adaptive/overdrive bodily control scope","geometry=Self / biological system;mechanism=reinforcement concentrated into one chosen body region/system of maintain body integrity under pressure differential.;operational_name=Localized Pressure Tolerance Augmentation"
"binding","RS-0124","Localized Proprioception Augmentation","FOUNDATIONAL","800","localized/burst/persistent/adaptive/overdrive bodily control scope","geometry=Self / biological system;mechanism=reinforcement concentrated into one chosen body region/system of body-position awareness.;operational_name=Localized Proprioception Augmentation"
"binding","RS-0125","Localized Reaction Speed Augmentation","COMMON_SPECIALIZATION","1200","localized/burst/persistent/adaptive/overdrive bodily control scope; fine physiological/information control","geometry=Self / biological system;mechanism=reinforcement concentrated into one chosen body region/system of neural response latency.;operational_name=Localized Reaction Speed Augmentation"
"binding","RS-0126","Localized Recovery Rate Augmentation","FOUNDATIONAL","800","localized/burst/persistent/adaptive/overdrive bodily control scope","geometry=Self / biological system;mechanism=reinforcement concentrated into one chosen body region/system of between-effort recovery speed.;operational_name=Localized Recovery Rate Augmentation"
"binding","RS-0127","Localized Respiratory Throughput Augmentation","FOUNDATIONAL","800","localized/burst/persistent/adaptive/overdrive bodily control scope","geometry=Self / biological system;mechanism=reinforcement concentrated into one chosen body region/system of ventilation/oxygen exchange performance.;operational_name=Localized Respiratory Throughput Augmentation"
"binding","RS-0128","Localized Shock Tolerance Augmentation","FOUNDATIONAL","800","localized/burst/persistent/adaptive/overdrive bodily control scope","geometry=Self / biological system;mechanism=reinforcement concentrated into one chosen body region/system of maintain function through concussive/mechanical shock.;operational_name=Localized Shock Tolerance Augmentation"
"binding","RS-0129","Localized Spinal Reinforcement Augmentation","FOUNDATIONAL","800","localized/burst/persistent/adaptive/overdrive bodily control scope","geometry=Self / biological system;mechanism=reinforcement concentrated into one chosen body region/system of spinal structural load tolerance.;operational_name=Localized Spinal Reinforcement Augmentation"
"binding","RS-0130","Localized Sprint Speed Augmentation","FOUNDATIONAL","800","localized/burst/persistent/adaptive/overdrive bodily control scope","geometry=Self / biological system;mechanism=reinforcement concentrated into one chosen body region/system of top ground speed.;operational_name=Localized Sprint Speed Augmentation"
"binding","RS-0131","Localized Structural Resonance Augmentation","COMMON_SPECIALIZATION","1300","localized/burst/persistent/adaptive/overdrive bodily control scope; integrated sustain or whole-body output","geometry=Self / biological system;mechanism=reinforcement concentrated into one chosen body region/system of whole-body reinforcement through coherent resonance.;operational_name=Localized Structural Resonance Augmentation"
"binding","RS-0132","Localized Sustained Run Augmentation","FOUNDATIONAL","800","localized/burst/persistent/adaptive/overdrive bodily control scope","geometry=Self / biological system;mechanism=reinforcement concentrated into one chosen body region/system of long-duration locomotion efficiency.;operational_name=Localized Sustained Run Augmentation"
"binding","RS-0133","Localized Swimming Output Augmentation","FOUNDATIONAL","800","localized/burst/persistent/adaptive/overdrive bodily control scope","geometry=Self / biological system;mechanism=reinforcement concentrated into one chosen body region/system of water locomotion performance.;operational_name=Localized Swimming Output Augmentation"
"binding","RS-0134","Localized Tendon Reinforcement Augmentation","FOUNDATIONAL","800","localized/burst/persistent/adaptive/overdrive bodily control scope","geometry=Self / biological system;mechanism=reinforcement concentrated into one chosen body region/system of tendon load transfer/tolerance.;operational_name=Localized Tendon Reinforcement Augmentation"
"binding","RS-0135","Localized Turning Authority Augmentation","FOUNDATIONAL","800","localized/burst/persistent/adaptive/overdrive bodily control scope","geometry=Self / biological system;mechanism=reinforcement concentrated into one chosen body region/system of maintain traction/control through high-rate turning.;operational_name=Localized Turning Authority Augmentation"
"binding","RS-0136","Localized Upper-Body Power Augmentation","FOUNDATIONAL","800","localized/burst/persistent/adaptive/overdrive bodily control scope","geometry=Self / biological system;mechanism=reinforcement concentrated into one chosen body region/system of upper-body muscular output.;operational_name=Localized Upper-Body Power Augmentation"
"binding","RS-0137","Localized Vestibular Control Augmentation","FOUNDATIONAL","800","localized/burst/persistent/adaptive/overdrive bodily control scope","geometry=Self / biological system;mechanism=reinforcement concentrated into one chosen body region/system of orientation/acceleration tolerance.;operational_name=Localized Vestibular Control Augmentation"
"binding","RS-0138","Localized Visual Tracking Augmentation","COMMON_SPECIALIZATION","1200","localized/burst/persistent/adaptive/overdrive bodily control scope; fine physiological/information control","geometry=Self / biological system;mechanism=reinforcement concentrated into one chosen body region/system of moving-target visual processing.;operational_name=Localized Visual Tracking Augmentation"
"binding","RS-0139","Overdrive Acceleration Augmentation","POWERFUL","5000","localized/burst/persistent/adaptive/overdrive bodily control scope","geometry=Self / biological system;mechanism=extreme output at severe basin/fatigue cost of rate of speed increase.;operational_name=Overdrive Acceleration Augmentation"
"binding","RS-0140","Overdrive Agility Augmentation","POWERFUL","5000","localized/burst/persistent/adaptive/overdrive bodily control scope","geometry=Self / biological system;mechanism=extreme output at severe basin/fatigue cost of rapid body-direction change.;operational_name=Overdrive Agility Augmentation"
"binding","RS-0141","Overdrive Anaerobic Tolerance Augmentation","POWERFUL","5400","localized/burst/persistent/adaptive/overdrive bodily control scope; fine physiological/information control","geometry=Self / biological system;mechanism=extreme output at severe basin/fatigue cost of short-duration high-output metabolic tolerance.;operational_name=Overdrive Anaerobic Tolerance Augmentation"
"binding","RS-0142","Overdrive Auditory Filtering Augmentation","POWERFUL","5400","localized/burst/persistent/adaptive/overdrive bodily control scope; fine physiological/information control","geometry=Self / biological system;mechanism=extreme output at severe basin/fatigue cost of combat-relevant acoustic discrimination.;operational_name=Overdrive Auditory Filtering Augmentation"
"binding","RS-0143","Overdrive Balance Augmentation","POWERFUL","5000","localized/burst/persistent/adaptive/overdrive bodily control scope","geometry=Self / biological system;mechanism=extreme output at severe basin/fatigue cost of postural control.;operational_name=Overdrive Balance Augmentation"
"binding","RS-0144","Overdrive Bone Reinforcement Augmentation","POWERFUL","5000","localized/burst/persistent/adaptive/overdrive bodily control scope","geometry=Self / biological system;mechanism=extreme output at severe basin/fatigue cost of skeletal load tolerance.;operational_name=Overdrive Bone Reinforcement Augmentation"
"binding","RS-0145","Overdrive Burst Dash Augmentation","POWERFUL","5000","localized/burst/persistent/adaptive/overdrive bodily control scope","geometry=Self / biological system;mechanism=extreme output at severe basin/fatigue cost of very short explosive movement output.;operational_name=Overdrive Burst Dash Augmentation"
"binding","RS-0146","Overdrive Cardiac Output Augmentation","POWERFUL","5400","localized/burst/persistent/adaptive/overdrive bodily control scope; fine physiological/information control","geometry=Self / biological system;mechanism=extreme output at severe basin/fatigue cost of circulatory throughput.;operational_name=Overdrive Cardiac Output Augmentation"
"binding","RS-0147","Overdrive Circulatory Efficiency Augmentation","POWERFUL","5000","localized/burst/persistent/adaptive/overdrive bodily control scope","geometry=Self / biological system;mechanism=extreme output at severe basin/fatigue cost of blood-flow efficiency under stress.;operational_name=Overdrive Circulatory Efficiency Augmentation"
"binding","RS-0148","Overdrive Climbing Output Augmentation","POWERFUL","5000","localized/burst/persistent/adaptive/overdrive bodily control scope","geometry=Self / biological system;mechanism=extreme output at severe basin/fatigue cost of vertical locomotion strength/endurance.;operational_name=Overdrive Climbing Output Augmentation"
"binding","RS-0149","Overdrive Cold Tolerance Augmentation","POWERFUL","5000","localized/burst/persistent/adaptive/overdrive bodily control scope","geometry=Self / biological system;mechanism=extreme output at severe basin/fatigue cost of thermal function in cold conditions.;operational_name=Overdrive Cold Tolerance Augmentation"
"binding","RS-0150","Overdrive Core Stability Augmentation","POWERFUL","5000","localized/burst/persistent/adaptive/overdrive bodily control scope","geometry=Self / biological system;mechanism=extreme output at severe basin/fatigue cost of trunk stabilization and force transfer.;operational_name=Overdrive Core Stability Augmentation"
"binding","RS-0151","Overdrive Dermal Reinforcement Augmentation","POWERFUL","5000","localized/burst/persistent/adaptive/overdrive bodily control scope","geometry=Self / biological system;mechanism=extreme output at severe basin/fatigue cost of skin/superficial tissue resistance to abrasion/cutting.;operational_name=Overdrive Dermal Reinforcement Augmentation"
"binding","RS-0152","Overdrive Explosive Power Augmentation","POWERFUL","5500","localized/burst/persistent/adaptive/overdrive bodily control scope; integrated sustain or whole-body output","geometry=Self / biological system;mechanism=extreme output at severe basin/fatigue cost of rapid whole-body force production.;operational_name=Overdrive Explosive Power Augmentation"
"binding","RS-0153","Overdrive Fatigue Resistance Augmentation","POWERFUL","5500","localized/burst/persistent/adaptive/overdrive bodily control scope; integrated sustain or whole-body output","geometry=Self / biological system;mechanism=extreme output at severe basin/fatigue cost of maintain performance deeper into exertion.;operational_name=Overdrive Fatigue Resistance Augmentation"
"binding","RS-0154","Overdrive Grip Strength Augmentation","POWERFUL","5500","localized/burst/persistent/adaptive/overdrive bodily control scope; integrated sustain or whole-body output","geometry=Self / biological system;mechanism=extreme output at severe basin/fatigue cost of hand/forearm force production.;operational_name=Overdrive Grip Strength Augmentation"
"binding","RS-0155","Overdrive Heat Shedding Augmentation","POWERFUL","5000","localized/burst/persistent/adaptive/overdrive bodily control scope","geometry=Self / biological system;mechanism=extreme output at severe basin/fatigue cost of thermal regulation under exertion.;operational_name=Overdrive Heat Shedding Augmentation"
"binding","RS-0156","Overdrive Impact Frame Augmentation","POWERFUL","5500","localized/burst/persistent/adaptive/overdrive bodily control scope; integrated sustain or whole-body output","geometry=Self / biological system;mechanism=extreme output at severe basin/fatigue cost of whole-body impact distribution.;operational_name=Overdrive Impact Frame Augmentation"
"binding","RS-0157","Overdrive Joint Reinforcement Augmentation","POWERFUL","5000","localized/burst/persistent/adaptive/overdrive bodily control scope","geometry=Self / biological system;mechanism=extreme output at severe basin/fatigue cost of joint stability under load.;operational_name=Overdrive Joint Reinforcement Augmentation"
"binding","RS-0158","Overdrive Jump Power Augmentation","POWERFUL","5000","localized/burst/persistent/adaptive/overdrive bodily control scope","geometry=Self / biological system;mechanism=extreme output at severe basin/fatigue cost of vertical/horizontal jump output.;operational_name=Overdrive Jump Power Augmentation"
"binding","RS-0159","Overdrive Landing Tolerance Augmentation","POWERFUL","5000","localized/burst/persistent/adaptive/overdrive bodily control scope","geometry=Self / biological system;mechanism=extreme output at severe basin/fatigue cost of absorb/distribute landing impact.;operational_name=Overdrive Landing Tolerance Augmentation"
"binding","RS-0160","Overdrive Ligament Reinforcement Augmentation","POWERFUL","5000","localized/burst/persistent/adaptive/overdrive bodily control scope","geometry=Self / biological system;mechanism=extreme output at severe basin/fatigue cost of ligament/joint restraint.;operational_name=Overdrive Ligament Reinforcement Augmentation"
"binding","RS-0161","Overdrive Localized Recovery Augmentation","POWERFUL","5000","localized/burst/persistent/adaptive/overdrive bodily control scope","geometry=Self / biological system;mechanism=extreme output at severe basin/fatigue cost of minor localized restorative stabilization during reinforcement.;operational_name=Overdrive Localized Recovery Augmentation"
"binding","RS-0162","Overdrive Lower-Body Power Augmentation","POWERFUL","5000","localized/burst/persistent/adaptive/overdrive bodily control scope","geometry=Self / biological system;mechanism=extreme output at severe basin/fatigue cost of lower-body muscular output.;operational_name=Overdrive Lower-Body Power Augmentation"
"binding","RS-0163","Overdrive Metabolic Efficiency Augmentation","POWERFUL","5000","localized/burst/persistent/adaptive/overdrive bodily control scope","geometry=Self / biological system;mechanism=extreme output at severe basin/fatigue cost of energy-use efficiency under sustained exertion.;operational_name=Overdrive Metabolic Efficiency Augmentation"
"binding","RS-0164","Overdrive Motor Precision Augmentation","POWERFUL","5000","localized/burst/persistent/adaptive/overdrive bodily control scope","geometry=Self / biological system;mechanism=extreme output at severe basin/fatigue cost of fine motor control under stress.;operational_name=Overdrive Motor Precision Augmentation"
"binding","RS-0165","Overdrive Muscular Strength Augmentation","POWERFUL","5500","localized/burst/persistent/adaptive/overdrive bodily control scope; integrated sustain or whole-body output","geometry=Self / biological system;mechanism=extreme output at severe basin/fatigue cost of muscular force production.;operational_name=Overdrive Muscular Strength Augmentation"
"binding","RS-0166","Overdrive Neural Conduction Augmentation","POWERFUL","5000","localized/burst/persistent/adaptive/overdrive bodily control scope","geometry=Self / biological system;mechanism=extreme output at severe basin/fatigue cost of signal propagation efficiency.;operational_name=Overdrive Neural Conduction Augmentation"
"binding","RS-0167","Overdrive Organ Bracing Augmentation","POWERFUL","5000","localized/burst/persistent/adaptive/overdrive bodily control scope","geometry=Self / biological system;mechanism=extreme output at severe basin/fatigue cost of reduce mechanical trauma to internal organs.;operational_name=Overdrive Organ Bracing Augmentation"
"binding","RS-0168","Overdrive Pain Gating Augmentation","POWERFUL","5000","localized/burst/persistent/adaptive/overdrive bodily control scope","geometry=Self / biological system;mechanism=extreme output at severe basin/fatigue cost of reduce performance loss from pain without repairing injury.;operational_name=Overdrive Pain Gating Augmentation"
"binding","RS-0169","Overdrive Pressure Tolerance Augmentation","POWERFUL","5000","localized/burst/persistent/adaptive/overdrive bodily control scope","geometry=Self / biological system;mechanism=extreme output at severe basin/fatigue cost of maintain body integrity under pressure differential.;operational_name=Overdrive Pressure Tolerance Augmentation"
"binding","RS-0170","Overdrive Proprioception Augmentation","POWERFUL","5000","localized/burst/persistent/adaptive/overdrive bodily control scope","geometry=Self / biological system;mechanism=extreme output at severe basin/fatigue cost of body-position awareness.;operational_name=Overdrive Proprioception Augmentation"
"binding","RS-0171","Overdrive Reaction Speed Augmentation","POWERFUL","5400","localized/burst/persistent/adaptive/overdrive bodily control scope; fine physiological/information control","geometry=Self / biological system;mechanism=extreme output at severe basin/fatigue cost of neural response latency.;operational_name=Overdrive Reaction Speed Augmentation"
"binding","RS-0172","Overdrive Recovery Rate Augmentation","POWERFUL","5000","localized/burst/persistent/adaptive/overdrive bodily control scope","geometry=Self / biological system;mechanism=extreme output at severe basin/fatigue cost of between-effort recovery speed.;operational_name=Overdrive Recovery Rate Augmentation"
"binding","RS-0173","Overdrive Respiratory Throughput Augmentation","POWERFUL","5000","localized/burst/persistent/adaptive/overdrive bodily control scope","geometry=Self / biological system;mechanism=extreme output at severe basin/fatigue cost of ventilation/oxygen exchange performance.;operational_name=Overdrive Respiratory Throughput Augmentation"
"binding","RS-0174","Overdrive Shock Tolerance Augmentation","POWERFUL","5000","localized/burst/persistent/adaptive/overdrive bodily control scope","geometry=Self / biological system;mechanism=extreme output at severe basin/fatigue cost of maintain function through concussive/mechanical shock.;operational_name=Overdrive Shock Tolerance Augmentation"
"binding","RS-0175","Overdrive Spinal Reinforcement Augmentation","POWERFUL","5000","localized/burst/persistent/adaptive/overdrive bodily control scope","geometry=Self / biological system;mechanism=extreme output at severe basin/fatigue cost of spinal structural load tolerance.;operational_name=Overdrive Spinal Reinforcement Augmentation"
"binding","RS-0176","Overdrive Sprint Speed Augmentation","POWERFUL","5000","localized/burst/persistent/adaptive/overdrive bodily control scope","geometry=Self / biological system;mechanism=extreme output at severe basin/fatigue cost of top ground speed.;operational_name=Overdrive Sprint Speed Augmentation"
"binding","RS-0177","Overdrive Structural Resonance Augmentation","POWERFUL","5500","localized/burst/persistent/adaptive/overdrive bodily control scope; integrated sustain or whole-body output","geometry=Self / biological system;mechanism=extreme output at severe basin/fatigue cost of whole-body reinforcement through coherent resonance.;operational_name=Overdrive Structural Resonance Augmentation"
"binding","RS-0178","Overdrive Sustained Run Augmentation","POWERFUL","5000","localized/burst/persistent/adaptive/overdrive bodily control scope","geometry=Self / biological system;mechanism=extreme output at severe basin/fatigue cost of long-duration locomotion efficiency.;operational_name=Overdrive Sustained Run Augmentation"
"binding","RS-0179","Overdrive Swimming Output Augmentation","POWERFUL","5000","localized/burst/persistent/adaptive/overdrive bodily control scope","geometry=Self / biological system;mechanism=extreme output at severe basin/fatigue cost of water locomotion performance.;operational_name=Overdrive Swimming Output Augmentation"
"binding","RS-0180","Overdrive Tendon Reinforcement Augmentation","POWERFUL","5000","localized/burst/persistent/adaptive/overdrive bodily control scope","geometry=Self / biological system;mechanism=extreme output at severe basin/fatigue cost of tendon load transfer/tolerance.;operational_name=Overdrive Tendon Reinforcement Augmentation"
"binding","RS-0181","Overdrive Turning Authority Augmentation","POWERFUL","5000","localized/burst/persistent/adaptive/overdrive bodily control scope","geometry=Self / biological system;mechanism=extreme output at severe basin/fatigue cost of maintain traction/control through high-rate turning.;operational_name=Overdrive Turning Authority Augmentation"
"binding","RS-0182","Overdrive Upper-Body Power Augmentation","POWERFUL","5000","localized/burst/persistent/adaptive/overdrive bodily control scope","geometry=Self / biological system;mechanism=extreme output at severe basin/fatigue cost of upper-body muscular output.;operational_name=Overdrive Upper-Body Power Augmentation"
"binding","RS-0183","Overdrive Vestibular Control Augmentation","POWERFUL","5000","localized/burst/persistent/adaptive/overdrive bodily control scope","geometry=Self / biological system;mechanism=extreme output at severe basin/fatigue cost of orientation/acceleration tolerance.;operational_name=Overdrive Vestibular Control Augmentation"
"binding","RS-0184","Overdrive Visual Tracking Augmentation","POWERFUL","5400","localized/burst/persistent/adaptive/overdrive bodily control scope; fine physiological/information control","geometry=Self / biological system;mechanism=extreme output at severe basin/fatigue cost of moving-target visual processing.;operational_name=Overdrive Visual Tracking Augmentation"
"binding","RS-0185","Persistent Acceleration Augmentation","COMMON_SPECIALIZATION","1800","localized/burst/persistent/adaptive/overdrive bodily control scope","geometry=Self / biological system;mechanism=continuous moderate reinforcement of rate of speed increase.;operational_name=Persistent Acceleration Augmentation"
"binding","RS-0186","Persistent Agility Augmentation","COMMON_SPECIALIZATION","1800","localized/burst/persistent/adaptive/overdrive bodily control scope","geometry=Self / biological system;mechanism=continuous moderate reinforcement of rapid body-direction change.;operational_name=Persistent Agility Augmentation"
"binding","RS-0187","Persistent Anaerobic Tolerance Augmentation","COMMON_SPECIALIZATION","2200","localized/burst/persistent/adaptive/overdrive bodily control scope; fine physiological/information control","geometry=Self / biological system;mechanism=continuous moderate reinforcement of short-duration high-output metabolic tolerance.;operational_name=Persistent Anaerobic Tolerance Augmentation"
"binding","RS-0188","Persistent Auditory Filtering Augmentation","COMMON_SPECIALIZATION","2200","localized/burst/persistent/adaptive/overdrive bodily control scope; fine physiological/information control","geometry=Self / biological system;mechanism=continuous moderate reinforcement of combat-relevant acoustic discrimination.;operational_name=Persistent Auditory Filtering Augmentation"
"binding","RS-0189","Persistent Balance Augmentation","COMMON_SPECIALIZATION","1800","localized/burst/persistent/adaptive/overdrive bodily control scope","geometry=Self / biological system;mechanism=continuous moderate reinforcement of postural control.;operational_name=Persistent Balance Augmentation"
"binding","RS-0190","Persistent Bone Reinforcement Augmentation","COMMON_SPECIALIZATION","1800","localized/burst/persistent/adaptive/overdrive bodily control scope","geometry=Self / biological system;mechanism=continuous moderate reinforcement of skeletal load tolerance.;operational_name=Persistent Bone Reinforcement Augmentation"
"binding","RS-0191","Persistent Burst Dash Augmentation","COMMON_SPECIALIZATION","1800","localized/burst/persistent/adaptive/overdrive bodily control scope","geometry=Self / biological system;mechanism=continuous moderate reinforcement of very short explosive movement output.;operational_name=Persistent Burst Dash Augmentation"
"binding","RS-0192","Persistent Cardiac Output Augmentation","COMMON_SPECIALIZATION","2200","localized/burst/persistent/adaptive/overdrive bodily control scope; fine physiological/information control","geometry=Self / biological system;mechanism=continuous moderate reinforcement of circulatory throughput.;operational_name=Persistent Cardiac Output Augmentation"
"binding","RS-0193","Persistent Circulatory Efficiency Augmentation","COMMON_SPECIALIZATION","1800","localized/burst/persistent/adaptive/overdrive bodily control scope","geometry=Self / biological system;mechanism=continuous moderate reinforcement of blood-flow efficiency under stress.;operational_name=Persistent Circulatory Efficiency Augmentation"
"binding","RS-0194","Persistent Climbing Output Augmentation","COMMON_SPECIALIZATION","1800","localized/burst/persistent/adaptive/overdrive bodily control scope","geometry=Self / biological system;mechanism=continuous moderate reinforcement of vertical locomotion strength/endurance.;operational_name=Persistent Climbing Output Augmentation"
"binding","RS-0195","Persistent Cold Tolerance Augmentation","COMMON_SPECIALIZATION","1800","localized/burst/persistent/adaptive/overdrive bodily control scope","geometry=Self / biological system;mechanism=continuous moderate reinforcement of thermal function in cold conditions.;operational_name=Persistent Cold Tolerance Augmentation"
"binding","RS-0196","Persistent Core Stability Augmentation","COMMON_SPECIALIZATION","1800","localized/burst/persistent/adaptive/overdrive bodily control scope","geometry=Self / biological system;mechanism=continuous moderate reinforcement of trunk stabilization and force transfer.;operational_name=Persistent Core Stability Augmentation"
"binding","RS-0197","Persistent Dermal Reinforcement Augmentation","COMMON_SPECIALIZATION","1800","localized/burst/persistent/adaptive/overdrive bodily control scope","geometry=Self / biological system;mechanism=continuous moderate reinforcement of skin/superficial tissue resistance to abrasion/cutting.;operational_name=Persistent Dermal Reinforcement Augmentation"
"binding","RS-0198","Persistent Explosive Power Augmentation","COMMON_SPECIALIZATION","2300","localized/burst/persistent/adaptive/overdrive bodily control scope; integrated sustain or whole-body output","geometry=Self / biological system;mechanism=continuous moderate reinforcement of rapid whole-body force production.;operational_name=Persistent Explosive Power Augmentation"
"binding","RS-0199","Persistent Fatigue Resistance Augmentation","COMMON_SPECIALIZATION","2300","localized/burst/persistent/adaptive/overdrive bodily control scope; integrated sustain or whole-body output","geometry=Self / biological system;mechanism=continuous moderate reinforcement of maintain performance deeper into exertion.;operational_name=Persistent Fatigue Resistance Augmentation"
"binding","RS-0200","Persistent Grip Strength Augmentation","COMMON_SPECIALIZATION","2300","localized/burst/persistent/adaptive/overdrive bodily control scope; integrated sustain or whole-body output","geometry=Self / biological system;mechanism=continuous moderate reinforcement of hand/forearm force production.;operational_name=Persistent Grip Strength Augmentation"
"binding","RS-0201","Persistent Heat Shedding Augmentation","COMMON_SPECIALIZATION","1800","localized/burst/persistent/adaptive/overdrive bodily control scope","geometry=Self / biological system;mechanism=continuous moderate reinforcement of thermal regulation under exertion.;operational_name=Persistent Heat Shedding Augmentation"
"binding","RS-0202","Persistent Impact Frame Augmentation","COMMON_SPECIALIZATION","2300","localized/burst/persistent/adaptive/overdrive bodily control scope; integrated sustain or whole-body output","geometry=Self / biological system;mechanism=continuous moderate reinforcement of whole-body impact distribution.;operational_name=Persistent Impact Frame Augmentation"
"binding","RS-0203","Persistent Joint Reinforcement Augmentation","COMMON_SPECIALIZATION","1800","localized/burst/persistent/adaptive/overdrive bodily control scope","geometry=Self / biological system;mechanism=continuous moderate reinforcement of joint stability under load.;operational_name=Persistent Joint Reinforcement Augmentation"
"binding","RS-0204","Persistent Jump Power Augmentation","COMMON_SPECIALIZATION","1800","localized/burst/persistent/adaptive/overdrive bodily control scope","geometry=Self / biological system;mechanism=continuous moderate reinforcement of vertical/horizontal jump output.;operational_name=Persistent Jump Power Augmentation"
"binding","RS-0205","Persistent Landing Tolerance Augmentation","COMMON_SPECIALIZATION","1800","localized/burst/persistent/adaptive/overdrive bodily control scope","geometry=Self / biological system;mechanism=continuous moderate reinforcement of absorb/distribute landing impact.;operational_name=Persistent Landing Tolerance Augmentation"
"binding","RS-0206","Persistent Ligament Reinforcement Augmentation","COMMON_SPECIALIZATION","1800","localized/burst/persistent/adaptive/overdrive bodily control scope","geometry=Self / biological system;mechanism=continuous moderate reinforcement of ligament/joint restraint.;operational_name=Persistent Ligament Reinforcement Augmentation"
"binding","RS-0207","Persistent Localized Recovery Augmentation","COMMON_SPECIALIZATION","1800","localized/burst/persistent/adaptive/overdrive bodily control scope","geometry=Self / biological system;mechanism=continuous moderate reinforcement of minor localized restorative stabilization during reinforcement.;operational_name=Persistent Localized Recovery Augmentation"
"binding","RS-0208","Persistent Lower-Body Power Augmentation","COMMON_SPECIALIZATION","1800","localized/burst/persistent/adaptive/overdrive bodily control scope","geometry=Self / biological system;mechanism=continuous moderate reinforcement of lower-body muscular output.;operational_name=Persistent Lower-Body Power Augmentation"
"binding","RS-0209","Persistent Metabolic Efficiency Augmentation","COMMON_SPECIALIZATION","1800","localized/burst/persistent/adaptive/overdrive bodily control scope","geometry=Self / biological system;mechanism=continuous moderate reinforcement of energy-use efficiency under sustained exertion.;operational_name=Persistent Metabolic Efficiency Augmentation"
"binding","RS-0210","Persistent Motor Precision Augmentation","COMMON_SPECIALIZATION","1800","localized/burst/persistent/adaptive/overdrive bodily control scope","geometry=Self / biological system;mechanism=continuous moderate reinforcement of fine motor control under stress.;operational_name=Persistent Motor Precision Augmentation"
"binding","RS-0211","Persistent Muscular Strength Augmentation","COMMON_SPECIALIZATION","2300","localized/burst/persistent/adaptive/overdrive bodily control scope; integrated sustain or whole-body output","geometry=Self / biological system;mechanism=continuous moderate reinforcement of muscular force production.;operational_name=Persistent Muscular Strength Augmentation"
"binding","RS-0212","Persistent Neural Conduction Augmentation","COMMON_SPECIALIZATION","1800","localized/burst/persistent/adaptive/overdrive bodily control scope","geometry=Self / biological system;mechanism=continuous moderate reinforcement of signal propagation efficiency.;operational_name=Persistent Neural Conduction Augmentation"
"binding","RS-0213","Persistent Organ Bracing Augmentation","COMMON_SPECIALIZATION","1800","localized/burst/persistent/adaptive/overdrive bodily control scope","geometry=Self / biological system;mechanism=continuous moderate reinforcement of reduce mechanical trauma to internal organs.;operational_name=Persistent Organ Bracing Augmentation"
"binding","RS-0214","Persistent Pain Gating Augmentation","COMMON_SPECIALIZATION","1800","localized/burst/persistent/adaptive/overdrive bodily control scope","geometry=Self / biological system;mechanism=continuous moderate reinforcement of reduce performance loss from pain without repairing injury.;operational_name=Persistent Pain Gating Augmentation"
"binding","RS-0215","Persistent Pressure Tolerance Augmentation","COMMON_SPECIALIZATION","1800","localized/burst/persistent/adaptive/overdrive bodily control scope","geometry=Self / biological system;mechanism=continuous moderate reinforcement of maintain body integrity under pressure differential.;operational_name=Persistent Pressure Tolerance Augmentation"
"binding","RS-0216","Persistent Proprioception Augmentation","COMMON_SPECIALIZATION","1800","localized/burst/persistent/adaptive/overdrive bodily control scope","geometry=Self / biological system;mechanism=continuous moderate reinforcement of body-position awareness.;operational_name=Persistent Proprioception Augmentation"
"binding","RS-0217","Persistent Reaction Speed Augmentation","COMMON_SPECIALIZATION","2200","localized/burst/persistent/adaptive/overdrive bodily control scope; fine physiological/information control","geometry=Self / biological system;mechanism=continuous moderate reinforcement of neural response latency.;operational_name=Persistent Reaction Speed Augmentation"
"binding","RS-0218","Persistent Recovery Rate Augmentation","COMMON_SPECIALIZATION","1800","localized/burst/persistent/adaptive/overdrive bodily control scope","geometry=Self / biological system;mechanism=continuous moderate reinforcement of between-effort recovery speed.;operational_name=Persistent Recovery Rate Augmentation"
"binding","RS-0219","Persistent Respiratory Throughput Augmentation","COMMON_SPECIALIZATION","1800","localized/burst/persistent/adaptive/overdrive bodily control scope","geometry=Self / biological system;mechanism=continuous moderate reinforcement of ventilation/oxygen exchange performance.;operational_name=Persistent Respiratory Throughput Augmentation"
"binding","RS-0220","Persistent Shock Tolerance Augmentation","COMMON_SPECIALIZATION","1800","localized/burst/persistent/adaptive/overdrive bodily control scope","geometry=Self / biological system;mechanism=continuous moderate reinforcement of maintain function through concussive/mechanical shock.;operational_name=Persistent Shock Tolerance Augmentation"
"binding","RS-0221","Persistent Spinal Reinforcement Augmentation","COMMON_SPECIALIZATION","1800","localized/burst/persistent/adaptive/overdrive bodily control scope","geometry=Self / biological system;mechanism=continuous moderate reinforcement of spinal structural load tolerance.;operational_name=Persistent Spinal Reinforcement Augmentation"
"binding","RS-0222","Persistent Sprint Speed Augmentation","COMMON_SPECIALIZATION","1800","localized/burst/persistent/adaptive/overdrive bodily control scope","geometry=Self / biological system;mechanism=continuous moderate reinforcement of top ground speed.;operational_name=Persistent Sprint Speed Augmentation"
"binding","RS-0223","Persistent Structural Resonance Augmentation","COMMON_SPECIALIZATION","2300","localized/burst/persistent/adaptive/overdrive bodily control scope; integrated sustain or whole-body output","geometry=Self / biological system;mechanism=continuous moderate reinforcement of whole-body reinforcement through coherent resonance.;operational_name=Persistent Structural Resonance Augmentation"
"binding","RS-0224","Persistent Sustained Run Augmentation","COMMON_SPECIALIZATION","1800","localized/burst/persistent/adaptive/overdrive bodily control scope","geometry=Self / biological system;mechanism=continuous moderate reinforcement of long-duration locomotion efficiency.;operational_name=Persistent Sustained Run Augmentation"
"binding","RS-0225","Persistent Swimming Output Augmentation","COMMON_SPECIALIZATION","1800","localized/burst/persistent/adaptive/overdrive bodily control scope","geometry=Self / biological system;mechanism=continuous moderate reinforcement of water locomotion performance.;operational_name=Persistent Swimming Output Augmentation"
"binding","RS-0226","Persistent Tendon Reinforcement Augmentation","COMMON_SPECIALIZATION","1800","localized/burst/persistent/adaptive/overdrive bodily control scope","geometry=Self / biological system;mechanism=continuous moderate reinforcement of tendon load transfer/tolerance.;operational_name=Persistent Tendon Reinforcement Augmentation"
"binding","RS-0227","Persistent Turning Authority Augmentation","COMMON_SPECIALIZATION","1800","localized/burst/persistent/adaptive/overdrive bodily control scope","geometry=Self / biological system;mechanism=continuous moderate reinforcement of maintain traction/control through high-rate turning.;operational_name=Persistent Turning Authority Augmentation"
"binding","RS-0228","Persistent Upper-Body Power Augmentation","COMMON_SPECIALIZATION","1800","localized/burst/persistent/adaptive/overdrive bodily control scope","geometry=Self / biological system;mechanism=continuous moderate reinforcement of upper-body muscular output.;operational_name=Persistent Upper-Body Power Augmentation"
"binding","RS-0229","Persistent Vestibular Control Augmentation","COMMON_SPECIALIZATION","1800","localized/burst/persistent/adaptive/overdrive bodily control scope","geometry=Self / biological system;mechanism=continuous moderate reinforcement of orientation/acceleration tolerance.;operational_name=Persistent Vestibular Control Augmentation"
"binding","RS-0230","Persistent Visual Tracking Augmentation","COMMON_SPECIALIZATION","2200","localized/burst/persistent/adaptive/overdrive bodily control scope; fine physiological/information control","geometry=Self / biological system;mechanism=continuous moderate reinforcement of moving-target visual processing.;operational_name=Persistent Visual Tracking Augmentation"
"binding","CH-0001","Counter-Resolve Beam","ADVANCED","2800","Beam delivery/control geometry","geometry=Beam;mechanism=resolve a competing topology against an incoming compatible shaping using a beam delivery geometry.;operational_name=Counter-Resolve Beam"
"binding","CH-0002","Counter-Resolve Bolt","COMMON_SPECIALIZATION","1600","Bolt delivery/control geometry","geometry=Bolt;mechanism=resolve a competing topology against an incoming compatible shaping using a bolt delivery geometry.;operational_name=Counter-Resolve Bolt"
"binding","CH-0003","Counter-Resolve Field","ADVANCED","2800","Field delivery/control geometry","geometry=Field;mechanism=resolve a competing topology against an incoming compatible shaping using a field delivery geometry.;operational_name=Counter-Resolve Field"
"binding","CH-0004","Counter-Resolve Mark","COMMON_SPECIALIZATION","1400","Mark delivery/control geometry","geometry=Mark;mechanism=resolve a competing topology against an incoming compatible shaping using a mark delivery geometry.;operational_name=Counter-Resolve Mark"
"binding","CH-0005","Counter-Resolve Pulse","COMMON_SPECIALIZATION","2300","Pulse delivery/control geometry","geometry=Pulse;mechanism=resolve a competing topology against an incoming compatible shaping using a pulse delivery geometry.;operational_name=Counter-Resolve Pulse"
"binding","CH-0006","Counter-Resolve Ring","ADVANCED","2900","Ring delivery/control geometry","geometry=Ring;mechanism=resolve a competing topology against an incoming compatible shaping using a ring delivery geometry.;operational_name=Counter-Resolve Ring"
"binding","CH-0007","Dampen Beam","ADVANCED","2800","Beam delivery/control geometry","geometry=Beam;mechanism=reduce output/amplitude of an active shaping without fully destroying it using a beam delivery geometry.;operational_name=Dampen Beam"
"binding","CH-0008","Dampen Bolt","COMMON_SPECIALIZATION","1600","Bolt delivery/control geometry","geometry=Bolt;mechanism=reduce output/amplitude of an active shaping without fully destroying it using a bolt delivery geometry.;operational_name=Dampen Bolt"
"binding","CH-0009","Dampen Field","ADVANCED","2800","Field delivery/control geometry","geometry=Field;mechanism=reduce output/amplitude of an active shaping without fully destroying it using a field delivery geometry.;operational_name=Dampen Field"
"binding","CH-0010","Dampen Mark","COMMON_SPECIALIZATION","1400","Mark delivery/control geometry","geometry=Mark;mechanism=reduce output/amplitude of an active shaping without fully destroying it using a mark delivery geometry.;operational_name=Dampen Mark"
"binding","CH-0011","Dampen Pulse","COMMON_SPECIALIZATION","2300","Pulse delivery/control geometry","geometry=Pulse;mechanism=reduce output/amplitude of an active shaping without fully destroying it using a pulse delivery geometry.;operational_name=Dampen Pulse"
"binding","CH-0012","Dampen Ring","ADVANCED","2900","Ring delivery/control geometry","geometry=Ring;mechanism=reduce output/amplitude of an active shaping without fully destroying it using a ring delivery geometry.;operational_name=Dampen Ring"
"binding","CH-0013","Deflect Beam","ADVANCED","2800","Beam delivery/control geometry","geometry=Beam;mechanism=alter the resolved path of an incoming shaping using a beam delivery geometry.;operational_name=Deflect Beam"
"binding","CH-0014","Deflect Bolt","COMMON_SPECIALIZATION","1600","Bolt delivery/control geometry","geometry=Bolt;mechanism=alter the resolved path of an incoming shaping using a bolt delivery geometry.;operational_name=Deflect Bolt"
"binding","CH-0015","Deflect Field","ADVANCED","2800","Field delivery/control geometry","geometry=Field;mechanism=alter the resolved path of an incoming shaping using a field delivery geometry.;operational_name=Deflect Field"
"binding","CH-0016","Deflect Mark","COMMON_SPECIALIZATION","1400","Mark delivery/control geometry","geometry=Mark;mechanism=alter the resolved path of an incoming shaping using a mark delivery geometry.;operational_name=Deflect Mark"
"binding","CH-0017","Deflect Pulse","COMMON_SPECIALIZATION","2300","Pulse delivery/control geometry","geometry=Pulse;mechanism=alter the resolved path of an incoming shaping using a pulse delivery geometry.;operational_name=Deflect Pulse"
"binding","CH-0018","Deflect Ring","ADVANCED","2900","Ring delivery/control geometry","geometry=Ring;mechanism=alter the resolved path of an incoming shaping using a ring delivery geometry.;operational_name=Deflect Ring"
"binding","CH-0019","Desynchronize Beam","ADVANCED","2800","Beam delivery/control geometry","geometry=Beam;mechanism=disrupt timing/phase relationship of a maintained or multicast shaping using a beam delivery geometry.;operational_name=Desynchronize Beam"
"binding","CH-0020","Desynchronize Bolt","COMMON_SPECIALIZATION","1600","Bolt delivery/control geometry","geometry=Bolt;mechanism=disrupt timing/phase relationship of a maintained or multicast shaping using a bolt delivery geometry.;operational_name=Desynchronize Bolt"
"binding","CH-0021","Desynchronize Field","ADVANCED","2800","Field delivery/control geometry","geometry=Field;mechanism=disrupt timing/phase relationship of a maintained or multicast shaping using a field delivery geometry.;operational_name=Desynchronize Field"
"binding","CH-0022","Desynchronize Mark","COMMON_SPECIALIZATION","1400","Mark delivery/control geometry","geometry=Mark;mechanism=disrupt timing/phase relationship of a maintained or multicast shaping using a mark delivery geometry.;operational_name=Desynchronize Mark"
"binding","CH-0023","Desynchronize Pulse","COMMON_SPECIALIZATION","2300","Pulse delivery/control geometry","geometry=Pulse;mechanism=disrupt timing/phase relationship of a maintained or multicast shaping using a pulse delivery geometry.;operational_name=Desynchronize Pulse"
"binding","CH-0024","Desynchronize Ring","ADVANCED","2900","Ring delivery/control geometry","geometry=Ring;mechanism=disrupt timing/phase relationship of a maintained or multicast shaping using a ring delivery geometry.;operational_name=Desynchronize Ring"
"binding","CH-0025","Interrupt Beam","ADVANCED","2800","Beam delivery/control geometry","geometry=Beam;mechanism=collapse an actively maintained shaping by injecting local instability using a beam delivery geometry.;operational_name=Interrupt Beam"
"binding","CH-0026","Interrupt Bolt","COMMON_SPECIALIZATION","1600","Bolt delivery/control geometry","geometry=Bolt;mechanism=collapse an actively maintained shaping by injecting local instability using a bolt delivery geometry.;operational_name=Interrupt Bolt"
"binding","CH-0027","Interrupt Field","ADVANCED","2800","Field delivery/control geometry","geometry=Field;mechanism=collapse an actively maintained shaping by injecting local instability using a field delivery geometry.;operational_name=Interrupt Field"
"binding","CH-0028","Interrupt Mark","COMMON_SPECIALIZATION","1400","Mark delivery/control geometry","geometry=Mark;mechanism=collapse an actively maintained shaping by injecting local instability using a mark delivery geometry.;operational_name=Interrupt Mark"
"binding","CH-0029","Interrupt Pulse","COMMON_SPECIALIZATION","2300","Pulse delivery/control geometry","geometry=Pulse;mechanism=collapse an actively maintained shaping by injecting local instability using a pulse delivery geometry.;operational_name=Interrupt Pulse"
"binding","CH-0030","Interrupt Ring","ADVANCED","2900","Ring delivery/control geometry","geometry=Ring;mechanism=collapse an actively maintained shaping by injecting local instability using a ring delivery geometry.;operational_name=Interrupt Ring"
"binding","CH-0031","Saturate Beam","ADVANCED","2800","Beam delivery/control geometry","geometry=Beam;mechanism=push a local shaping relationship toward bandwidth saturation using a beam delivery geometry.;operational_name=Saturate Beam"
"binding","CH-0032","Saturate Bolt","COMMON_SPECIALIZATION","1600","Bolt delivery/control geometry","geometry=Bolt;mechanism=push a local shaping relationship toward bandwidth saturation using a bolt delivery geometry.;operational_name=Saturate Bolt"
"binding","CH-0033","Saturate Field","ADVANCED","2800","Field delivery/control geometry","geometry=Field;mechanism=push a local shaping relationship toward bandwidth saturation using a field delivery geometry.;operational_name=Saturate Field"
"binding","CH-0034","Saturate Mark","COMMON_SPECIALIZATION","1400","Mark delivery/control geometry","geometry=Mark;mechanism=push a local shaping relationship toward bandwidth saturation using a mark delivery geometry.;operational_name=Saturate Mark"
"binding","CH-0035","Saturate Pulse","COMMON_SPECIALIZATION","2300","Pulse delivery/control geometry","geometry=Pulse;mechanism=push a local shaping relationship toward bandwidth saturation using a pulse delivery geometry.;operational_name=Saturate Pulse"
"binding","CH-0036","Saturate Ring","ADVANCED","2900","Ring delivery/control geometry","geometry=Ring;mechanism=push a local shaping relationship toward bandwidth saturation using a ring delivery geometry.;operational_name=Saturate Ring"
"binding","CH-0037","Scatter Beam","ADVANCED","2800","Beam delivery/control geometry","geometry=Beam;mechanism=reduce coherence/focus of a concentrated incoming shaping using a beam delivery geometry.;operational_name=Scatter Beam"
"binding","CH-0038","Scatter Bolt","COMMON_SPECIALIZATION","1600","Bolt delivery/control geometry","geometry=Bolt;mechanism=reduce coherence/focus of a concentrated incoming shaping using a bolt delivery geometry.;operational_name=Scatter Bolt"
"binding","CH-0039","Scatter Field","ADVANCED","2800","Field delivery/control geometry","geometry=Field;mechanism=reduce coherence/focus of a concentrated incoming shaping using a field delivery geometry.;operational_name=Scatter Field"
"binding","CH-0040","Scatter Mark","COMMON_SPECIALIZATION","1400","Mark delivery/control geometry","geometry=Mark;mechanism=reduce coherence/focus of a concentrated incoming shaping using a mark delivery geometry.;operational_name=Scatter Mark"
"binding","CH-0041","Scatter Pulse","COMMON_SPECIALIZATION","2300","Pulse delivery/control geometry","geometry=Pulse;mechanism=reduce coherence/focus of a concentrated incoming shaping using a pulse delivery geometry.;operational_name=Scatter Pulse"
"binding","CH-0042","Scatter Ring","ADVANCED","2900","Ring delivery/control geometry","geometry=Ring;mechanism=reduce coherence/focus of a concentrated incoming shaping using a ring delivery geometry.;operational_name=Scatter Ring"
"binding","CH-0043","Sever Beam","ADVANCED","2800","Beam delivery/control geometry","geometry=Beam;mechanism=break a persistent link/tether/anchor relationship using a beam delivery geometry.;operational_name=Sever Beam"
"binding","CH-0044","Sever Bolt","COMMON_SPECIALIZATION","1600","Bolt delivery/control geometry","geometry=Bolt;mechanism=break a persistent link/tether/anchor relationship using a bolt delivery geometry.;operational_name=Sever Bolt"
"binding","CH-0045","Sever Field","EXCEPTIONAL","10000","Field delivery/control geometry; exceptional area architecture dismantling","geometry=Field;mechanism=break a persistent link/tether/anchor relationship using a field delivery geometry.;operational_name=Sever Field"
"binding","CH-0046","Sever Mark","COMMON_SPECIALIZATION","1400","Mark delivery/control geometry","geometry=Mark;mechanism=break a persistent link/tether/anchor relationship using a mark delivery geometry.;operational_name=Sever Mark"
"binding","CH-0047","Sever Pulse","COMMON_SPECIALIZATION","2300","Pulse delivery/control geometry","geometry=Pulse;mechanism=break a persistent link/tether/anchor relationship using a pulse delivery geometry.;operational_name=Sever Pulse"
"binding","CH-0048","Sever Ring","ADVANCED","2900","Ring delivery/control geometry","geometry=Ring;mechanism=break a persistent link/tether/anchor relationship using a ring delivery geometry.;operational_name=Sever Ring"
"binding","CH-0049","Suppress Beam","ADVANCED","2800","Beam delivery/control geometry","geometry=Beam;mechanism=create a short region where a selected compatible shaping class is harder to resolve using a beam delivery geometry.;operational_name=Suppress Beam"
"binding","CH-0050","Suppress Bolt","COMMON_SPECIALIZATION","1600","Bolt delivery/control geometry","geometry=Bolt;mechanism=create a short region where a selected compatible shaping class is harder to resolve using a bolt delivery geometry.;operational_name=Suppress Bolt"
"binding","CH-0051","Suppress Field","ADVANCED","2800","Field delivery/control geometry","geometry=Field;mechanism=create a short region where a selected compatible shaping class is harder to resolve using a field delivery geometry.;operational_name=Suppress Field"
"binding","CH-0052","Suppress Mark","COMMON_SPECIALIZATION","1400","Mark delivery/control geometry","geometry=Mark;mechanism=create a short region where a selected compatible shaping class is harder to resolve using a mark delivery geometry.;operational_name=Suppress Mark"
"binding","CH-0053","Suppress Pulse","COMMON_SPECIALIZATION","2300","Pulse delivery/control geometry","geometry=Pulse;mechanism=create a short region where a selected compatible shaping class is harder to resolve using a pulse delivery geometry.;operational_name=Suppress Pulse"
"binding","CH-0054","Suppress Ring","ADVANCED","2900","Ring delivery/control geometry","geometry=Ring;mechanism=create a short region where a selected compatible shaping class is harder to resolve using a ring delivery geometry.;operational_name=Suppress Ring"
"binding","CH-0055","Unanchor Beam","ADVANCED","4300","Beam delivery/control geometry; compatible-architecture denial/control","geometry=Beam;mechanism=destabilize a persistent location/target anchor using a beam delivery geometry.;operational_name=Unanchor Beam"
"binding","CH-0056","Unanchor Bolt","ADVANCED","3100","Bolt delivery/control geometry; compatible-architecture denial/control","geometry=Bolt;mechanism=destabilize a persistent location/target anchor using a bolt delivery geometry.;operational_name=Unanchor Bolt"
"binding","CH-0057","Unanchor Field","ADVANCED","4300","Field delivery/control geometry; compatible-architecture denial/control","geometry=Field;mechanism=destabilize a persistent location/target anchor using a field delivery geometry.;operational_name=Unanchor Field"
"binding","CH-0058","Unanchor Mark","ADVANCED","2900","Mark delivery/control geometry; compatible-architecture denial/control","geometry=Mark;mechanism=destabilize a persistent location/target anchor using a mark delivery geometry.;operational_name=Unanchor Mark"
"binding","CH-0059","Unanchor Pulse","ADVANCED","3800","Pulse delivery/control geometry; compatible-architecture denial/control","geometry=Pulse;mechanism=destabilize a persistent location/target anchor using a pulse delivery geometry.;operational_name=Unanchor Pulse"
"binding","CH-0060","Unanchor Ring","ADVANCED","4400","Ring delivery/control geometry; compatible-architecture denial/control","geometry=Ring;mechanism=destabilize a persistent location/target anchor using a ring delivery geometry.;operational_name=Unanchor Ring"
"binding","GE-0598","Hydrogen Orb","COMMON_SPECIALIZATION","2200","Orb delivery/control geometry","geometry=Orb;mechanism=Bounded/compressed hydrogen-gas shaping. Pressure/expansion is intrinsic; combustion requires appropriate oxidizer/mixing and ignition. Pressure alone does not imply self-ignition.;operational_name=Hydrogen Orb"
"binding","GE-0599","Premixed Combustible Gas Orb","COMMON_SPECIALIZATION","2200","Orb delivery/control geometry","geometry=Orb;mechanism=Bounded prepared combustible gas mixture intended for controlled release/ignition. General prepared-gas architecture; do not proliferate Shock/Cold/Pressure/Air variants.;operational_name=Premixed Combustible Gas Orb"
