registry,id,name,pricing_class,class_preserved,old_red,new_red,new_rank_ladder
bindings/BINDINGS,PT-0001,Coherence Field,COMMON_SPECIALIZATION,True,1800,3100,"{""Red"":3100,""Orange"":4960,""Yellow"":8928,""Green"":18749,""Blue"":46873,""Violet"":140619,""White"":562476}"
bindings/BINDINGS,PT-0002,Directed Coherence,FOUNDATIONAL,True,600,1700,"{""Red"":1700,""Orange"":2720,""Yellow"":4896,""Green"":10282,""Blue"":25705,""Violet"":77115,""White"":308460}"
bindings/BINDINGS,PT-0003,Persistent Coherence,FOUNDATIONAL,True,700,1700,"{""Red"":1700,""Orange"":2720,""Yellow"":4896,""Green"":10282,""Blue"":25705,""Violet"":77115,""White"":308460}"
bindings/BINDINGS,PT-0004,Decoherence Field,ADVANCED,True,2800,5700,"{""Red"":5700,""Orange"":9120,""Yellow"":16416,""Green"":34474,""Blue"":86185,""Violet"":258555,""White"":1034220}"
bindings/BINDINGS,PT-0005,Directed Decoherence,FOUNDATIONAL,True,600,1700,"{""Red"":1700,""Orange"":2720,""Yellow"":4896,""Green"":10282,""Blue"":25705,""Violet"":77115,""White"":308460}"
bindings/BINDINGS,PT-0006,Persistent Decoherence,FOUNDATIONAL,True,700,1700,"{""Red"":1700,""Orange"":2720,""Yellow"":4896,""Green"":10282,""Blue"":25705,""Violet"":77115,""White"":308460}"
bindings/BINDINGS,DG-0001,Expanded Adjacency Bridge,ADVANCED,True,4500,5700,"{""Red"":5700,""Orange"":9120,""Yellow"":16416,""Green"":34474,""Blue"":86185,""Violet"":258555,""White"":1034220}"
bindings/BINDINGS,DG-0002,Expanded Compression Corridor,ADVANCED,True,3000,5700,"{""Red"":5700,""Orange"":9120,""Yellow"":16416,""Green"":34474,""Blue"":86185,""Violet"":258555,""White"":1034220}"
bindings/BINDINGS,DG-0003,Expanded Directional Bias,ADVANCED,True,3000,5700,"{""Red"":5700,""Orange"":9120,""Yellow"":16416,""Green"":34474,""Blue"":86185,""Violet"":258555,""White"":1034220}"
bindings/BINDINGS,DG-0004,Expanded Expansion Pocket,ADVANCED,True,4500,5700,"{""Red"":5700,""Orange"":9120,""Yellow"":16416,""Green"":34474,""Blue"":86185,""Violet"":258555,""White"":1034220}"
bindings/BINDINGS,DG-0005,Expanded Geometric Cage,ADVANCED,True,4500,5700,"{""Red"":5700,""Orange"":9120,""Yellow"":16416,""Green"":34474,""Blue"":86185,""Violet"":258555,""White"":1034220}"
bindings/BINDINGS,DG-0006,Expanded Landing Field,ADVANCED,True,3000,5700,"{""Red"":5700,""Orange"":9120,""Yellow"":16416,""Green"":34474,""Blue"":86185,""Violet"":258555,""White"":1034220}"
bindings/BINDINGS,DG-0007,Expanded Orientation Lock,ADVANCED,True,3000,5700,"{""Red"":5700,""Orange"":9120,""Yellow"":16416,""Green"":34474,""Blue"":86185,""Violet"":258555,""White"":1034220}"
bindings/BINDINGS,DG-0008,Expanded Relative Distance Bias,ADVANCED,True,3000,5700,"{""Red"":5700,""Orange"":9120,""Yellow"":16416,""Green"":34474,""Blue"":86185,""Violet"":258555,""White"":1034220}"
bindings/BINDINGS,DG-0009,Expanded Rotation Field,ADVANCED,True,3000,5700,"{""Red"":5700,""Orange"":9120,""Yellow"":16416,""Green"":34474,""Blue"":86185,""Violet"":258555,""White"":1034220}"
bindings/BINDINGS,DG-0010,Expanded Spatial Anchor,ADVANCED,True,3000,5700,"{""Red"":5700,""Orange"":9120,""Yellow"":16416,""Green"":34474,""Blue"":86185,""Violet"":258555,""White"":1034220}"
bindings/BINDINGS,DG-0011,Expanded Spatial Exclusion,ADVANCED,True,3000,5700,"{""Red"":5700,""Orange"":9120,""Yellow"":16416,""Green"":34474,""Blue"":86185,""Violet"":258555,""White"":1034220}"
bindings/BINDINGS,DG-0012,Expanded Spatial Shear,ADVANCED,True,4500,5700,"{""Red"":5700,""Orange"":9120,""Yellow"":16416,""Green"":34474,""Blue"":86185,""Violet"":258555,""White"":1034220}"
bindings/BINDINGS,DG-0013,Expanded Spatial Step,ADVANCED,True,3000,5700,"{""Red"":5700,""Orange"":9120,""Yellow"":16416,""Green"":34474,""Blue"":86185,""Violet"":258555,""White"":1034220}"
bindings/BINDINGS,DG-0014,Expanded Trajectory Bias,ADVANCED,True,3000,5700,"{""Red"":5700,""Orange"":9120,""Yellow"":16416,""Green"":34474,""Blue"":86185,""Violet"":258555,""White"":1034220}"
bindings/BINDINGS,DG-0015,Expanded Vector Redirect,ADVANCED,True,3000,5700,"{""Red"":5700,""Orange"":9120,""Yellow"":16416,""Green"":34474,""Blue"":86185,""Violet"":258555,""White"":1034220}"
bindings/BINDINGS,DG-0016,Focused Adjacency Bridge,ADVANCED,True,3300,5700,"{""Red"":5700,""Orange"":9120,""Yellow"":16416,""Green"":34474,""Blue"":86185,""Violet"":258555,""White"":1034220}"
bindings/BINDINGS,DG-0017,Focused Compression Corridor,COMMON_SPECIALIZATION,True,1800,3100,"{""Red"":3100,""Orange"":4960,""Yellow"":8928,""Green"":18749,""Blue"":46873,""Violet"":140619,""White"":562476}"
bindings/BINDINGS,DG-0018,Focused Directional Bias,COMMON_SPECIALIZATION,True,1800,3100,"{""Red"":3100,""Orange"":4960,""Yellow"":8928,""Green"":18749,""Blue"":46873,""Violet"":140619,""White"":562476}"
bindings/BINDINGS,DG-0019,Focused Expansion Pocket,ADVANCED,True,3300,5700,"{""Red"":5700,""Orange"":9120,""Yellow"":16416,""Green"":34474,""Blue"":86185,""Violet"":258555,""White"":1034220}"
bindings/BINDINGS,DG-0020,Focused Geometric Cage,ADVANCED,True,3300,5700,"{""Red"":5700,""Orange"":9120,""Yellow"":16416,""Green"":34474,""Blue"":86185,""Violet"":258555,""White"":1034220}"
bindings/BINDINGS,DG-0021,Focused Landing Field,COMMON_SPECIALIZATION,True,1800,3100,"{""Red"":3100,""Orange"":4960,""Yellow"":8928,""Green"":18749,""Blue"":46873,""Violet"":140619,""White"":562476}"
bindings/BINDINGS,DG-0022,Focused Orientation Lock,COMMON_SPECIALIZATION,True,1800,3100,"{""Red"":3100,""Orange"":4960,""Yellow"":8928,""Green"":18749,""Blue"":46873,""Violet"":140619,""White"":562476}"
bindings/BINDINGS,DG-0023,Focused Relative Distance Bias,COMMON_SPECIALIZATION,True,1800,3100,"{""Red"":3100,""Orange"":4960,""Yellow"":8928,""Green"":18749,""Blue"":46873,""Violet"":140619,""White"":562476}"
bindings/BINDINGS,DG-0024,Focused Rotation Field,COMMON_SPECIALIZATION,True,1800,3100,"{""Red"":3100,""Orange"":4960,""Yellow"":8928,""Green"":18749,""Blue"":46873,""Violet"":140619,""White"":562476}"
bindings/BINDINGS,DG-0025,Focused Spatial Anchor,COMMON_SPECIALIZATION,True,1800,3100,"{""Red"":3100,""Orange"":4960,""Yellow"":8928,""Green"":18749,""Blue"":46873,""Violet"":140619,""White"":562476}"
bindings/BINDINGS,DG-0026,Focused Spatial Exclusion,COMMON_SPECIALIZATION,True,1800,3100,"{""Red"":3100,""Orange"":4960,""Yellow"":8928,""Green"":18749,""Blue"":46873,""Violet"":140619,""White"":562476}"
bindings/BINDINGS,DG-0027,Focused Spatial Shear,ADVANCED,True,3300,5700,"{""Red"":5700,""Orange"":9120,""Yellow"":16416,""Green"":34474,""Blue"":86185,""Violet"":258555,""White"":1034220}"
bindings/BINDINGS,DG-0028,Focused Spatial Step,COMMON_SPECIALIZATION,True,1800,3100,"{""Red"":3100,""Orange"":4960,""Yellow"":8928,""Green"":18749,""Blue"":46873,""Violet"":140619,""White"":562476}"
bindings/BINDINGS,DG-0029,Focused Trajectory Bias,COMMON_SPECIALIZATION,True,1800,3100,"{""Red"":3100,""Orange"":4960,""Yellow"":8928,""Green"":18749,""Blue"":46873,""Violet"":140619,""White"":562476}"
bindings/BINDINGS,DG-0030,Focused Vector Redirect,COMMON_SPECIALIZATION,True,1800,3100,"{""Red"":3100,""Orange"":4960,""Yellow"":8928,""Green"":18749,""Blue"":46873,""Violet"":140619,""White"":562476}"
bindings/BINDINGS,DG-0031,Continuous Spatial Resolution (CSR),POWERFUL,True,7500,11000,"{""Red"":11000,""Orange"":17600,""Yellow"":31680,""Green"":66528,""Blue"":166320,""Violet"":498960,""White"":1995840}"
bindings/BINDINGS,GF-0001,Expanded Anchor Map,COMMON_SPECIALIZATION,True,1800,3100,"{""Red"":3100,""Orange"":4960,""Yellow"":8928,""Green"":18749,""Blue"":46873,""Violet"":140619,""White"":562476}"
bindings/BINDINGS,GF-0002,Expanded Bandwidth Read,COMMON_SPECIALIZATION,True,1800,3100,"{""Red"":3100,""Orange"":4960,""Yellow"":8928,""Green"":18749,""Blue"":46873,""Violet"":140619,""White"":562476}"
bindings/BINDINGS,GF-0003,Expanded Basin Load Read,COMMON_SPECIALIZATION,True,1800,3100,"{""Red"":3100,""Orange"":4960,""Yellow"":8928,""Green"":18749,""Blue"":46873,""Violet"":140619,""White"":562476}"
bindings/BINDINGS,GF-0004,Expanded Binding Read,COMMON_SPECIALIZATION,True,2300,3100,"{""Red"":3100,""Orange"":4960,""Yellow"":8928,""Green"":18749,""Blue"":46873,""Violet"":140619,""White"":562476}"
bindings/BINDINGS,GF-0005,Expanded Coherence Diagnostic,COMMON_SPECIALIZATION,True,1800,3100,"{""Red"":3100,""Orange"":4960,""Yellow"":8928,""Green"":18749,""Blue"":46873,""Violet"":140619,""White"":562476}"
bindings/BINDINGS,GF-0006,Expanded Egress Map,COMMON_SPECIALIZATION,True,1800,3100,"{""Red"":3100,""Orange"":4960,""Yellow"":8928,""Green"":18749,""Blue"":46873,""Violet"":140619,""White"":562476}"
bindings/BINDINGS,GF-0007,Expanded Event Residue Read,COMMON_SPECIALIZATION,True,1800,3100,"{""Red"":3100,""Orange"":4960,""Yellow"":8928,""Green"":18749,""Blue"":46873,""Violet"":140619,""White"":562476}"
bindings/BINDINGS,GF-0008,Expanded Field Gradient Sense,COMMON_SPECIALIZATION,True,1800,3100,"{""Red"":3100,""Orange"":4960,""Yellow"":8928,""Green"":18749,""Blue"":46873,""Violet"":140619,""White"":562476}"
bindings/BINDINGS,GF-0009,Expanded Field Occlusion Read,COMMON_SPECIALIZATION,True,1800,3100,"{""Red"":3100,""Orange"":4960,""Yellow"":8928,""Green"":18749,""Blue"":46873,""Violet"":140619,""White"":562476}"
bindings/BINDINGS,GF-0010,Expanded Formation Map,COMMON_SPECIALIZATION,True,1800,3100,"{""Red"":3100,""Orange"":4960,""Yellow"":8928,""Green"":18749,""Blue"":46873,""Violet"":140619,""White"":562476}"
bindings/BINDINGS,GF-0011,Expanded Genesis Sight,COMMON_SPECIALIZATION,True,1800,3100,"{""Red"":3100,""Orange"":4960,""Yellow"":8928,""Green"":18749,""Blue"":46873,""Violet"":140619,""White"":562476}"
bindings/BINDINGS,GF-0012,Expanded Hazard Resolve,COMMON_SPECIALIZATION,True,1800,3100,"{""Red"":3100,""Orange"":4960,""Yellow"":8928,""Green"":18749,""Blue"":46873,""Violet"":140619,""White"":562476}"
bindings/BINDINGS,GF-0013,Expanded Identity Signature,COMMON_SPECIALIZATION,True,2300,3100,"{""Red"":3100,""Orange"":4960,""Yellow"":8928,""Green"":18749,""Blue"":46873,""Violet"":140619,""White"":562476}"
bindings/BINDINGS,GF-0014,Expanded Ingress Map,COMMON_SPECIALIZATION,True,1800,3100,"{""Red"":3100,""Orange"":4960,""Yellow"":8928,""Green"":18749,""Blue"":46873,""Violet"":140619,""White"":562476}"
bindings/BINDINGS,GF-0015,Expanded Motion Forecast,COMMON_SPECIALIZATION,True,2300,3100,"{""Red"":3100,""Orange"":4960,""Yellow"":8928,""Green"":18749,""Blue"":46873,""Violet"":140619,""White"":562476}"
bindings/BINDINGS,GF-0016,Expanded Range Map,COMMON_SPECIALIZATION,True,1800,3100,"{""Red"":3100,""Orange"":4960,""Yellow"":8928,""Green"":18749,""Blue"":46873,""Violet"":140619,""White"":562476}"
bindings/BINDINGS,GF-0017,Expanded Structural Weakness Read,COMMON_SPECIALIZATION,True,1800,3100,"{""Red"":3100,""Orange"":4960,""Yellow"":8928,""Green"":18749,""Blue"":46873,""Violet"":140619,""White"":562476}"
bindings/BINDINGS,GF-0018,Expanded Intercept Resolve,COMMON_SPECIALIZATION,True,1800,3100,"{""Red"":3100,""Orange"":4960,""Yellow"":8928,""Green"":18749,""Blue"":46873,""Violet"":140619,""White"":562476}"
bindings/BINDINGS,GF-0019,Expanded Transduction Trace,COMMON_SPECIALIZATION,True,1800,3100,"{""Red"":3100,""Orange"":4960,""Yellow"":8928,""Green"":18749,""Blue"":46873,""Violet"":140619,""White"":562476}"
bindings/BINDINGS,GF-0020,Expanded Velis Survey,COMMON_SPECIALIZATION,True,2300,3100,"{""Red"":3100,""Orange"":4960,""Yellow"":8928,""Green"":18749,""Blue"":46873,""Violet"":140619,""White"":562476}"
bindings/BINDINGS,GF-0021,Focused Anchor Map,FOUNDATIONAL,True,800,1700,"{""Red"":1700,""Orange"":2720,""Yellow"":4896,""Green"":10282,""Blue"":25705,""Violet"":77115,""White"":308460}"
bindings/BINDINGS,GF-0022,Focused Bandwidth Read,FOUNDATIONAL,True,800,1700,"{""Red"":1700,""Orange"":2720,""Yellow"":4896,""Green"":10282,""Blue"":25705,""Violet"":77115,""White"":308460}"
bindings/BINDINGS,GF-0023,Focused Basin Load Read,FOUNDATIONAL,True,800,1700,"{""Red"":1700,""Orange"":2720,""Yellow"":4896,""Green"":10282,""Blue"":25705,""Violet"":77115,""White"":308460}"
bindings/BINDINGS,GF-0024,Focused Binding Read,COMMON_SPECIALIZATION,True,1300,3100,"{""Red"":3100,""Orange"":4960,""Yellow"":8928,""Green"":18749,""Blue"":46873,""Violet"":140619,""White"":562476}"
bindings/BINDINGS,GF-0025,Focused Coherence Diagnostic,FOUNDATIONAL,True,800,1700,"{""Red"":1700,""Orange"":2720,""Yellow"":4896,""Green"":10282,""Blue"":25705,""Violet"":77115,""White"":308460}"
bindings/BINDINGS,GF-0026,Focused Egress Map,FOUNDATIONAL,True,800,1700,"{""Red"":1700,""Orange"":2720,""Yellow"":4896,""Green"":10282,""Blue"":25705,""Violet"":77115,""White"":308460}"
bindings/BINDINGS,GF-0027,Focused Event Residue Read,FOUNDATIONAL,True,800,1700,"{""Red"":1700,""Orange"":2720,""Yellow"":4896,""Green"":10282,""Blue"":25705,""Violet"":77115,""White"":308460}"
bindings/BINDINGS,GF-0028,Focused Field Gradient Sense,FOUNDATIONAL,True,800,1700,"{""Red"":1700,""Orange"":2720,""Yellow"":4896,""Green"":10282,""Blue"":25705,""Violet"":77115,""White"":308460}"
bindings/BINDINGS,GF-0029,Focused Field Occlusion Read,FOUNDATIONAL,True,800,1700,"{""Red"":1700,""Orange"":2720,""Yellow"":4896,""Green"":10282,""Blue"":25705,""Violet"":77115,""White"":308460}"
bindings/BINDINGS,GF-0030,Focused Formation Map,FOUNDATIONAL,True,800,1700,"{""Red"":1700,""Orange"":2720,""Yellow"":4896,""Green"":10282,""Blue"":25705,""Violet"":77115,""White"":308460}"
bindings/BINDINGS,GF-0031,Focused Genesis Sight,FOUNDATIONAL,True,800,1700,"{""Red"":1700,""Orange"":2720,""Yellow"":4896,""Green"":10282,""Blue"":25705,""Violet"":77115,""White"":308460}"
bindings/BINDINGS,GF-0032,Focused Hazard Resolve,FOUNDATIONAL,True,800,1700,"{""Red"":1700,""Orange"":2720,""Yellow"":4896,""Green"":10282,""Blue"":25705,""Violet"":77115,""White"":308460}"
bindings/BINDINGS,GF-0033,Focused Identity Signature,COMMON_SPECIALIZATION,True,1300,3100,"{""Red"":3100,""Orange"":4960,""Yellow"":8928,""Green"":18749,""Blue"":46873,""Violet"":140619,""White"":562476}"
bindings/BINDINGS,GF-0034,Focused Ingress Map,FOUNDATIONAL,True,800,1700,"{""Red"":1700,""Orange"":2720,""Yellow"":4896,""Green"":10282,""Blue"":25705,""Violet"":77115,""White"":308460}"
bindings/BINDINGS,GF-0035,Focused Motion Forecast,COMMON_SPECIALIZATION,True,1300,3100,"{""Red"":3100,""Orange"":4960,""Yellow"":8928,""Green"":18749,""Blue"":46873,""Violet"":140619,""White"":562476}"
bindings/BINDINGS,GF-0036,Focused Range Map,FOUNDATIONAL,True,800,1700,"{""Red"":1700,""Orange"":2720,""Yellow"":4896,""Green"":10282,""Blue"":25705,""Violet"":77115,""White"":308460}"
bindings/BINDINGS,GF-0037,Focused Structural Weakness Read,FOUNDATIONAL,True,800,1700,"{""Red"":1700,""Orange"":2720,""Yellow"":4896,""Green"":10282,""Blue"":25705,""Violet"":77115,""White"":308460}"
bindings/BINDINGS,GF-0038,Focused Intercept Resolve,FOUNDATIONAL,True,800,1700,"{""Red"":1700,""Orange"":2720,""Yellow"":4896,""Green"":10282,""Blue"":25705,""Violet"":77115,""White"":308460}"
bindings/BINDINGS,GF-0039,Focused Transduction Trace,FOUNDATIONAL,True,800,1700,"{""Red"":1700,""Orange"":2720,""Yellow"":4896,""Green"":10282,""Blue"":25705,""Violet"":77115,""White"":308460}"
bindings/BINDINGS,GF-0040,Focused Velis Survey,COMMON_SPECIALIZATION,True,1300,3100,"{""Red"":3100,""Orange"":4960,""Yellow"":8928,""Green"":18749,""Blue"":46873,""Violet"":140619,""White"":562476}"
bindings/BINDINGS,GF-0041,Basin Shedding,FOUNDATIONAL,True,900,1700,"{""Red"":1700,""Orange"":2720,""Yellow"":4896,""Green"":10282,""Blue"":25705,""Violet"":77115,""White"":308460}"
bindings/BINDINGS,GF-0042,Burst Manifest,POWERFUL,True,5200,11000,"{""Red"":11000,""Orange"":17600,""Yellow"":31680,""Green"":66528,""Blue"":166320,""Violet"":498960,""White"":1995840}"
bindings/BINDINGS,GF-0043,Command Relay,ADVANCED,True,2600,5700,"{""Red"":5700,""Orange"":9120,""Yellow"":16416,""Green"":34474,""Blue"":86185,""Violet"":258555,""White"":1034220}"
bindings/BINDINGS,GF-0044,Conditional Command,COMMON_SPECIALIZATION,True,1700,3100,"{""Red"":3100,""Orange"":4960,""Yellow"":8928,""Green"":18749,""Blue"":46873,""Violet"":140619,""White"":562476}"
bindings/BINDINGS,GF-0045,Deep Manifest,POWERFUL,True,5200,11000,"{""Red"":11000,""Orange"":17600,""Yellow"":31680,""Green"":66528,""Blue"":166320,""Violet"":498960,""White"":1995840}"
bindings/BINDINGS,GF-0046,Dismiss,FOUNDATIONAL,True,900,1700,"{""Red"":1700,""Orange"":2720,""Yellow"":4896,""Green"":10282,""Blue"":25705,""Violet"":77115,""White"":308460}"
bindings/BINDINGS,GF-0047,Emergency Collapse,FOUNDATIONAL,True,900,1700,"{""Red"":1700,""Orange"":2720,""Yellow"":4896,""Green"":10282,""Blue"":25705,""Violet"":77115,""White"":308460}"
bindings/BINDINGS,GF-0048,Escort Command,FOUNDATIONAL,True,900,1700,"{""Red"":1700,""Orange"":2720,""Yellow"":4896,""Green"":10282,""Blue"":25705,""Violet"":77115,""White"":308460}"
bindings/BINDINGS,GF-0049,Extraction Carry,FOUNDATIONAL,True,900,1700,"{""Red"":1700,""Orange"":2720,""Yellow"":4896,""Green"":10282,""Blue"":25705,""Violet"":77115,""White"":308460}"
bindings/BINDINGS,GF-0050,Formation Link,ADVANCED,True,2600,5700,"{""Red"":5700,""Orange"":9120,""Yellow"":16416,""Green"":34474,""Blue"":86185,""Violet"":258555,""White"":1034220}"
bindings/BINDINGS,GF-0051,Guard Command,FOUNDATIONAL,True,900,1700,"{""Red"":1700,""Orange"":2720,""Yellow"":4896,""Green"":10282,""Blue"":25705,""Violet"":77115,""White"":308460}"
bindings/BINDINGS,GF-0052,Harrier Command,FOUNDATIONAL,True,900,1700,"{""Red"":1700,""Orange"":2720,""Yellow"":4896,""Green"":10282,""Blue"":25705,""Violet"":77115,""White"":308460}"
bindings/BINDINGS,GF-0053,Hold Position,FOUNDATIONAL,True,900,1700,"{""Red"":1700,""Orange"":2720,""Yellow"":4896,""Green"":10282,""Blue"":25705,""Violet"":77115,""White"":308460}"
bindings/BINDINGS,GF-0054,Hunt Command,FOUNDATIONAL,True,900,1700,"{""Red"":1700,""Orange"":2720,""Yellow"":4896,""Green"":10282,""Blue"":25705,""Violet"":77115,""White"":308460}"
bindings/BINDINGS,GF-0055,Intercept Command,COMMON_SPECIALIZATION,True,1700,3100,"{""Red"":3100,""Orange"":4960,""Yellow"":8928,""Green"":18749,""Blue"":46873,""Violet"":140619,""White"":562476}"
bindings/BINDINGS,GF-0056,Leash Boundary,FOUNDATIONAL,True,900,1700,"{""Red"":1700,""Orange"":2720,""Yellow"":4896,""Green"":10282,""Blue"":25705,""Violet"":77115,""White"":308460}"
bindings/BINDINGS,GF-0057,Light Manifest,FOUNDATIONAL,True,900,1700,"{""Red"":1700,""Orange"":2720,""Yellow"":4896,""Green"":10282,""Blue"":25705,""Violet"":77115,""White"":308460}"
bindings/BINDINGS,GF-0058,Linked Sustain,ADVANCED,True,2600,5700,"{""Red"":5700,""Orange"":9120,""Yellow"":16416,""Green"":34474,""Blue"":86185,""Violet"":258555,""White"":1034220}"
bindings/BINDINGS,GF-0059,Manifestation Audit,FOUNDATIONAL,True,900,1700,"{""Red"":1700,""Orange"":2720,""Yellow"":4896,""Green"":10282,""Blue"":25705,""Violet"":77115,""White"":308460}"
bindings/BINDINGS,GF-0060,Pack Link,ADVANCED,True,2600,5700,"{""Red"":5700,""Orange"":9120,""Yellow"":16416,""Green"":34474,""Blue"":86185,""Violet"":258555,""White"":1034220}"
bindings/BINDINGS,GF-0061,Parallel Focus,ADVANCED,True,2600,5700,"{""Red"":5700,""Orange"":9120,""Yellow"":16416,""Green"":34474,""Blue"":86185,""Violet"":258555,""White"":1034220}"
bindings/BINDINGS,GF-0062,Patrol Loop,FOUNDATIONAL,True,900,1700,"{""Red"":1700,""Orange"":2720,""Yellow"":4896,""Green"":10282,""Blue"":25705,""Violet"":77115,""White"":308460}"
bindings/BINDINGS,GF-0063,Persistence Anchor,FOUNDATIONAL,True,900,1700,"{""Red"":1700,""Orange"":2720,""Yellow"":4896,""Green"":10282,""Blue"":25705,""Violet"":77115,""White"":308460}"
bindings/BINDINGS,GF-0064,Priority Stack,COMMON_SPECIALIZATION,True,1700,3100,"{""Red"":3100,""Orange"":4960,""Yellow"":8928,""Green"":18749,""Blue"":46873,""Violet"":140619,""White"":562476}"
bindings/BINDINGS,GF-0065,Range Anchor,FOUNDATIONAL,True,900,1700,"{""Red"":1700,""Orange"":2720,""Yellow"":4896,""Green"":10282,""Blue"":25705,""Violet"":77115,""White"":308460}"
bindings/BINDINGS,GF-0066,Recall,FOUNDATIONAL,True,900,1700,"{""Red"":1700,""Orange"":2720,""Yellow"":4896,""Green"":10282,""Blue"":25705,""Violet"":77115,""White"":308460}"
bindings/BINDINGS,GF-0067,Reconstitute,POWERFUL,True,5200,11000,"{""Red"":11000,""Orange"":17600,""Yellow"":31680,""Green"":66528,""Blue"":166320,""Violet"":498960,""White"":1995840}"
bindings/BINDINGS,GF-0068,Remote Manifest,POWERFUL,True,5200,11000,"{""Red"":11000,""Orange"":17600,""Yellow"":31680,""Green"":66528,""Blue"":166320,""Violet"":498960,""White"":1995840}"
bindings/BINDINGS,GF-0069,Reserve Feed,FOUNDATIONAL,True,900,1700,"{""Red"":1700,""Orange"":2720,""Yellow"":4896,""Green"":10282,""Blue"":25705,""Violet"":77115,""White"":308460}"
bindings/BINDINGS,GF-0070,Return Route,COMMON_SPECIALIZATION,True,1700,3100,"{""Red"":3100,""Orange"":4960,""Yellow"":8928,""Green"":18749,""Blue"":46873,""Violet"":140619,""White"":562476}"
bindings/BINDINGS,GF-0071,Return on Fatigue,COMMON_SPECIALIZATION,True,1700,3100,"{""Red"":3100,""Orange"":4960,""Yellow"":8928,""Green"":18749,""Blue"":46873,""Violet"":140619,""White"":562476}"
bindings/BINDINGS,GF-0072,Sacrificial Guard,FOUNDATIONAL,True,900,1700,"{""Red"":1700,""Orange"":2720,""Yellow"":4896,""Green"":10282,""Blue"":25705,""Violet"":77115,""White"":308460}"
bindings/BINDINGS,GF-0073,Safe Dismissal,FOUNDATIONAL,True,900,1700,"{""Red"":1700,""Orange"":2720,""Yellow"":4896,""Green"":10282,""Blue"":25705,""Violet"":77115,""White"":308460}"
bindings/BINDINGS,GF-0074,Scout Relay,COMMON_SPECIALIZATION,True,1700,3100,"{""Red"":3100,""Orange"":4960,""Yellow"":8928,""Green"":18749,""Blue"":46873,""Violet"":140619,""White"":562476}"
bindings/BINDINGS,GF-0075,Search Command,COMMON_SPECIALIZATION,True,1700,3100,"{""Red"":3100,""Orange"":4960,""Yellow"":8928,""Green"":18749,""Blue"":46873,""Violet"":140619,""White"":562476}"
bindings/BINDINGS,GF-0076,Shared Hearing,FOUNDATIONAL,True,900,1700,"{""Red"":1700,""Orange"":2720,""Yellow"":4896,""Green"":10282,""Blue"":25705,""Violet"":77115,""White"":308460}"
bindings/BINDINGS,GF-0077,Shared Sight,FOUNDATIONAL,True,900,1700,"{""Red"":1700,""Orange"":2720,""Yellow"":4896,""Green"":10282,""Blue"":25705,""Violet"":77115,""White"":308460}"
bindings/BINDINGS,GF-0078,Silent Command,FOUNDATIONAL,True,900,1700,"{""Red"":1700,""Orange"":2720,""Yellow"":4896,""Green"":10282,""Blue"":25705,""Violet"":77115,""White"":308460}"
bindings/BINDINGS,GF-0079,Slow Manifest,FOUNDATIONAL,True,900,1700,"{""Red"":1700,""Orange"":2720,""Yellow"":4896,""Green"":10282,""Blue"":25705,""Violet"":77115,""White"":308460}"
bindings/BINDINGS,GF-0080,Split Focus,ADVANCED,True,2600,5700,"{""Red"":5700,""Orange"":9120,""Yellow"":16416,""Green"":34474,""Blue"":86185,""Violet"":258555,""White"":1034220}"
bindings/BINDINGS,GF-0081,Summon Amplify,FOUNDATIONAL,True,900,1700,"{""Red"":1700,""Orange"":2720,""Yellow"":4896,""Green"":10282,""Blue"":25705,""Violet"":77115,""White"":308460}"
bindings/BINDINGS,GF-0082,Summon Barrier,FOUNDATIONAL,True,900,1700,"{""Red"":1700,""Orange"":2720,""Yellow"":4896,""Green"":10282,""Blue"":25705,""Violet"":77115,""White"":308460}"
bindings/BINDINGS,GF-0083,Summon Coherence,FOUNDATIONAL,True,900,1700,"{""Red"":1700,""Orange"":2720,""Yellow"":4896,""Green"":10282,""Blue"":25705,""Violet"":77115,""White"":308460}"
bindings/BINDINGS,GF-0084,Summon Dampen,FOUNDATIONAL,True,900,1700,"{""Red"":1700,""Orange"":2720,""Yellow"":4896,""Green"":10282,""Blue"":25705,""Violet"":77115,""White"":308460}"
bindings/BINDINGS,GF-0085,Summon Handoff,ADVANCED,True,2600,5700,"{""Red"":5700,""Orange"":9120,""Yellow"":16416,""Green"":34474,""Blue"":86185,""Violet"":258555,""White"":1034220}"
bindings/BINDINGS,GF-0086,Summon Mark,FOUNDATIONAL,True,900,1700,"{""Red"":1700,""Orange"":2720,""Yellow"":4896,""Green"":10282,""Blue"":25705,""Violet"":77115,""White"":308460}"
bindings/BINDINGS,GF-0087,Target Share,FOUNDATIONAL,True,900,1700,"{""Red"":1700,""Orange"":2720,""Yellow"":4896,""Green"":10282,""Blue"":25705,""Violet"":77115,""White"":308460}"
bindings/BINDINGS,GF-0088,Shared Intercept Resolve,COMMON_SPECIALIZATION,True,1700,3100,"{""Red"":3100,""Orange"":4960,""Yellow"":8928,""Green"":18749,""Blue"":46873,""Violet"":140619,""White"":562476}"
bindings/BINDINGS,GF-0089,Track Command,FOUNDATIONAL,True,900,1700,"{""Red"":1700,""Orange"":2720,""Yellow"":4896,""Green"":10282,""Blue"":25705,""Violet"":77115,""White"":308460}"
bindings/BINDINGS,GF-0090,Waypoint Lattice,ADVANCED,True,2600,5700,"{""Red"":5700,""Orange"":9120,""Yellow"":16416,""Green"":34474,""Blue"":86185,""Violet"":258555,""White"":1034220}"
bindings/BINDINGS,GE-0001,Forking Acoustic Arc,COMMON_SPECIALIZATION,True,1700,3100,"{""Red"":3100,""Orange"":4960,""Yellow"":8928,""Green"":18749,""Blue"":46873,""Violet"":140619,""White"":562476}"
bindings/BINDINGS,GE-0002,Single Acoustic Arc,COMMON_SPECIALIZATION,True,1700,3100,"{""Red"":3100,""Orange"":4960,""Yellow"":8928,""Green"":18749,""Blue"":46873,""Violet"":140619,""White"":562476}"
bindings/BINDINGS,GE-0003,Burst Acoustic Beam,ADVANCED,True,2800,5700,"{""Red"":5700,""Orange"":9120,""Yellow"":16416,""Green"":34474,""Blue"":86185,""Violet"":258555,""White"":1034220}"
bindings/BINDINGS,GE-0004,Channeled Acoustic Beam,ADVANCED,True,3500,5700,"{""Red"":5700,""Orange"":9120,""Yellow"":16416,""Green"":34474,""Blue"":86185,""Violet"":258555,""White"":1034220}"
bindings/BINDINGS,GE-0005,Implosive Acoustic Burst,COMMON_SPECIALIZATION,True,2000,3100,"{""Red"":3100,""Orange"":4960,""Yellow"":8928,""Green"":18749,""Blue"":46873,""Violet"":140619,""White"":562476}"
bindings/BINDINGS,GE-0006,Outward Acoustic Burst,COMMON_SPECIALIZATION,True,2000,3100,"{""Red"":3100,""Orange"":4960,""Yellow"":8928,""Green"":18749,""Blue"":46873,""Violet"":140619,""White"":562476}"
bindings/BINDINGS,GE-0007,Mobile Acoustic Field,ADVANCED,True,3500,5700,"{""Red"":5700,""Orange"":9120,""Yellow"":16416,""Green"":34474,""Blue"":86185,""Violet"":258555,""White"":1034220}"
bindings/BINDINGS,GE-0008,Static Acoustic Field,ADVANCED,True,2800,5700,"{""Red"":5700,""Orange"":9120,""Yellow"":16416,""Green"":34474,""Blue"":86185,""Violet"":258555,""White"":1034220}"
bindings/BINDINGS,GE-0009,Focused Acoustic Jet,COMMON_SPECIALIZATION,True,1600,3100,"{""Red"":3100,""Orange"":4960,""Yellow"":8928,""Green"":18749,""Blue"":46873,""Violet"":140619,""White"":562476}"
bindings/BINDINGS,GE-0010,Sweeping Acoustic Jet,COMMON_SPECIALIZATION,True,2400,3100,"{""Red"":3100,""Orange"":4960,""Yellow"":8928,""Green"":18749,""Blue"":46873,""Violet"":140619,""White"":562476}"
bindings/BINDINGS,GE-0011,Piercing Acoustic Lance,COMMON_SPECIALIZATION,True,2100,3100,"{""Red"":3100,""Orange"":4960,""Yellow"":8928,""Green"":18749,""Blue"":46873,""Violet"":140619,""White"":562476}"
bindings/BINDINGS,GE-0012,Staged Acoustic Lance,COMMON_SPECIALIZATION,True,2100,3100,"{""Red"":3100,""Orange"":4960,""Yellow"":8928,""Green"":18749,""Blue"":46873,""Violet"":140619,""White"":562476}"
bindings/BINDINGS,GE-0013,Controlled Acoustic Orb,ADVANCED,True,2900,5700,"{""Red"":5700,""Orange"":9120,""Yellow"":16416,""Green"":34474,""Blue"":86185,""Violet"":258555,""White"":1034220}"
bindings/BINDINGS,GE-0014,Detonating Acoustic Orb,COMMON_SPECIALIZATION,True,2200,3100,"{""Red"":3100,""Orange"":4960,""Yellow"":8928,""Green"":18749,""Blue"":46873,""Violet"":140619,""White"":562476}"
bindings/BINDINGS,GE-0015,Overcharged Acoustic Projectile,COMMON_SPECIALIZATION,True,1100,3100,"{""Red"":3100,""Orange"":4960,""Yellow"":8928,""Green"":18749,""Blue"":46873,""Violet"":140619,""White"":562476}"
bindings/BINDINGS,GE-0016,Released Acoustic Projectile,COMMON_SPECIALIZATION,True,1100,3100,"{""Red"":3100,""Orange"":4960,""Yellow"":8928,""Green"":18749,""Blue"":46873,""Violet"":140619,""White"":562476}"
bindings/BINDINGS,GE-0017,Contracting Acoustic Ring,ADVANCED,True,2900,5700,"{""Red"":5700,""Orange"":9120,""Yellow"":16416,""Green"":34474,""Blue"":86185,""Violet"":258555,""White"":1034220}"
bindings/BINDINGS,GE-0018,Expanding Acoustic Ring,ADVANCED,True,2900,5700,"{""Red"":5700,""Orange"":9120,""Yellow"":16416,""Green"":34474,""Blue"":86185,""Violet"":258555,""White"":1034220}"
bindings/BINDINGS,GE-0019,Repeating Acoustic Wave,ADVANCED,True,2700,5700,"{""Red"":5700,""Orange"":9120,""Yellow"":16416,""Green"":34474,""Blue"":86185,""Violet"":258555,""White"":1034220}"
bindings/BINDINGS,GE-0020,Single-Front Acoustic Wave,ADVANCED,True,2700,5700,"{""Red"":5700,""Orange"":9120,""Yellow"":16416,""Green"":34474,""Blue"":86185,""Violet"":258555,""White"":1034220}"
bindings/BINDINGS,GE-0021,Forking Atmospheric Arc,COMMON_SPECIALIZATION,True,1700,3100,"{""Red"":3100,""Orange"":4960,""Yellow"":8928,""Green"":18749,""Blue"":46873,""Violet"":140619,""White"":562476}"
bindings/BINDINGS,GE-0022,Single Atmospheric Arc,COMMON_SPECIALIZATION,True,1700,3100,"{""Red"":3100,""Orange"":4960,""Yellow"":8928,""Green"":18749,""Blue"":46873,""Violet"":140619,""White"":562476}"
bindings/BINDINGS,GE-0023,Burst Atmospheric Beam,ADVANCED,True,2800,5700,"{""Red"":5700,""Orange"":9120,""Yellow"":16416,""Green"":34474,""Blue"":86185,""Violet"":258555,""White"":1034220}"
bindings/BINDINGS,GE-0024,Channeled Atmospheric Beam,ADVANCED,True,3500,5700,"{""Red"":5700,""Orange"":9120,""Yellow"":16416,""Green"":34474,""Blue"":86185,""Violet"":258555,""White"":1034220}"
bindings/BINDINGS,GE-0025,Implosive Atmospheric Burst,COMMON_SPECIALIZATION,True,2000,3100,"{""Red"":3100,""Orange"":4960,""Yellow"":8928,""Green"":18749,""Blue"":46873,""Violet"":140619,""White"":562476}"
bindings/BINDINGS,GE-0026,Outward Atmospheric Burst,COMMON_SPECIALIZATION,True,2000,3100,"{""Red"":3100,""Orange"":4960,""Yellow"":8928,""Green"":18749,""Blue"":46873,""Violet"":140619,""White"":562476}"
bindings/BINDINGS,GE-0027,Mobile Atmospheric Field,ADVANCED,True,3500,5700,"{""Red"":5700,""Orange"":9120,""Yellow"":16416,""Green"":34474,""Blue"":86185,""Violet"":258555,""White"":1034220}"
bindings/BINDINGS,GE-0028,Static Atmospheric Field,ADVANCED,True,2800,5700,"{""Red"":5700,""Orange"":9120,""Yellow"":16416,""Green"":34474,""Blue"":86185,""Violet"":258555,""White"":1034220}"
bindings/BINDINGS,GE-0029,Focused Atmospheric Jet,COMMON_SPECIALIZATION,True,1600,3100,"{""Red"":3100,""Orange"":4960,""Yellow"":8928,""Green"":18749,""Blue"":46873,""Violet"":140619,""White"":562476}"
bindings/BINDINGS,GE-0030,Sweeping Atmospheric Jet,COMMON_SPECIALIZATION,True,2400,3100,"{""Red"":3100,""Orange"":4960,""Yellow"":8928,""Green"":18749,""Blue"":46873,""Violet"":140619,""White"":562476}"
bindings/BINDINGS,GE-0031,Piercing Atmospheric Lance,COMMON_SPECIALIZATION,True,2100,3100,"{""Red"":3100,""Orange"":4960,""Yellow"":8928,""Green"":18749,""Blue"":46873,""Violet"":140619,""White"":562476}"
bindings/BINDINGS,GE-0032,Staged Atmospheric Lance,COMMON_SPECIALIZATION,True,2100,3100,"{""Red"":3100,""Orange"":4960,""Yellow"":8928,""Green"":18749,""Blue"":46873,""Violet"":140619,""White"":562476}"
bindings/BINDINGS,GE-0033,Controlled Atmospheric Orb,ADVANCED,True,2900,5700,"{""Red"":5700,""Orange"":9120,""Yellow"":16416,""Green"":34474,""Blue"":86185,""Violet"":258555,""White"":1034220}"
bindings/BINDINGS,GE-0034,Detonating Atmospheric Orb,COMMON_SPECIALIZATION,True,2200,3100,"{""Red"":3100,""Orange"":4960,""Yellow"":8928,""Green"":18749,""Blue"":46873,""Violet"":140619,""White"":562476}"
bindings/BINDINGS,GE-0035,Overcharged Atmospheric Projectile,COMMON_SPECIALIZATION,True,1100,3100,"{""Red"":3100,""Orange"":4960,""Yellow"":8928,""Green"":18749,""Blue"":46873,""Violet"":140619,""White"":562476}"
bindings/BINDINGS,GE-0036,Released Atmospheric Projectile,COMMON_SPECIALIZATION,True,1100,3100,"{""Red"":3100,""Orange"":4960,""Yellow"":8928,""Green"":18749,""Blue"":46873,""Violet"":140619,""White"":562476}"
bindings/BINDINGS,GE-0037,Contracting Atmospheric Ring,ADVANCED,True,2900,5700,"{""Red"":5700,""Orange"":9120,""Yellow"":16416,""Green"":34474,""Blue"":86185,""Violet"":258555,""White"":1034220}"
bindings/BINDINGS,GE-0038,Expanding Atmospheric Ring,ADVANCED,True,2900,5700,"{""Red"":5700,""Orange"":9120,""Yellow"":16416,""Green"":34474,""Blue"":86185,""Violet"":258555,""White"":1034220}"
bindings/BINDINGS,GE-0039,Repeating Atmospheric Wave,ADVANCED,True,2700,5700,"{""Red"":5700,""Orange"":9120,""Yellow"":16416,""Green"":34474,""Blue"":86185,""Violet"":258555,""White"":1034220}"
bindings/BINDINGS,GE-0040,Single-Front Atmospheric Wave,ADVANCED,True,2700,5700,"{""Red"":5700,""Orange"":9120,""Yellow"":16416,""Green"":34474,""Blue"":86185,""Violet"":258555,""White"":1034220}"
bindings/BINDINGS,GE-0041,Barrier Dome,ADVANCED,True,3000,5700,"{""Red"":5700,""Orange"":9120,""Yellow"":16416,""Green"":34474,""Blue"":86185,""Violet"":258555,""White"":1034220}"
bindings/BINDINGS,GE-0042,Barrier Plane,COMMON_SPECIALIZATION,True,1800,3100,"{""Red"":3100,""Orange"":4960,""Yellow"":8928,""Green"":18749,""Blue"":46873,""Violet"":140619,""White"":562476}"
bindings/BINDINGS,GE-0043,Genesis Beam,POWERFUL,True,5000,11000,"{""Red"":11000,""Orange"":17600,""Yellow"":31680,""Green"":66528,""Blue"":166320,""Violet"":498960,""White"":1995840}"
bindings/BINDINGS,GE-0044,Forking Combustion Arc,COMMON_SPECIALIZATION,True,1700,3100,"{""Red"":3100,""Orange"":4960,""Yellow"":8928,""Green"":18749,""Blue"":46873,""Violet"":140619,""White"":562476}"
bindings/BINDINGS,GE-0045,Single Combustion Arc,COMMON_SPECIALIZATION,True,1700,3100,"{""Red"":3100,""Orange"":4960,""Yellow"":8928,""Green"":18749,""Blue"":46873,""Violet"":140619,""White"":562476}"
bindings/BINDINGS,GE-0046,Burst Combustion Beam,ADVANCED,True,2800,5700,"{""Red"":5700,""Orange"":9120,""Yellow"":16416,""Green"":34474,""Blue"":86185,""Violet"":258555,""White"":1034220}"
bindings/BINDINGS,GE-0047,Channeled Combustion Beam,ADVANCED,True,3500,5700,"{""Red"":5700,""Orange"":9120,""Yellow"":16416,""Green"":34474,""Blue"":86185,""Violet"":258555,""White"":1034220}"
bindings/BINDINGS,GE-0048,Implosive Combustion Burst,COMMON_SPECIALIZATION,True,2000,3100,"{""Red"":3100,""Orange"":4960,""Yellow"":8928,""Green"":18749,""Blue"":46873,""Violet"":140619,""White"":562476}"
bindings/BINDINGS,GE-0049,Outward Combustion Burst,COMMON_SPECIALIZATION,True,2000,3100,"{""Red"":3100,""Orange"":4960,""Yellow"":8928,""Green"":18749,""Blue"":46873,""Violet"":140619,""White"":562476}"
bindings/BINDINGS,GE-0050,Mobile Combustion Field,ADVANCED,True,3500,5700,"{""Red"":5700,""Orange"":9120,""Yellow"":16416,""Green"":34474,""Blue"":86185,""Violet"":258555,""White"":1034220}"
bindings/BINDINGS,GE-0051,Static Combustion Field,ADVANCED,True,2800,5700,"{""Red"":5700,""Orange"":9120,""Yellow"":16416,""Green"":34474,""Blue"":86185,""Violet"":258555,""White"":1034220}"
bindings/BINDINGS,GE-0052,Focused Combustion Jet,COMMON_SPECIALIZATION,True,1600,3100,"{""Red"":3100,""Orange"":4960,""Yellow"":8928,""Green"":18749,""Blue"":46873,""Violet"":140619,""White"":562476}"
bindings/BINDINGS,GE-0053,Sweeping Combustion Jet,COMMON_SPECIALIZATION,True,2400,3100,"{""Red"":3100,""Orange"":4960,""Yellow"":8928,""Green"":18749,""Blue"":46873,""Violet"":140619,""White"":562476}"
bindings/BINDINGS,GE-0054,Piercing Combustion Lance,COMMON_SPECIALIZATION,True,2100,3100,"{""Red"":3100,""Orange"":4960,""Yellow"":8928,""Green"":18749,""Blue"":46873,""Violet"":140619,""White"":562476}"
bindings/BINDINGS,GE-0055,Staged Combustion Lance,COMMON_SPECIALIZATION,True,2100,3100,"{""Red"":3100,""Orange"":4960,""Yellow"":8928,""Green"":18749,""Blue"":46873,""Violet"":140619,""White"":562476}"
bindings/BINDINGS,GE-0056,Controlled Combustion Orb,ADVANCED,True,2900,5700,"{""Red"":5700,""Orange"":9120,""Yellow"":16416,""Green"":34474,""Blue"":86185,""Violet"":258555,""White"":1034220}"
bindings/BINDINGS,GE-0057,Detonating Combustion Orb,COMMON_SPECIALIZATION,True,2200,3100,"{""Red"":3100,""Orange"":4960,""Yellow"":8928,""Green"":18749,""Blue"":46873,""Violet"":140619,""White"":562476}"
bindings/BINDINGS,GE-0058,Overcharged Combustion Projectile,COMMON_SPECIALIZATION,True,1100,3100,"{""Red"":3100,""Orange"":4960,""Yellow"":8928,""Green"":18749,""Blue"":46873,""Violet"":140619,""White"":562476}"
bindings/BINDINGS,GE-0059,Released Combustion Projectile,COMMON_SPECIALIZATION,True,1100,3100,"{""Red"":3100,""Orange"":4960,""Yellow"":8928,""Green"":18749,""Blue"":46873,""Violet"":140619,""White"":562476}"
bindings/BINDINGS,GE-0060,Contracting Combustion Ring,ADVANCED,True,2900,5700,"{""Red"":5700,""Orange"":9120,""Yellow"":16416,""Green"":34474,""Blue"":86185,""Violet"":258555,""White"":1034220}"
bindings/BINDINGS,GE-0061,Expanding Combustion Ring,ADVANCED,True,2900,5700,"{""Red"":5700,""Orange"":9120,""Yellow"":16416,""Green"":34474,""Blue"":86185,""Violet"":258555,""White"":1034220}"
bindings/BINDINGS,GE-0062,Repeating Combustion Wave,ADVANCED,True,2700,5700,"{""Red"":5700,""Orange"":9120,""Yellow"":16416,""Green"":34474,""Blue"":86185,""Violet"":258555,""White"":1034220}"
bindings/BINDINGS,GE-0063,Single-Front Combustion Wave,ADVANCED,True,2700,5700,"{""Red"":5700,""Orange"":9120,""Yellow"":16416,""Green"":34474,""Blue"":86185,""Violet"":258555,""White"":1034220}"
bindings/BINDINGS,GE-0064,Forking Copper Arc,COMMON_SPECIALIZATION,True,1700,3100,"{""Red"":3100,""Orange"":4960,""Yellow"":8928,""Green"":18749,""Blue"":46873,""Violet"":140619,""White"":562476}"
bindings/BINDINGS,GE-0065,Single Copper Arc,COMMON_SPECIALIZATION,True,1700,3100,"{""Red"":3100,""Orange"":4960,""Yellow"":8928,""Green"":18749,""Blue"":46873,""Violet"":140619,""White"":562476}"
bindings/BINDINGS,GE-0066,Burst Copper Beam,ADVANCED,True,2800,5700,"{""Red"":5700,""Orange"":9120,""Yellow"":16416,""Green"":34474,""Blue"":86185,""Violet"":258555,""White"":1034220}"
bindings/BINDINGS,GE-0067,Channeled Copper Beam,ADVANCED,True,3500,5700,"{""Red"":5700,""Orange"":9120,""Yellow"":16416,""Green"":34474,""Blue"":86185,""Violet"":258555,""White"":1034220}"
bindings/BINDINGS,GE-0068,Implosive Copper Burst,COMMON_SPECIALIZATION,True,2000,3100,"{""Red"":3100,""Orange"":4960,""Yellow"":8928,""Green"":18749,""Blue"":46873,""Violet"":140619,""White"":562476}"
bindings/BINDINGS,GE-0069,Outward Copper Burst,COMMON_SPECIALIZATION,True,2000,3100,"{""Red"":3100,""Orange"":4960,""Yellow"":8928,""Green"":18749,""Blue"":46873,""Violet"":140619,""White"":562476}"
bindings/BINDINGS,GE-0070,Mobile Copper Field,ADVANCED,True,3500,5700,"{""Red"":5700,""Orange"":9120,""Yellow"":16416,""Green"":34474,""Blue"":86185,""Violet"":258555,""White"":1034220}"
bindings/BINDINGS,GE-0071,Static Copper Field,ADVANCED,True,2800,5700,"{""Red"":5700,""Orange"":9120,""Yellow"":16416,""Green"":34474,""Blue"":86185,""Violet"":258555,""White"":1034220}"
bindings/BINDINGS,GE-0072,Focused Copper Jet,COMMON_SPECIALIZATION,True,1600,3100,"{""Red"":3100,""Orange"":4960,""Yellow"":8928,""Green"":18749,""Blue"":46873,""Violet"":140619,""White"":562476}"
bindings/BINDINGS,GE-0073,Sweeping Copper Jet,COMMON_SPECIALIZATION,True,2400,3100,"{""Red"":3100,""Orange"":4960,""Yellow"":8928,""Green"":18749,""Blue"":46873,""Violet"":140619,""White"":562476}"
bindings/BINDINGS,GE-0074,Piercing Copper Lance,COMMON_SPECIALIZATION,True,2100,3100,"{""Red"":3100,""Orange"":4960,""Yellow"":8928,""Green"":18749,""Blue"":46873,""Violet"":140619,""White"":562476}"
bindings/BINDINGS,GE-0075,Staged Copper Lance,COMMON_SPECIALIZATION,True,2100,3100,"{""Red"":3100,""Orange"":4960,""Yellow"":8928,""Green"":18749,""Blue"":46873,""Violet"":140619,""White"":562476}"
bindings/BINDINGS,GE-0076,Controlled Copper Orb,ADVANCED,True,2900,5700,"{""Red"":5700,""Orange"":9120,""Yellow"":16416,""Green"":34474,""Blue"":86185,""Violet"":258555,""White"":1034220}"
bindings/BINDINGS,GE-0077,Detonating Copper Orb,COMMON_SPECIALIZATION,True,2200,3100,"{""Red"":3100,""Orange"":4960,""Yellow"":8928,""Green"":18749,""Blue"":46873,""Violet"":140619,""White"":562476}"
bindings/BINDINGS,GE-0078,Overcharged Copper Projectile,COMMON_SPECIALIZATION,True,1100,3100,"{""Red"":3100,""Orange"":4960,""Yellow"":8928,""Green"":18749,""Blue"":46873,""Violet"":140619,""White"":562476}"
bindings/BINDINGS,GE-0079,Released Copper Projectile,COMMON_SPECIALIZATION,True,1100,3100,"{""Red"":3100,""Orange"":4960,""Yellow"":8928,""Green"":18749,""Blue"":46873,""Violet"":140619,""White"":562476}"
bindings/BINDINGS,GE-0080,Contracting Copper Ring,ADVANCED,True,2900,5700,"{""Red"":5700,""Orange"":9120,""Yellow"":16416,""Green"":34474,""Blue"":86185,""Violet"":258555,""White"":1034220}"
bindings/BINDINGS,GE-0081,Expanding Copper Ring,ADVANCED,True,2900,5700,"{""Red"":5700,""Orange"":9120,""Yellow"":16416,""Green"":34474,""Blue"":86185,""Violet"":258555,""White"":1034220}"
bindings/BINDINGS,GE-0082,Repeating Copper Wave,ADVANCED,True,2700,5700,"{""Red"":5700,""Orange"":9120,""Yellow"":16416,""Green"":34474,""Blue"":86185,""Violet"":258555,""White"":1034220}"
bindings/BINDINGS,GE-0083,Single-Front Copper Wave,ADVANCED,True,2700,5700,"{""Red"":5700,""Orange"":9120,""Yellow"":16416,""Green"":34474,""Blue"":86185,""Violet"":258555,""White"":1034220}"
bindings/BINDINGS,GE-0084,Bear Manifestation — Breaker,POWERFUL,True,9000,11000,"{""Red"":11000,""Orange"":17600,""Yellow"":31680,""Green"":66528,""Blue"":166320,""Violet"":498960,""White"":1995840}"
bindings/BINDINGS,GE-0085,Bear Manifestation — Carrier,ADVANCED,True,3200,5700,"{""Red"":5700,""Orange"":9120,""Yellow"":16416,""Green"":34474,""Blue"":86185,""Violet"":258555,""White"":1034220}"
bindings/BINDINGS,GE-0086,Bear Manifestation — Guard,COMMON_SPECIALIZATION,True,2100,3100,"{""Red"":3100,""Orange"":4960,""Yellow"":8928,""Green"":18749,""Blue"":46873,""Violet"":140619,""White"":562476}"
bindings/BINDINGS,GE-0087,Bear Manifestation — Hunter,COMMON_SPECIALIZATION,True,2050,3100,"{""Red"":3100,""Orange"":4960,""Yellow"":8928,""Green"":18749,""Blue"":46873,""Violet"":140619,""White"":562476}"
bindings/BINDINGS,GE-0088,Bear Manifestation — Scout,FOUNDATIONAL,True,600,1700,"{""Red"":1700,""Orange"":2720,""Yellow"":4896,""Green"":10282,""Blue"":25705,""Violet"":77115,""White"":308460}"
bindings/BINDINGS,GE-0089,Beetle Swarm Manifestation — Breaker,POWERFUL,True,9900,11000,"{""Red"":11000,""Orange"":17600,""Yellow"":31680,""Green"":66528,""Blue"":166320,""Violet"":498960,""White"":1995840}"
bindings/BINDINGS,GE-0090,Beetle Swarm Manifestation — Carrier,ADVANCED,True,4400,5700,"{""Red"":5700,""Orange"":9120,""Yellow"":16416,""Green"":34474,""Blue"":86185,""Violet"":258555,""White"":1034220}"
bindings/BINDINGS,GE-0091,Beetle Swarm Manifestation — Guard,ADVANCED,True,3300,5700,"{""Red"":5700,""Orange"":9120,""Yellow"":16416,""Green"":34474,""Blue"":86185,""Violet"":258555,""White"":1034220}"
bindings/BINDINGS,GE-0092,Beetle Swarm Manifestation — Hunter,ADVANCED,True,3250,5700,"{""Red"":5700,""Orange"":9120,""Yellow"":16416,""Green"":34474,""Blue"":86185,""Violet"":258555,""White"":1034220}"
bindings/BINDINGS,GE-0093,Beetle Swarm Manifestation — Scout,COMMON_SPECIALIZATION,True,1800,3100,"{""Red"":3100,""Orange"":4960,""Yellow"":8928,""Green"":18749,""Blue"":46873,""Violet"":140619,""White"":562476}"
bindings/BINDINGS,GE-0094,Drake Manifestation — Breaker,POWERFUL,True,9000,11000,"{""Red"":11000,""Orange"":17600,""Yellow"":31680,""Green"":66528,""Blue"":166320,""Violet"":498960,""White"":1995840}"
bindings/BINDINGS,GE-0095,Drake Manifestation — Carrier,ADVANCED,True,3200,5700,"{""Red"":5700,""Orange"":9120,""Yellow"":16416,""Green"":34474,""Blue"":86185,""Violet"":258555,""White"":1034220}"
bindings/BINDINGS,GE-0096,Drake Manifestation — Guard,COMMON_SPECIALIZATION,True,2100,3100,"{""Red"":3100,""Orange"":4960,""Yellow"":8928,""Green"":18749,""Blue"":46873,""Violet"":140619,""White"":562476}"
bindings/BINDINGS,GE-0097,Drake Manifestation — Hunter,COMMON_SPECIALIZATION,True,2050,3100,"{""Red"":3100,""Orange"":4960,""Yellow"":8928,""Green"":18749,""Blue"":46873,""Violet"":140619,""White"":562476}"
bindings/BINDINGS,GE-0098,Drake Manifestation — Scout,FOUNDATIONAL,True,600,1700,"{""Red"":1700,""Orange"":2720,""Yellow"":4896,""Green"":10282,""Blue"":25705,""Violet"":77115,""White"":308460}"
bindings/BINDINGS,GE-0099,Falcon Manifestation — Breaker,POWERFUL,True,9000,11000,"{""Red"":11000,""Orange"":17600,""Yellow"":31680,""Green"":66528,""Blue"":166320,""Violet"":498960,""White"":1995840}"
bindings/BINDINGS,GE-0100,Falcon Manifestation — Carrier,ADVANCED,True,3200,5700,"{""Red"":5700,""Orange"":9120,""Yellow"":16416,""Green"":34474,""Blue"":86185,""Violet"":258555,""White"":1034220}"
bindings/BINDINGS,GE-0101,Falcon Manifestation — Guard,COMMON_SPECIALIZATION,True,2100,3100,"{""Red"":3100,""Orange"":4960,""Yellow"":8928,""Green"":18749,""Blue"":46873,""Violet"":140619,""White"":562476}"
bindings/BINDINGS,GE-0102,Falcon Manifestation — Hunter,COMMON_SPECIALIZATION,True,2050,3100,"{""Red"":3100,""Orange"":4960,""Yellow"":8928,""Green"":18749,""Blue"":46873,""Violet"":140619,""White"":562476}"
bindings/BINDINGS,GE-0103,Falcon Manifestation — Scout,FOUNDATIONAL,True,600,1700,"{""Red"":1700,""Orange"":2720,""Yellow"":4896,""Green"":10282,""Blue"":25705,""Violet"":77115,""White"":308460}"
bindings/BINDINGS,GE-0104,Hound Manifestation — Breaker,POWERFUL,True,9000,11000,"{""Red"":11000,""Orange"":17600,""Yellow"":31680,""Green"":66528,""Blue"":166320,""Violet"":498960,""White"":1995840}"
bindings/BINDINGS,GE-0105,Hound Manifestation — Carrier,ADVANCED,True,3200,5700,"{""Red"":5700,""Orange"":9120,""Yellow"":16416,""Green"":34474,""Blue"":86185,""Violet"":258555,""White"":1034220}"
bindings/BINDINGS,GE-0106,Hound Manifestation — Guard,COMMON_SPECIALIZATION,True,2100,3100,"{""Red"":3100,""Orange"":4960,""Yellow"":8928,""Green"":18749,""Blue"":46873,""Violet"":140619,""White"":562476}"
bindings/BINDINGS,GE-0107,Hound Manifestation — Hunter,COMMON_SPECIALIZATION,True,2050,3100,"{""Red"":3100,""Orange"":4960,""Yellow"":8928,""Green"":18749,""Blue"":46873,""Violet"":140619,""White"":562476}"
bindings/BINDINGS,GE-0108,Hound Manifestation — Scout,FOUNDATIONAL,True,600,1700,"{""Red"":1700,""Orange"":2720,""Yellow"":4896,""Green"":10282,""Blue"":25705,""Violet"":77115,""White"":308460}"
bindings/BINDINGS,GE-0109,Leviathan Manifestation — Breaker,POWERFUL,True,9000,11000,"{""Red"":11000,""Orange"":17600,""Yellow"":31680,""Green"":66528,""Blue"":166320,""Violet"":498960,""White"":1995840}"
bindings/BINDINGS,GE-0110,Leviathan Manifestation — Carrier,ADVANCED,True,3200,5700,"{""Red"":5700,""Orange"":9120,""Yellow"":16416,""Green"":34474,""Blue"":86185,""Violet"":258555,""White"":1034220}"
bindings/BINDINGS,GE-0111,Leviathan Manifestation — Guard,COMMON_SPECIALIZATION,True,2100,3100,"{""Red"":3100,""Orange"":4960,""Yellow"":8928,""Green"":18749,""Blue"":46873,""Violet"":140619,""White"":562476}"
bindings/BINDINGS,GE-0112,Leviathan Manifestation — Hunter,COMMON_SPECIALIZATION,True,2050,3100,"{""Red"":3100,""Orange"":4960,""Yellow"":8928,""Green"":18749,""Blue"":46873,""Violet"":140619,""White"":562476}"
bindings/BINDINGS,GE-0113,Leviathan Manifestation — Scout,FOUNDATIONAL,True,600,1700,"{""Red"":1700,""Orange"":2720,""Yellow"":4896,""Green"":10282,""Blue"":25705,""Violet"":77115,""White"":308460}"
bindings/BINDINGS,GE-0114,Moth Swarm Manifestation — Breaker,POWERFUL,True,9900,11000,"{""Red"":11000,""Orange"":17600,""Yellow"":31680,""Green"":66528,""Blue"":166320,""Violet"":498960,""White"":1995840}"
bindings/BINDINGS,GE-0115,Moth Swarm Manifestation — Carrier,ADVANCED,True,4400,5700,"{""Red"":5700,""Orange"":9120,""Yellow"":16416,""Green"":34474,""Blue"":86185,""Violet"":258555,""White"":1034220}"
bindings/BINDINGS,GE-0116,Moth Swarm Manifestation — Guard,ADVANCED,True,3300,5700,"{""Red"":5700,""Orange"":9120,""Yellow"":16416,""Green"":34474,""Blue"":86185,""Violet"":258555,""White"":1034220}"
bindings/BINDINGS,GE-0117,Moth Swarm Manifestation — Hunter,ADVANCED,True,3250,5700,"{""Red"":5700,""Orange"":9120,""Yellow"":16416,""Green"":34474,""Blue"":86185,""Violet"":258555,""White"":1034220}"
bindings/BINDINGS,GE-0118,Moth Swarm Manifestation — Scout,COMMON_SPECIALIZATION,True,1800,3100,"{""Red"":3100,""Orange"":4960,""Yellow"":8928,""Green"":18749,""Blue"":46873,""Violet"":140619,""White"":562476}"
bindings/BINDINGS,GE-0119,Raptor Manifestation — Breaker,POWERFUL,True,9000,11000,"{""Red"":11000,""Orange"":17600,""Yellow"":31680,""Green"":66528,""Blue"":166320,""Violet"":498960,""White"":1995840}"
bindings/BINDINGS,GE-0120,Raptor Manifestation — Carrier,ADVANCED,True,3200,5700,"{""Red"":5700,""Orange"":9120,""Yellow"":16416,""Green"":34474,""Blue"":86185,""Violet"":258555,""White"":1034220}"
bindings/BINDINGS,GE-0121,Raptor Manifestation — Guard,COMMON_SPECIALIZATION,True,2100,3100,"{""Red"":3100,""Orange"":4960,""Yellow"":8928,""Green"":18749,""Blue"":46873,""Violet"":140619,""White"":562476}"
bindings/BINDINGS,GE-0122,Raptor Manifestation — Hunter,COMMON_SPECIALIZATION,True,2050,3100,"{""Red"":3100,""Orange"":4960,""Yellow"":8928,""Green"":18749,""Blue"":46873,""Violet"":140619,""White"":562476}"
bindings/BINDINGS,GE-0123,Raptor Manifestation — Scout,FOUNDATIONAL,True,600,1700,"{""Red"":1700,""Orange"":2720,""Yellow"":4896,""Green"":10282,""Blue"":25705,""Violet"":77115,""White"":308460}"
bindings/BINDINGS,GE-0124,Serpent Manifestation — Breaker,POWERFUL,True,9000,11000,"{""Red"":11000,""Orange"":17600,""Yellow"":31680,""Green"":66528,""Blue"":166320,""Violet"":498960,""White"":1995840}"
bindings/BINDINGS,GE-0125,Serpent Manifestation — Carrier,ADVANCED,True,3200,5700,"{""Red"":5700,""Orange"":9120,""Yellow"":16416,""Green"":34474,""Blue"":86185,""Violet"":258555,""White"":1034220}"
bindings/BINDINGS,GE-0126,Serpent Manifestation — Guard,COMMON_SPECIALIZATION,True,2100,3100,"{""Red"":3100,""Orange"":4960,""Yellow"":8928,""Green"":18749,""Blue"":46873,""Violet"":140619,""White"":562476}"
bindings/BINDINGS,GE-0127,Serpent Manifestation — Hunter,COMMON_SPECIALIZATION,True,2050,3100,"{""Red"":3100,""Orange"":4960,""Yellow"":8928,""Green"":18749,""Blue"":46873,""Violet"":140619,""White"":562476}"
bindings/BINDINGS,GE-0128,Serpent Manifestation — Scout,FOUNDATIONAL,True,600,1700,"{""Red"":1700,""Orange"":2720,""Yellow"":4896,""Green"":10282,""Blue"":25705,""Violet"":77115,""White"":308460}"
bindings/BINDINGS,GE-0129,Spider Manifestation — Breaker,POWERFUL,True,9000,11000,"{""Red"":11000,""Orange"":17600,""Yellow"":31680,""Green"":66528,""Blue"":166320,""Violet"":498960,""White"":1995840}"
bindings/BINDINGS,GE-0130,Spider Manifestation — Carrier,ADVANCED,True,3200,5700,"{""Red"":5700,""Orange"":9120,""Yellow"":16416,""Green"":34474,""Blue"":86185,""Violet"":258555,""White"":1034220}"
bindings/BINDINGS,GE-0131,Spider Manifestation — Guard,COMMON_SPECIALIZATION,True,2100,3100,"{""Red"":3100,""Orange"":4960,""Yellow"":8928,""Green"":18749,""Blue"":46873,""Violet"":140619,""White"":562476}"
bindings/BINDINGS,GE-0132,Spider Manifestation — Hunter,COMMON_SPECIALIZATION,True,2050,3100,"{""Red"":3100,""Orange"":4960,""Yellow"":8928,""Green"":18749,""Blue"":46873,""Violet"":140619,""White"":562476}"
bindings/BINDINGS,GE-0133,Spider Manifestation — Scout,FOUNDATIONAL,True,600,1700,"{""Red"":1700,""Orange"":2720,""Yellow"":4896,""Green"":10282,""Blue"":25705,""Violet"":77115,""White"":308460}"
bindings/BINDINGS,GE-0134,Stag Manifestation — Breaker,POWERFUL,True,9000,11000,"{""Red"":11000,""Orange"":17600,""Yellow"":31680,""Green"":66528,""Blue"":166320,""Violet"":498960,""White"":1995840}"
bindings/BINDINGS,GE-0135,Stag Manifestation — Carrier,ADVANCED,True,3200,5700,"{""Red"":5700,""Orange"":9120,""Yellow"":16416,""Green"":34474,""Blue"":86185,""Violet"":258555,""White"":1034220}"
bindings/BINDINGS,GE-0136,Stag Manifestation — Guard,COMMON_SPECIALIZATION,True,2100,3100,"{""Red"":3100,""Orange"":4960,""Yellow"":8928,""Green"":18749,""Blue"":46873,""Violet"":140619,""White"":562476}"
bindings/BINDINGS,GE-0137,Stag Manifestation — Hunter,COMMON_SPECIALIZATION,True,2050,3100,"{""Red"":3100,""Orange"":4960,""Yellow"":8928,""Green"":18749,""Blue"":46873,""Violet"":140619,""White"":562476}"
bindings/BINDINGS,GE-0138,Stag Manifestation — Scout,FOUNDATIONAL,True,600,1700,"{""Red"":1700,""Orange"":2720,""Yellow"":4896,""Green"":10282,""Blue"":25705,""Violet"":77115,""White"":308460}"
bindings/BINDINGS,GE-0139,Wolf Manifestation — Breaker,POWERFUL,True,9000,11000,"{""Red"":11000,""Orange"":17600,""Yellow"":31680,""Green"":66528,""Blue"":166320,""Violet"":498960,""White"":1995840}"
bindings/BINDINGS,GE-0140,Wolf Manifestation — Carrier,ADVANCED,True,3200,5700,"{""Red"":5700,""Orange"":9120,""Yellow"":16416,""Green"":34474,""Blue"":86185,""Violet"":258555,""White"":1034220}"
bindings/BINDINGS,GE-0141,Wolf Manifestation — Guard,COMMON_SPECIALIZATION,True,2100,3100,"{""Red"":3100,""Orange"":4960,""Yellow"":8928,""Green"":18749,""Blue"":46873,""Violet"":140619,""White"":562476}"
bindings/BINDINGS,GE-0142,Wolf Manifestation — Hunter,COMMON_SPECIALIZATION,True,2050,3100,"{""Red"":3100,""Orange"":4960,""Yellow"":8928,""Green"":18749,""Blue"":46873,""Violet"":140619,""White"":562476}"
bindings/BINDINGS,GE-0143,Wolf Manifestation — Scout,FOUNDATIONAL,True,600,1700,"{""Red"":1700,""Orange"":2720,""Yellow"":4896,""Green"":10282,""Blue"":25705,""Violet"":77115,""White"":308460}"
bindings/BINDINGS,GE-0144,Forking Cryogenic Arc,COMMON_SPECIALIZATION,True,1700,3100,"{""Red"":3100,""Orange"":4960,""Yellow"":8928,""Green"":18749,""Blue"":46873,""Violet"":140619,""White"":562476}"
bindings/BINDINGS,GE-0145,Single Cryogenic Arc,COMMON_SPECIALIZATION,True,1700,3100,"{""Red"":3100,""Orange"":4960,""Yellow"":8928,""Green"":18749,""Blue"":46873,""Violet"":140619,""White"":562476}"
bindings/BINDINGS,GE-0146,Burst Cryogenic Beam,ADVANCED,True,2800,5700,"{""Red"":5700,""Orange"":9120,""Yellow"":16416,""Green"":34474,""Blue"":86185,""Violet"":258555,""White"":1034220}"
bindings/BINDINGS,GE-0147,Channeled Cryogenic Beam,ADVANCED,True,3500,5700,"{""Red"":5700,""Orange"":9120,""Yellow"":16416,""Green"":34474,""Blue"":86185,""Violet"":258555,""White"":1034220}"
bindings/BINDINGS,GE-0148,Implosive Cryogenic Burst,COMMON_SPECIALIZATION,True,2000,3100,"{""Red"":3100,""Orange"":4960,""Yellow"":8928,""Green"":18749,""Blue"":46873,""Violet"":140619,""White"":562476}"
bindings/BINDINGS,GE-0149,Outward Cryogenic Burst,COMMON_SPECIALIZATION,True,2000,3100,"{""Red"":3100,""Orange"":4960,""Yellow"":8928,""Green"":18749,""Blue"":46873,""Violet"":140619,""White"":562476}"
bindings/BINDINGS,GE-0150,Mobile Cryogenic Field,ADVANCED,True,3500,5700,"{""Red"":5700,""Orange"":9120,""Yellow"":16416,""Green"":34474,""Blue"":86185,""Violet"":258555,""White"":1034220}"
bindings/BINDINGS,GE-0151,Static Cryogenic Field,ADVANCED,True,2800,5700,"{""Red"":5700,""Orange"":9120,""Yellow"":16416,""Green"":34474,""Blue"":86185,""Violet"":258555,""White"":1034220}"
bindings/BINDINGS,GE-0152,Focused Cryogenic Jet,COMMON_SPECIALIZATION,True,1600,3100,"{""Red"":3100,""Orange"":4960,""Yellow"":8928,""Green"":18749,""Blue"":46873,""Violet"":140619,""White"":562476}"
bindings/BINDINGS,GE-0153,Sweeping Cryogenic Jet,COMMON_SPECIALIZATION,True,2400,3100,"{""Red"":3100,""Orange"":4960,""Yellow"":8928,""Green"":18749,""Blue"":46873,""Violet"":140619,""White"":562476}"
bindings/BINDINGS,GE-0154,Piercing Cryogenic Lance,COMMON_SPECIALIZATION,True,2100,3100,"{""Red"":3100,""Orange"":4960,""Yellow"":8928,""Green"":18749,""Blue"":46873,""Violet"":140619,""White"":562476}"
bindings/BINDINGS,GE-0155,Staged Cryogenic Lance,COMMON_SPECIALIZATION,True,2100,3100,"{""Red"":3100,""Orange"":4960,""Yellow"":8928,""Green"":18749,""Blue"":46873,""Violet"":140619,""White"":562476}"
bindings/BINDINGS,GE-0156,Controlled Cryogenic Orb,ADVANCED,True,2900,5700,"{""Red"":5700,""Orange"":9120,""Yellow"":16416,""Green"":34474,""Blue"":86185,""Violet"":258555,""White"":1034220}"
bindings/BINDINGS,GE-0157,Detonating Cryogenic Orb,COMMON_SPECIALIZATION,True,2200,3100,"{""Red"":3100,""Orange"":4960,""Yellow"":8928,""Green"":18749,""Blue"":46873,""Violet"":140619,""White"":562476}"
bindings/BINDINGS,GE-0158,Overcharged Cryogenic Projectile,COMMON_SPECIALIZATION,True,1100,3100,"{""Red"":3100,""Orange"":4960,""Yellow"":8928,""Green"":18749,""Blue"":46873,""Violet"":140619,""White"":562476}"
bindings/BINDINGS,GE-0159,Released Cryogenic Projectile,COMMON_SPECIALIZATION,True,1100,3100,"{""Red"":3100,""Orange"":4960,""Yellow"":8928,""Green"":18749,""Blue"":46873,""Violet"":140619,""White"":562476}"
bindings/BINDINGS,GE-0160,Contracting Cryogenic Ring,ADVANCED,True,2900,5700,"{""Red"":5700,""Orange"":9120,""Yellow"":16416,""Green"":34474,""Blue"":86185,""Violet"":258555,""White"":1034220}"
bindings/BINDINGS,GE-0161,Expanding Cryogenic Ring,ADVANCED,True,2900,5700,"{""Red"":5700,""Orange"":9120,""Yellow"":16416,""Green"":34474,""Blue"":86185,""Violet"":258555,""White"":1034220}"
bindings/BINDINGS,GE-0162,Repeating Cryogenic Wave,ADVANCED,True,2700,5700,"{""Red"":5700,""Orange"":9120,""Yellow"":16416,""Green"":34474,""Blue"":86185,""Violet"":258555,""White"":1034220}"
bindings/BINDINGS,GE-0163,Single-Front Cryogenic Wave,ADVANCED,True,2700,5700,"{""Red"":5700,""Orange"":9120,""Yellow"":16416,""Green"":34474,""Blue"":86185,""Violet"":258555,""White"":1034220}"
bindings/BINDINGS,GE-0164,Forking Electrical Arc,COMMON_SPECIALIZATION,True,1700,3100,"{""Red"":3100,""Orange"":4960,""Yellow"":8928,""Green"":18749,""Blue"":46873,""Violet"":140619,""White"":562476}"
bindings/BINDINGS,GE-0165,Single Electrical Arc,COMMON_SPECIALIZATION,True,1700,3100,"{""Red"":3100,""Orange"":4960,""Yellow"":8928,""Green"":18749,""Blue"":46873,""Violet"":140619,""White"":562476}"
bindings/BINDINGS,GE-0166,Burst Electrical Beam,ADVANCED,True,2800,5700,"{""Red"":5700,""Orange"":9120,""Yellow"":16416,""Green"":34474,""Blue"":86185,""Violet"":258555,""White"":1034220}"
bindings/BINDINGS,GE-0167,Channeled Electrical Beam,ADVANCED,True,3500,5700,"{""Red"":5700,""Orange"":9120,""Yellow"":16416,""Green"":34474,""Blue"":86185,""Violet"":258555,""White"":1034220}"
bindings/BINDINGS,GE-0168,Implosive Electrical Burst,COMMON_SPECIALIZATION,True,2000,3100,"{""Red"":3100,""Orange"":4960,""Yellow"":8928,""Green"":18749,""Blue"":46873,""Violet"":140619,""White"":562476}"
bindings/BINDINGS,GE-0169,Outward Electrical Burst,COMMON_SPECIALIZATION,True,2000,3100,"{""Red"":3100,""Orange"":4960,""Yellow"":8928,""Green"":18749,""Blue"":46873,""Violet"":140619,""White"":562476}"
bindings/BINDINGS,GE-0170,Mobile Electrical Field,ADVANCED,True,3500,5700,"{""Red"":5700,""Orange"":9120,""Yellow"":16416,""Green"":34474,""Blue"":86185,""Violet"":258555,""White"":1034220}"
bindings/BINDINGS,GE-0171,Static Electrical Field,ADVANCED,True,2800,5700,"{""Red"":5700,""Orange"":9120,""Yellow"":16416,""Green"":34474,""Blue"":86185,""Violet"":258555,""White"":1034220}"
bindings/BINDINGS,GE-0172,Focused Electrical Jet,COMMON_SPECIALIZATION,True,1600,3100,"{""Red"":3100,""Orange"":4960,""Yellow"":8928,""Green"":18749,""Blue"":46873,""Violet"":140619,""White"":562476}"
bindings/BINDINGS,GE-0173,Sweeping Electrical Jet,COMMON_SPECIALIZATION,True,2400,3100,"{""Red"":3100,""Orange"":4960,""Yellow"":8928,""Green"":18749,""Blue"":46873,""Violet"":140619,""White"":562476}"
bindings/BINDINGS,GE-0174,Piercing Electrical Lance,COMMON_SPECIALIZATION,True,2100,3100,"{""Red"":3100,""Orange"":4960,""Yellow"":8928,""Green"":18749,""Blue"":46873,""Violet"":140619,""White"":562476}"
bindings/BINDINGS,GE-0175,Staged Electrical Lance,COMMON_SPECIALIZATION,True,2100,3100,"{""Red"":3100,""Orange"":4960,""Yellow"":8928,""Green"":18749,""Blue"":46873,""Violet"":140619,""White"":562476}"
bindings/BINDINGS,GE-0176,Controlled Electrical Orb,ADVANCED,True,2900,5700,"{""Red"":5700,""Orange"":9120,""Yellow"":16416,""Green"":34474,""Blue"":86185,""Violet"":258555,""White"":1034220}"
bindings/BINDINGS,GE-0177,Detonating Electrical Orb,COMMON_SPECIALIZATION,True,2200,3100,"{""Red"":3100,""Orange"":4960,""Yellow"":8928,""Green"":18749,""Blue"":46873,""Violet"":140619,""White"":562476}"
bindings/BINDINGS,GE-0178,Overcharged Electrical Projectile,COMMON_SPECIALIZATION,True,1100,3100,"{""Red"":3100,""Orange"":4960,""Yellow"":8928,""Green"":18749,""Blue"":46873,""Violet"":140619,""White"":562476}"
bindings/BINDINGS,GE-0179,Released Electrical Projectile,COMMON_SPECIALIZATION,True,1100,3100,"{""Red"":3100,""Orange"":4960,""Yellow"":8928,""Green"":18749,""Blue"":46873,""Violet"":140619,""White"":562476}"
bindings/BINDINGS,GE-0180,Contracting Electrical Ring,ADVANCED,True,2900,5700,"{""Red"":5700,""Orange"":9120,""Yellow"":16416,""Green"":34474,""Blue"":86185,""Violet"":258555,""White"":1034220}"
bindings/BINDINGS,GE-0181,Expanding Electrical Ring,ADVANCED,True,2900,5700,"{""Red"":5700,""Orange"":9120,""Yellow"":16416,""Green"":34474,""Blue"":86185,""Violet"":258555,""White"":1034220}"
bindings/BINDINGS,GE-0182,Repeating Electrical Wave,ADVANCED,True,2700,5700,"{""Red"":5700,""Orange"":9120,""Yellow"":16416,""Green"":34474,""Blue"":86185,""Violet"":258555,""White"":1034220}"
bindings/BINDINGS,GE-0183,Single-Front Electrical Wave,ADVANCED,True,2700,5700,"{""Red"":5700,""Orange"":9120,""Yellow"":16416,""Green"":34474,""Blue"":86185,""Violet"":258555,""White"":1034220}"
bindings/BINDINGS,GE-0184,Ash Colossus Elemental,POWERFUL,True,7600,11000,"{""Red"":11000,""Orange"":17600,""Yellow"":31680,""Green"":66528,""Blue"":166320,""Violet"":498960,""White"":1995840}"
bindings/BINDINGS,GE-0185,Ash Drake Elemental,POWERFUL,True,8700,11000,"{""Red"":11000,""Orange"":17600,""Yellow"":31680,""Green"":66528,""Blue"":166320,""Violet"":498960,""White"":1995840}"
bindings/BINDINGS,GE-0186,Ash Hound Elemental,COMMON_SPECIALIZATION,True,2050,3100,"{""Red"":3100,""Orange"":4960,""Yellow"":8928,""Green"":18749,""Blue"":46873,""Violet"":140619,""White"":562476}"
bindings/BINDINGS,GE-0187,Ash Raptor Elemental,COMMON_SPECIALIZATION,True,2150,3100,"{""Red"":3100,""Orange"":4960,""Yellow"":8928,""Green"":18749,""Blue"":46873,""Violet"":140619,""White"":562476}"
bindings/BINDINGS,GE-0188,Ash Sentinel Elemental,COMMON_SPECIALIZATION,True,2100,3100,"{""Red"":3100,""Orange"":4960,""Yellow"":8928,""Green"":18749,""Blue"":46873,""Violet"":140619,""White"":562476}"
bindings/BINDINGS,GE-0189,Ash Serpent Elemental,ADVANCED,True,2900,5700,"{""Red"":5700,""Orange"":9120,""Yellow"":16416,""Green"":34474,""Blue"":86185,""Violet"":258555,""White"":1034220}"
bindings/BINDINGS,GE-0190,Ash Swarm Elemental,POWERFUL,True,5000,11000,"{""Red"":11000,""Orange"":17600,""Yellow"":31680,""Green"":66528,""Blue"":166320,""Violet"":498960,""White"":1995840}"
bindings/BINDINGS,GE-0191,Ash Wisp Elemental,FOUNDATIONAL,True,600,1700,"{""Red"":1700,""Orange"":2720,""Yellow"":4896,""Green"":10282,""Blue"":25705,""Violet"":77115,""White"":308460}"
bindings/BINDINGS,GE-0192,Combustion Colossus Elemental,POWERFUL,True,7600,11000,"{""Red"":11000,""Orange"":17600,""Yellow"":31680,""Green"":66528,""Blue"":166320,""Violet"":498960,""White"":1995840}"
bindings/BINDINGS,GE-0193,Combustion Drake Elemental,POWERFUL,True,8700,11000,"{""Red"":11000,""Orange"":17600,""Yellow"":31680,""Green"":66528,""Blue"":166320,""Violet"":498960,""White"":1995840}"
bindings/BINDINGS,GE-0194,Combustion Hound Elemental,COMMON_SPECIALIZATION,True,2050,3100,"{""Red"":3100,""Orange"":4960,""Yellow"":8928,""Green"":18749,""Blue"":46873,""Violet"":140619,""White"":562476}"
bindings/BINDINGS,GE-0195,Combustion Raptor Elemental,COMMON_SPECIALIZATION,True,2150,3100,"{""Red"":3100,""Orange"":4960,""Yellow"":8928,""Green"":18749,""Blue"":46873,""Violet"":140619,""White"":562476}"
bindings/BINDINGS,GE-0196,Combustion Sentinel Elemental,COMMON_SPECIALIZATION,True,2100,3100,"{""Red"":3100,""Orange"":4960,""Yellow"":8928,""Green"":18749,""Blue"":46873,""Violet"":140619,""White"":562476}"
bindings/BINDINGS,GE-0197,Combustion Serpent Elemental,ADVANCED,True,2900,5700,"{""Red"":5700,""Orange"":9120,""Yellow"":16416,""Green"":34474,""Blue"":86185,""Violet"":258555,""White"":1034220}"
bindings/BINDINGS,GE-0198,Combustion Swarm Elemental,POWERFUL,True,5000,11000,"{""Red"":11000,""Orange"":17600,""Yellow"":31680,""Green"":66528,""Blue"":166320,""Violet"":498960,""White"":1995840}"
bindings/BINDINGS,GE-0199,Combustion Wisp Elemental,FOUNDATIONAL,True,600,1700,"{""Red"":1700,""Orange"":2720,""Yellow"":4896,""Green"":10282,""Blue"":25705,""Violet"":77115,""White"":308460}"
bindings/BINDINGS,GE-0200,Copper Colossus Elemental,POWERFUL,True,7600,11000,"{""Red"":11000,""Orange"":17600,""Yellow"":31680,""Green"":66528,""Blue"":166320,""Violet"":498960,""White"":1995840}"
bindings/BINDINGS,GE-0201,Copper Drake Elemental,POWERFUL,True,8700,11000,"{""Red"":11000,""Orange"":17600,""Yellow"":31680,""Green"":66528,""Blue"":166320,""Violet"":498960,""White"":1995840}"
bindings/BINDINGS,GE-0202,Copper Hound Elemental,COMMON_SPECIALIZATION,True,2050,3100,"{""Red"":3100,""Orange"":4960,""Yellow"":8928,""Green"":18749,""Blue"":46873,""Violet"":140619,""White"":562476}"
bindings/BINDINGS,GE-0203,Copper Raptor Elemental,COMMON_SPECIALIZATION,True,2150,3100,"{""Red"":3100,""Orange"":4960,""Yellow"":8928,""Green"":18749,""Blue"":46873,""Violet"":140619,""White"":562476}"
bindings/BINDINGS,GE-0204,Copper Sentinel Elemental,COMMON_SPECIALIZATION,True,2100,3100,"{""Red"":3100,""Orange"":4960,""Yellow"":8928,""Green"":18749,""Blue"":46873,""Violet"":140619,""White"":562476}"
bindings/BINDINGS,GE-0205,Copper Serpent Elemental,ADVANCED,True,2900,5700,"{""Red"":5700,""Orange"":9120,""Yellow"":16416,""Green"":34474,""Blue"":86185,""Violet"":258555,""White"":1034220}"
bindings/BINDINGS,GE-0206,Copper Swarm Elemental,POWERFUL,True,5000,11000,"{""Red"":11000,""Orange"":17600,""Yellow"":31680,""Green"":66528,""Blue"":166320,""Violet"":498960,""White"":1995840}"
bindings/BINDINGS,GE-0207,Copper Wisp Elemental,FOUNDATIONAL,True,600,1700,"{""Red"":1700,""Orange"":2720,""Yellow"":4896,""Green"":10282,""Blue"":25705,""Violet"":77115,""White"":308460}"
bindings/BINDINGS,GE-0208,Glass Colossus Elemental,POWERFUL,True,7600,11000,"{""Red"":11000,""Orange"":17600,""Yellow"":31680,""Green"":66528,""Blue"":166320,""Violet"":498960,""White"":1995840}"
bindings/BINDINGS,GE-0209,Glass Drake Elemental,POWERFUL,True,8700,11000,"{""Red"":11000,""Orange"":17600,""Yellow"":31680,""Green"":66528,""Blue"":166320,""Violet"":498960,""White"":1995840}"
bindings/BINDINGS,GE-0210,Glass Hound Elemental,COMMON_SPECIALIZATION,True,2050,3100,"{""Red"":3100,""Orange"":4960,""Yellow"":8928,""Green"":18749,""Blue"":46873,""Violet"":140619,""White"":562476}"
bindings/BINDINGS,GE-0211,Glass Raptor Elemental,COMMON_SPECIALIZATION,True,2150,3100,"{""Red"":3100,""Orange"":4960,""Yellow"":8928,""Green"":18749,""Blue"":46873,""Violet"":140619,""White"":562476}"
bindings/BINDINGS,GE-0212,Glass Sentinel Elemental,COMMON_SPECIALIZATION,True,2100,3100,"{""Red"":3100,""Orange"":4960,""Yellow"":8928,""Green"":18749,""Blue"":46873,""Violet"":140619,""White"":562476}"
bindings/BINDINGS,GE-0213,Glass Serpent Elemental,ADVANCED,True,2900,5700,"{""Red"":5700,""Orange"":9120,""Yellow"":16416,""Green"":34474,""Blue"":86185,""Violet"":258555,""White"":1034220}"
bindings/BINDINGS,GE-0214,Glass Swarm Elemental,POWERFUL,True,5000,11000,"{""Red"":11000,""Orange"":17600,""Yellow"":31680,""Green"":66528,""Blue"":166320,""Violet"":498960,""White"":1995840}"
bindings/BINDINGS,GE-0215,Glass Wisp Elemental,FOUNDATIONAL,True,600,1700,"{""Red"":1700,""Orange"":2720,""Yellow"":4896,""Green"":10282,""Blue"":25705,""Violet"":77115,""White"":308460}"
bindings/BINDINGS,GE-0216,Ice Colossus Elemental,POWERFUL,True,7600,11000,"{""Red"":11000,""Orange"":17600,""Yellow"":31680,""Green"":66528,""Blue"":166320,""Violet"":498960,""White"":1995840}"
bindings/BINDINGS,GE-0217,Ice Drake Elemental,POWERFUL,True,9000,11000,"{""Red"":11000,""Orange"":17600,""Yellow"":31680,""Green"":66528,""Blue"":166320,""Violet"":498960,""White"":1995840}"
bindings/BINDINGS,GE-0218,Ice Hound Elemental,COMMON_SPECIALIZATION,True,2050,3100,"{""Red"":3100,""Orange"":4960,""Yellow"":8928,""Green"":18749,""Blue"":46873,""Violet"":140619,""White"":562476}"
bindings/BINDINGS,GE-0219,Ice Raptor Elemental,COMMON_SPECIALIZATION,True,2150,3100,"{""Red"":3100,""Orange"":4960,""Yellow"":8928,""Green"":18749,""Blue"":46873,""Violet"":140619,""White"":562476}"
bindings/BINDINGS,GE-0220,Ice Sentinel Elemental,COMMON_SPECIALIZATION,True,2100,3100,"{""Red"":3100,""Orange"":4960,""Yellow"":8928,""Green"":18749,""Blue"":46873,""Violet"":140619,""White"":562476}"
bindings/BINDINGS,GE-0221,Ice Serpent Elemental,ADVANCED,True,2900,5700,"{""Red"":5700,""Orange"":9120,""Yellow"":16416,""Green"":34474,""Blue"":86185,""Violet"":258555,""White"":1034220}"
bindings/BINDINGS,GE-0222,Ice Swarm Elemental,POWERFUL,True,5300,11000,"{""Red"":11000,""Orange"":17600,""Yellow"":31680,""Green"":66528,""Blue"":166320,""Violet"":498960,""White"":1995840}"
bindings/BINDINGS,GE-0223,Ice Wisp Elemental,FOUNDATIONAL,True,600,1700,"{""Red"":1700,""Orange"":2720,""Yellow"":4896,""Green"":10282,""Blue"":25705,""Violet"":77115,""White"":308460}"
bindings/BINDINGS,GE-0224,Iron Colossus Elemental,POWERFUL,True,7600,11000,"{""Red"":11000,""Orange"":17600,""Yellow"":31680,""Green"":66528,""Blue"":166320,""Violet"":498960,""White"":1995840}"
bindings/BINDINGS,GE-0225,Iron Drake Elemental,POWERFUL,True,8700,11000,"{""Red"":11000,""Orange"":17600,""Yellow"":31680,""Green"":66528,""Blue"":166320,""Violet"":498960,""White"":1995840}"
bindings/BINDINGS,GE-0226,Iron Hound Elemental,COMMON_SPECIALIZATION,True,2050,3100,"{""Red"":3100,""Orange"":4960,""Yellow"":8928,""Green"":18749,""Blue"":46873,""Violet"":140619,""White"":562476}"
bindings/BINDINGS,GE-0227,Iron Raptor Elemental,COMMON_SPECIALIZATION,True,2150,3100,"{""Red"":3100,""Orange"":4960,""Yellow"":8928,""Green"":18749,""Blue"":46873,""Violet"":140619,""White"":562476}"
bindings/BINDINGS,GE-0228,Iron Sentinel Elemental,COMMON_SPECIALIZATION,True,2100,3100,"{""Red"":3100,""Orange"":4960,""Yellow"":8928,""Green"":18749,""Blue"":46873,""Violet"":140619,""White"":562476}"
bindings/BINDINGS,GE-0229,Iron Serpent Elemental,ADVANCED,True,2900,5700,"{""Red"":5700,""Orange"":9120,""Yellow"":16416,""Green"":34474,""Blue"":86185,""Violet"":258555,""White"":1034220}"
bindings/BINDINGS,GE-0230,Iron Swarm Elemental,POWERFUL,True,5000,11000,"{""Red"":11000,""Orange"":17600,""Yellow"":31680,""Green"":66528,""Blue"":166320,""Violet"":498960,""White"":1995840}"
bindings/BINDINGS,GE-0231,Iron Wisp Elemental,FOUNDATIONAL,True,600,1700,"{""Red"":1700,""Orange"":2720,""Yellow"":4896,""Green"":10282,""Blue"":25705,""Violet"":77115,""White"":308460}"
bindings/BINDINGS,GE-0232,Lightning Colossus Elemental,POWERFUL,True,7600,11000,"{""Red"":11000,""Orange"":17600,""Yellow"":31680,""Green"":66528,""Blue"":166320,""Violet"":498960,""White"":1995840}"
bindings/BINDINGS,GE-0233,Lightning Drake Elemental,POWERFUL,True,8700,11000,"{""Red"":11000,""Orange"":17600,""Yellow"":31680,""Green"":66528,""Blue"":166320,""Violet"":498960,""White"":1995840}"
bindings/BINDINGS,GE-0234,Lightning Hound Elemental,COMMON_SPECIALIZATION,True,2050,3100,"{""Red"":3100,""Orange"":4960,""Yellow"":8928,""Green"":18749,""Blue"":46873,""Violet"":140619,""White"":562476}"
bindings/BINDINGS,GE-0235,Lightning Raptor Elemental,COMMON_SPECIALIZATION,True,2150,3100,"{""Red"":3100,""Orange"":4960,""Yellow"":8928,""Green"":18749,""Blue"":46873,""Violet"":140619,""White"":562476}"
bindings/BINDINGS,GE-0236,Lightning Sentinel Elemental,COMMON_SPECIALIZATION,True,2100,3100,"{""Red"":3100,""Orange"":4960,""Yellow"":8928,""Green"":18749,""Blue"":46873,""Violet"":140619,""White"":562476}"
bindings/BINDINGS,GE-0237,Lightning Serpent Elemental,ADVANCED,True,2900,5700,"{""Red"":5700,""Orange"":9120,""Yellow"":16416,""Green"":34474,""Blue"":86185,""Violet"":258555,""White"":1034220}"
bindings/BINDINGS,GE-0238,Lightning Swarm Elemental,POWERFUL,True,5000,11000,"{""Red"":11000,""Orange"":17600,""Yellow"":31680,""Green"":66528,""Blue"":166320,""Violet"":498960,""White"":1995840}"
bindings/BINDINGS,GE-0239,Lightning Wisp Elemental,FOUNDATIONAL,True,600,1700,"{""Red"":1700,""Orange"":2720,""Yellow"":4896,""Green"":10282,""Blue"":25705,""Violet"":77115,""White"":308460}"
bindings/BINDINGS,GE-0240,Photonic Colossus Elemental,POWERFUL,True,7600,11000,"{""Red"":11000,""Orange"":17600,""Yellow"":31680,""Green"":66528,""Blue"":166320,""Violet"":498960,""White"":1995840}"
bindings/BINDINGS,GE-0241,Photonic Drake Elemental,POWERFUL,True,8700,11000,"{""Red"":11000,""Orange"":17600,""Yellow"":31680,""Green"":66528,""Blue"":166320,""Violet"":498960,""White"":1995840}"
bindings/BINDINGS,GE-0242,Photonic Hound Elemental,COMMON_SPECIALIZATION,True,2050,3100,"{""Red"":3100,""Orange"":4960,""Yellow"":8928,""Green"":18749,""Blue"":46873,""Violet"":140619,""White"":562476}"
bindings/BINDINGS,GE-0243,Photonic Raptor Elemental,COMMON_SPECIALIZATION,True,2150,3100,"{""Red"":3100,""Orange"":4960,""Yellow"":8928,""Green"":18749,""Blue"":46873,""Violet"":140619,""White"":562476}"
bindings/BINDINGS,GE-0244,Photonic Sentinel Elemental,COMMON_SPECIALIZATION,True,2100,3100,"{""Red"":3100,""Orange"":4960,""Yellow"":8928,""Green"":18749,""Blue"":46873,""Violet"":140619,""White"":562476}"
bindings/BINDINGS,GE-0245,Photonic Serpent Elemental,ADVANCED,True,2900,5700,"{""Red"":5700,""Orange"":9120,""Yellow"":16416,""Green"":34474,""Blue"":86185,""Violet"":258555,""White"":1034220}"
bindings/BINDINGS,GE-0246,Photonic Swarm Elemental,POWERFUL,True,5000,11000,"{""Red"":11000,""Orange"":17600,""Yellow"":31680,""Green"":66528,""Blue"":166320,""Violet"":498960,""White"":1995840}"
bindings/BINDINGS,GE-0247,Photonic Wisp Elemental,FOUNDATIONAL,True,600,1700,"{""Red"":1700,""Orange"":2720,""Yellow"":4896,""Green"":10282,""Blue"":25705,""Violet"":77115,""White"":308460}"
bindings/BINDINGS,GE-0248,Plasma Colossus Elemental,POWERFUL,True,7600,11000,"{""Red"":11000,""Orange"":17600,""Yellow"":31680,""Green"":66528,""Blue"":166320,""Violet"":498960,""White"":1995840}"
bindings/BINDINGS,GE-0249,Plasma Drake Elemental,POWERFUL,True,8700,11000,"{""Red"":11000,""Orange"":17600,""Yellow"":31680,""Green"":66528,""Blue"":166320,""Violet"":498960,""White"":1995840}"
bindings/BINDINGS,GE-0250,Plasma Hound Elemental,COMMON_SPECIALIZATION,True,2050,3100,"{""Red"":3100,""Orange"":4960,""Yellow"":8928,""Green"":18749,""Blue"":46873,""Violet"":140619,""White"":562476}"
bindings/BINDINGS,GE-0251,Plasma Raptor Elemental,COMMON_SPECIALIZATION,True,2150,3100,"{""Red"":3100,""Orange"":4960,""Yellow"":8928,""Green"":18749,""Blue"":46873,""Violet"":140619,""White"":562476}"
bindings/BINDINGS,GE-0252,Plasma Sentinel Elemental,COMMON_SPECIALIZATION,True,2100,3100,"{""Red"":3100,""Orange"":4960,""Yellow"":8928,""Green"":18749,""Blue"":46873,""Violet"":140619,""White"":562476}"
bindings/BINDINGS,GE-0253,Plasma Serpent Elemental,ADVANCED,True,2900,5700,"{""Red"":5700,""Orange"":9120,""Yellow"":16416,""Green"":34474,""Blue"":86185,""Violet"":258555,""White"":1034220}"
bindings/BINDINGS,GE-0254,Plasma Swarm Elemental,POWERFUL,True,5000,11000,"{""Red"":11000,""Orange"":17600,""Yellow"":31680,""Green"":66528,""Blue"":166320,""Violet"":498960,""White"":1995840}"
bindings/BINDINGS,GE-0255,Plasma Wisp Elemental,FOUNDATIONAL,True,600,1700,"{""Red"":1700,""Orange"":2720,""Yellow"":4896,""Green"":10282,""Blue"":25705,""Violet"":77115,""White"":308460}"
bindings/BINDINGS,GE-0256,Sand Colossus Elemental,POWERFUL,True,7600,11000,"{""Red"":11000,""Orange"":17600,""Yellow"":31680,""Green"":66528,""Blue"":166320,""Violet"":498960,""White"":1995840}"
bindings/BINDINGS,GE-0257,Sand Drake Elemental,POWERFUL,True,8700,11000,"{""Red"":11000,""Orange"":17600,""Yellow"":31680,""Green"":66528,""Blue"":166320,""Violet"":498960,""White"":1995840}"
bindings/BINDINGS,GE-0258,Sand Hound Elemental,COMMON_SPECIALIZATION,True,2050,3100,"{""Red"":3100,""Orange"":4960,""Yellow"":8928,""Green"":18749,""Blue"":46873,""Violet"":140619,""White"":562476}"
bindings/BINDINGS,GE-0259,Sand Raptor Elemental,COMMON_SPECIALIZATION,True,2150,3100,"{""Red"":3100,""Orange"":4960,""Yellow"":8928,""Green"":18749,""Blue"":46873,""Violet"":140619,""White"":562476}"
bindings/BINDINGS,GE-0260,Sand Sentinel Elemental,COMMON_SPECIALIZATION,True,2100,3100,"{""Red"":3100,""Orange"":4960,""Yellow"":8928,""Green"":18749,""Blue"":46873,""Violet"":140619,""White"":562476}"
bindings/BINDINGS,GE-0261,Sand Serpent Elemental,ADVANCED,True,2900,5700,"{""Red"":5700,""Orange"":9120,""Yellow"":16416,""Green"":34474,""Blue"":86185,""Violet"":258555,""White"":1034220}"
bindings/BINDINGS,GE-0262,Sand Swarm Elemental,POWERFUL,True,5000,11000,"{""Red"":11000,""Orange"":17600,""Yellow"":31680,""Green"":66528,""Blue"":166320,""Violet"":498960,""White"":1995840}"
bindings/BINDINGS,GE-0263,Sand Wisp Elemental,FOUNDATIONAL,True,600,1700,"{""Red"":1700,""Orange"":2720,""Yellow"":4896,""Green"":10282,""Blue"":25705,""Violet"":77115,""White"":308460}"
bindings/BINDINGS,GE-0264,Smoke Colossus Elemental,POWERFUL,True,7600,11000,"{""Red"":11000,""Orange"":17600,""Yellow"":31680,""Green"":66528,""Blue"":166320,""Violet"":498960,""White"":1995840}"
bindings/BINDINGS,GE-0265,Smoke Drake Elemental,POWERFUL,True,8700,11000,"{""Red"":11000,""Orange"":17600,""Yellow"":31680,""Green"":66528,""Blue"":166320,""Violet"":498960,""White"":1995840}"
bindings/BINDINGS,GE-0266,Smoke Hound Elemental,COMMON_SPECIALIZATION,True,2050,3100,"{""Red"":3100,""Orange"":4960,""Yellow"":8928,""Green"":18749,""Blue"":46873,""Violet"":140619,""White"":562476}"
bindings/BINDINGS,GE-0267,Smoke Raptor Elemental,COMMON_SPECIALIZATION,True,2150,3100,"{""Red"":3100,""Orange"":4960,""Yellow"":8928,""Green"":18749,""Blue"":46873,""Violet"":140619,""White"":562476}"
bindings/BINDINGS,GE-0268,Smoke Sentinel Elemental,COMMON_SPECIALIZATION,True,2100,3100,"{""Red"":3100,""Orange"":4960,""Yellow"":8928,""Green"":18749,""Blue"":46873,""Violet"":140619,""White"":562476}"
bindings/BINDINGS,GE-0269,Smoke Serpent Elemental,ADVANCED,True,2900,5700,"{""Red"":5700,""Orange"":9120,""Yellow"":16416,""Green"":34474,""Blue"":86185,""Violet"":258555,""White"":1034220}"
bindings/BINDINGS,GE-0270,Smoke Swarm Elemental,POWERFUL,True,5000,11000,"{""Red"":11000,""Orange"":17600,""Yellow"":31680,""Green"":66528,""Blue"":166320,""Violet"":498960,""White"":1995840}"
bindings/BINDINGS,GE-0271,Smoke Wisp Elemental,FOUNDATIONAL,True,600,1700,"{""Red"":1700,""Orange"":2720,""Yellow"":4896,""Green"":10282,""Blue"":25705,""Violet"":77115,""White"":308460}"
bindings/BINDINGS,GE-0272,Steam Colossus Elemental,POWERFUL,True,7600,11000,"{""Red"":11000,""Orange"":17600,""Yellow"":31680,""Green"":66528,""Blue"":166320,""Violet"":498960,""White"":1995840}"
bindings/BINDINGS,GE-0273,Steam Drake Elemental,POWERFUL,True,8700,11000,"{""Red"":11000,""Orange"":17600,""Yellow"":31680,""Green"":66528,""Blue"":166320,""Violet"":498960,""White"":1995840}"
bindings/BINDINGS,GE-0274,Steam Hound Elemental,COMMON_SPECIALIZATION,True,2050,3100,"{""Red"":3100,""Orange"":4960,""Yellow"":8928,""Green"":18749,""Blue"":46873,""Violet"":140619,""White"":562476}"
bindings/BINDINGS,GE-0275,Steam Raptor Elemental,COMMON_SPECIALIZATION,True,2150,3100,"{""Red"":3100,""Orange"":4960,""Yellow"":8928,""Green"":18749,""Blue"":46873,""Violet"":140619,""White"":562476}"
bindings/BINDINGS,GE-0276,Steam Sentinel Elemental,COMMON_SPECIALIZATION,True,2100,3100,"{""Red"":3100,""Orange"":4960,""Yellow"":8928,""Green"":18749,""Blue"":46873,""Violet"":140619,""White"":562476}"
bindings/BINDINGS,GE-0277,Steam Serpent Elemental,ADVANCED,True,2900,5700,"{""Red"":5700,""Orange"":9120,""Yellow"":16416,""Green"":34474,""Blue"":86185,""Violet"":258555,""White"":1034220}"
bindings/BINDINGS,GE-0278,Steam Swarm Elemental,POWERFUL,True,5000,11000,"{""Red"":11000,""Orange"":17600,""Yellow"":31680,""Green"":66528,""Blue"":166320,""Violet"":498960,""White"":1995840}"
bindings/BINDINGS,GE-0279,Steam Wisp Elemental,FOUNDATIONAL,True,600,1700,"{""Red"":1700,""Orange"":2720,""Yellow"":4896,""Green"":10282,""Blue"":25705,""Violet"":77115,""White"":308460}"
bindings/BINDINGS,GE-0280,Stone Colossus Elemental,POWERFUL,True,7600,11000,"{""Red"":11000,""Orange"":17600,""Yellow"":31680,""Green"":66528,""Blue"":166320,""Violet"":498960,""White"":1995840}"
bindings/BINDINGS,GE-0281,Stone Drake Elemental,POWERFUL,True,9000,11000,"{""Red"":11000,""Orange"":17600,""Yellow"":31680,""Green"":66528,""Blue"":166320,""Violet"":498960,""White"":1995840}"
bindings/BINDINGS,GE-0282,Stone Hound Elemental,COMMON_SPECIALIZATION,True,2050,3100,"{""Red"":3100,""Orange"":4960,""Yellow"":8928,""Green"":18749,""Blue"":46873,""Violet"":140619,""White"":562476}"
bindings/BINDINGS,GE-0283,Stone Raptor Elemental,COMMON_SPECIALIZATION,True,2150,3100,"{""Red"":3100,""Orange"":4960,""Yellow"":8928,""Green"":18749,""Blue"":46873,""Violet"":140619,""White"":562476}"
bindings/BINDINGS,GE-0284,Stone Sentinel Elemental,COMMON_SPECIALIZATION,True,2100,3100,"{""Red"":3100,""Orange"":4960,""Yellow"":8928,""Green"":18749,""Blue"":46873,""Violet"":140619,""White"":562476}"
bindings/BINDINGS,GE-0285,Stone Serpent Elemental,ADVANCED,True,2900,5700,"{""Red"":5700,""Orange"":9120,""Yellow"":16416,""Green"":34474,""Blue"":86185,""Violet"":258555,""White"":1034220}"
bindings/BINDINGS,GE-0286,Stone Swarm Elemental,POWERFUL,True,5300,11000,"{""Red"":11000,""Orange"":17600,""Yellow"":31680,""Green"":66528,""Blue"":166320,""Violet"":498960,""White"":1995840}"
bindings/BINDINGS,GE-0287,Stone Wisp Elemental,FOUNDATIONAL,True,600,1700,"{""Red"":1700,""Orange"":2720,""Yellow"":4896,""Green"":10282,""Blue"":25705,""Violet"":77115,""White"":308460}"
bindings/BINDINGS,GE-0288,Water Colossus Elemental,POWERFUL,True,7600,11000,"{""Red"":11000,""Orange"":17600,""Yellow"":31680,""Green"":66528,""Blue"":166320,""Violet"":498960,""White"":1995840}"
bindings/BINDINGS,GE-0289,Water Drake Elemental,POWERFUL,True,8700,11000,"{""Red"":11000,""Orange"":17600,""Yellow"":31680,""Green"":66528,""Blue"":166320,""Violet"":498960,""White"":1995840}"
bindings/BINDINGS,GE-0290,Water Hound Elemental,COMMON_SPECIALIZATION,True,2050,3100,"{""Red"":3100,""Orange"":4960,""Yellow"":8928,""Green"":18749,""Blue"":46873,""Violet"":140619,""White"":562476}"
bindings/BINDINGS,GE-0291,Water Raptor Elemental,COMMON_SPECIALIZATION,True,2150,3100,"{""Red"":3100,""Orange"":4960,""Yellow"":8928,""Green"":18749,""Blue"":46873,""Violet"":140619,""White"":562476}"
bindings/BINDINGS,GE-0292,Water Sentinel Elemental,COMMON_SPECIALIZATION,True,2100,3100,"{""Red"":3100,""Orange"":4960,""Yellow"":8928,""Green"":18749,""Blue"":46873,""Violet"":140619,""White"":562476}"
bindings/BINDINGS,GE-0293,Water Serpent Elemental,ADVANCED,True,2900,5700,"{""Red"":5700,""Orange"":9120,""Yellow"":16416,""Green"":34474,""Blue"":86185,""Violet"":258555,""White"":1034220}"
bindings/BINDINGS,GE-0294,Water Swarm Elemental,POWERFUL,True,5000,11000,"{""Red"":11000,""Orange"":17600,""Yellow"":31680,""Green"":66528,""Blue"":166320,""Violet"":498960,""White"":1995840}"
bindings/BINDINGS,GE-0295,Water Wisp Elemental,FOUNDATIONAL,True,600,1700,"{""Red"":1700,""Orange"":2720,""Yellow"":4896,""Green"":10282,""Blue"":25705,""Violet"":77115,""White"":308460}"
bindings/BINDINGS,GE-0296,Wind Colossus Elemental,POWERFUL,True,7600,11000,"{""Red"":11000,""Orange"":17600,""Yellow"":31680,""Green"":66528,""Blue"":166320,""Violet"":498960,""White"":1995840}"
bindings/BINDINGS,GE-0297,Wind Drake Elemental,POWERFUL,True,9000,11000,"{""Red"":11000,""Orange"":17600,""Yellow"":31680,""Green"":66528,""Blue"":166320,""Violet"":498960,""White"":1995840}"
bindings/BINDINGS,GE-0298,Wind Hound Elemental,COMMON_SPECIALIZATION,True,2050,3100,"{""Red"":3100,""Orange"":4960,""Yellow"":8928,""Green"":18749,""Blue"":46873,""Violet"":140619,""White"":562476}"
bindings/BINDINGS,GE-0299,Wind Raptor Elemental,COMMON_SPECIALIZATION,True,2150,3100,"{""Red"":3100,""Orange"":4960,""Yellow"":8928,""Green"":18749,""Blue"":46873,""Violet"":140619,""White"":562476}"
bindings/BINDINGS,GE-0300,Wind Sentinel Elemental,COMMON_SPECIALIZATION,True,2100,3100,"{""Red"":3100,""Orange"":4960,""Yellow"":8928,""Green"":18749,""Blue"":46873,""Violet"":140619,""White"":562476}"
bindings/BINDINGS,GE-0301,Wind Serpent Elemental,ADVANCED,True,2900,5700,"{""Red"":5700,""Orange"":9120,""Yellow"":16416,""Green"":34474,""Blue"":86185,""Violet"":258555,""White"":1034220}"
bindings/BINDINGS,GE-0302,Wind Swarm Elemental,POWERFUL,True,5300,11000,"{""Red"":11000,""Orange"":17600,""Yellow"":31680,""Green"":66528,""Blue"":166320,""Violet"":498960,""White"":1995840}"
bindings/BINDINGS,GE-0303,Wind Wisp Elemental,FOUNDATIONAL,True,600,1700,"{""Red"":1700,""Orange"":2720,""Yellow"":4896,""Green"":10282,""Blue"":25705,""Violet"":77115,""White"":308460}"
bindings/BINDINGS,GE-0304,Forking Glass Arc,COMMON_SPECIALIZATION,True,1700,3100,"{""Red"":3100,""Orange"":4960,""Yellow"":8928,""Green"":18749,""Blue"":46873,""Violet"":140619,""White"":562476}"
bindings/BINDINGS,GE-0305,Single Glass Arc,COMMON_SPECIALIZATION,True,1700,3100,"{""Red"":3100,""Orange"":4960,""Yellow"":8928,""Green"":18749,""Blue"":46873,""Violet"":140619,""White"":562476}"
bindings/BINDINGS,GE-0306,Burst Glass Beam,ADVANCED,True,2800,5700,"{""Red"":5700,""Orange"":9120,""Yellow"":16416,""Green"":34474,""Blue"":86185,""Violet"":258555,""White"":1034220}"
bindings/BINDINGS,GE-0307,Channeled Glass Beam,ADVANCED,True,3500,5700,"{""Red"":5700,""Orange"":9120,""Yellow"":16416,""Green"":34474,""Blue"":86185,""Violet"":258555,""White"":1034220}"
bindings/BINDINGS,GE-0308,Implosive Glass Burst,COMMON_SPECIALIZATION,True,2000,3100,"{""Red"":3100,""Orange"":4960,""Yellow"":8928,""Green"":18749,""Blue"":46873,""Violet"":140619,""White"":562476}"
bindings/BINDINGS,GE-0309,Outward Glass Burst,COMMON_SPECIALIZATION,True,2000,3100,"{""Red"":3100,""Orange"":4960,""Yellow"":8928,""Green"":18749,""Blue"":46873,""Violet"":140619,""White"":562476}"
bindings/BINDINGS,GE-0310,Mobile Glass Field,ADVANCED,True,3500,5700,"{""Red"":5700,""Orange"":9120,""Yellow"":16416,""Green"":34474,""Blue"":86185,""Violet"":258555,""White"":1034220}"
bindings/BINDINGS,GE-0311,Static Glass Field,ADVANCED,True,2800,5700,"{""Red"":5700,""Orange"":9120,""Yellow"":16416,""Green"":34474,""Blue"":86185,""Violet"":258555,""White"":1034220}"
bindings/BINDINGS,GE-0312,Focused Glass Jet,COMMON_SPECIALIZATION,True,1600,3100,"{""Red"":3100,""Orange"":4960,""Yellow"":8928,""Green"":18749,""Blue"":46873,""Violet"":140619,""White"":562476}"
bindings/BINDINGS,GE-0313,Sweeping Glass Jet,COMMON_SPECIALIZATION,True,2400,3100,"{""Red"":3100,""Orange"":4960,""Yellow"":8928,""Green"":18749,""Blue"":46873,""Violet"":140619,""White"":562476}"
bindings/BINDINGS,GE-0314,Piercing Glass Lance,COMMON_SPECIALIZATION,True,2100,3100,"{""Red"":3100,""Orange"":4960,""Yellow"":8928,""Green"":18749,""Blue"":46873,""Violet"":140619,""White"":562476}"
bindings/BINDINGS,GE-0315,Staged Glass Lance,COMMON_SPECIALIZATION,True,2100,3100,"{""Red"":3100,""Orange"":4960,""Yellow"":8928,""Green"":18749,""Blue"":46873,""Violet"":140619,""White"":562476}"
bindings/BINDINGS,GE-0316,Controlled Glass Orb,ADVANCED,True,2900,5700,"{""Red"":5700,""Orange"":9120,""Yellow"":16416,""Green"":34474,""Blue"":86185,""Violet"":258555,""White"":1034220}"
bindings/BINDINGS,GE-0317,Detonating Glass Orb,COMMON_SPECIALIZATION,True,2200,3100,"{""Red"":3100,""Orange"":4960,""Yellow"":8928,""Green"":18749,""Blue"":46873,""Violet"":140619,""White"":562476}"
bindings/BINDINGS,GE-0318,Overcharged Glass Projectile,COMMON_SPECIALIZATION,True,1100,3100,"{""Red"":3100,""Orange"":4960,""Yellow"":8928,""Green"":18749,""Blue"":46873,""Violet"":140619,""White"":562476}"
bindings/BINDINGS,GE-0319,Released Glass Projectile,COMMON_SPECIALIZATION,True,1100,3100,"{""Red"":3100,""Orange"":4960,""Yellow"":8928,""Green"":18749,""Blue"":46873,""Violet"":140619,""White"":562476}"
bindings/BINDINGS,GE-0320,Contracting Glass Ring,ADVANCED,True,2900,5700,"{""Red"":5700,""Orange"":9120,""Yellow"":16416,""Green"":34474,""Blue"":86185,""Violet"":258555,""White"":1034220}"
bindings/BINDINGS,GE-0321,Expanding Glass Ring,ADVANCED,True,2900,5700,"{""Red"":5700,""Orange"":9120,""Yellow"":16416,""Green"":34474,""Blue"":86185,""Violet"":258555,""White"":1034220}"
bindings/BINDINGS,GE-0322,Repeating Glass Wave,ADVANCED,True,2700,5700,"{""Red"":5700,""Orange"":9120,""Yellow"":16416,""Green"":34474,""Blue"":86185,""Violet"":258555,""White"":1034220}"
bindings/BINDINGS,GE-0323,Single-Front Glass Wave,ADVANCED,True,2700,5700,"{""Red"":5700,""Orange"":9120,""Yellow"":16416,""Green"":34474,""Blue"":86185,""Violet"":258555,""White"":1034220}"
bindings/BINDINGS,GE-0324,Forking Iron Arc,COMMON_SPECIALIZATION,True,1700,3100,"{""Red"":3100,""Orange"":4960,""Yellow"":8928,""Green"":18749,""Blue"":46873,""Violet"":140619,""White"":562476}"
bindings/BINDINGS,GE-0325,Single Iron Arc,COMMON_SPECIALIZATION,True,1700,3100,"{""Red"":3100,""Orange"":4960,""Yellow"":8928,""Green"":18749,""Blue"":46873,""Violet"":140619,""White"":562476}"
bindings/BINDINGS,GE-0326,Burst Iron Beam,ADVANCED,True,2800,5700,"{""Red"":5700,""Orange"":9120,""Yellow"":16416,""Green"":34474,""Blue"":86185,""Violet"":258555,""White"":1034220}"
bindings/BINDINGS,GE-0327,Channeled Iron Beam,ADVANCED,True,3500,5700,"{""Red"":5700,""Orange"":9120,""Yellow"":16416,""Green"":34474,""Blue"":86185,""Violet"":258555,""White"":1034220}"
bindings/BINDINGS,GE-0328,Implosive Iron Burst,COMMON_SPECIALIZATION,True,2000,3100,"{""Red"":3100,""Orange"":4960,""Yellow"":8928,""Green"":18749,""Blue"":46873,""Violet"":140619,""White"":562476}"
bindings/BINDINGS,GE-0329,Outward Iron Burst,COMMON_SPECIALIZATION,True,2000,3100,"{""Red"":3100,""Orange"":4960,""Yellow"":8928,""Green"":18749,""Blue"":46873,""Violet"":140619,""White"":562476}"
bindings/BINDINGS,GE-0330,Mobile Iron Field,ADVANCED,True,3500,5700,"{""Red"":5700,""Orange"":9120,""Yellow"":16416,""Green"":34474,""Blue"":86185,""Violet"":258555,""White"":1034220}"
bindings/BINDINGS,GE-0331,Static Iron Field,ADVANCED,True,2800,5700,"{""Red"":5700,""Orange"":9120,""Yellow"":16416,""Green"":34474,""Blue"":86185,""Violet"":258555,""White"":1034220}"
bindings/BINDINGS,GE-0332,Focused Iron Jet,COMMON_SPECIALIZATION,True,1600,3100,"{""Red"":3100,""Orange"":4960,""Yellow"":8928,""Green"":18749,""Blue"":46873,""Violet"":140619,""White"":562476}"
bindings/BINDINGS,GE-0333,Sweeping Iron Jet,COMMON_SPECIALIZATION,True,2400,3100,"{""Red"":3100,""Orange"":4960,""Yellow"":8928,""Green"":18749,""Blue"":46873,""Violet"":140619,""White"":562476}"
bindings/BINDINGS,GE-0334,Piercing Iron Lance,COMMON_SPECIALIZATION,True,2100,3100,"{""Red"":3100,""Orange"":4960,""Yellow"":8928,""Green"":18749,""Blue"":46873,""Violet"":140619,""White"":562476}"
bindings/BINDINGS,GE-0335,Staged Iron Lance,COMMON_SPECIALIZATION,True,2100,3100,"{""Red"":3100,""Orange"":4960,""Yellow"":8928,""Green"":18749,""Blue"":46873,""Violet"":140619,""White"":562476}"
bindings/BINDINGS,GE-0336,Controlled Iron Orb,ADVANCED,True,2900,5700,"{""Red"":5700,""Orange"":9120,""Yellow"":16416,""Green"":34474,""Blue"":86185,""Violet"":258555,""White"":1034220}"
bindings/BINDINGS,GE-0337,Detonating Iron Orb,COMMON_SPECIALIZATION,True,2200,3100,"{""Red"":3100,""Orange"":4960,""Yellow"":8928,""Green"":18749,""Blue"":46873,""Violet"":140619,""White"":562476}"
bindings/BINDINGS,GE-0338,Overcharged Iron Projectile,COMMON_SPECIALIZATION,True,1100,3100,"{""Red"":3100,""Orange"":4960,""Yellow"":8928,""Green"":18749,""Blue"":46873,""Violet"":140619,""White"":562476}"
bindings/BINDINGS,GE-0339,Released Iron Projectile,COMMON_SPECIALIZATION,True,1100,3100,"{""Red"":3100,""Orange"":4960,""Yellow"":8928,""Green"":18749,""Blue"":46873,""Violet"":140619,""White"":562476}"
bindings/BINDINGS,GE-0340,Contracting Iron Ring,ADVANCED,True,2900,5700,"{""Red"":5700,""Orange"":9120,""Yellow"":16416,""Green"":34474,""Blue"":86185,""Violet"":258555,""White"":1034220}"
bindings/BINDINGS,GE-0341,Expanding Iron Ring,ADVANCED,True,2900,5700,"{""Red"":5700,""Orange"":9120,""Yellow"":16416,""Green"":34474,""Blue"":86185,""Violet"":258555,""White"":1034220}"
bindings/BINDINGS,GE-0342,Repeating Iron Wave,ADVANCED,True,2700,5700,"{""Red"":5700,""Orange"":9120,""Yellow"":16416,""Green"":34474,""Blue"":86185,""Violet"":258555,""White"":1034220}"
bindings/BINDINGS,GE-0343,Single-Front Iron Wave,ADVANCED,True,2700,5700,"{""Red"":5700,""Orange"":9120,""Yellow"":16416,""Green"":34474,""Blue"":86185,""Violet"":258555,""White"":1034220}"
bindings/BINDINGS,GE-0344,Forking Kinetic Arc,COMMON_SPECIALIZATION,True,1700,3100,"{""Red"":3100,""Orange"":4960,""Yellow"":8928,""Green"":18749,""Blue"":46873,""Violet"":140619,""White"":562476}"
bindings/BINDINGS,GE-0345,Single Kinetic Arc,COMMON_SPECIALIZATION,True,1700,3100,"{""Red"":3100,""Orange"":4960,""Yellow"":8928,""Green"":18749,""Blue"":46873,""Violet"":140619,""White"":562476}"
bindings/BINDINGS,GE-0346,Burst Kinetic Beam,ADVANCED,True,2800,5700,"{""Red"":5700,""Orange"":9120,""Yellow"":16416,""Green"":34474,""Blue"":86185,""Violet"":258555,""White"":1034220}"
bindings/BINDINGS,GE-0347,Channeled Kinetic Beam,ADVANCED,True,3500,5700,"{""Red"":5700,""Orange"":9120,""Yellow"":16416,""Green"":34474,""Blue"":86185,""Violet"":258555,""White"":1034220}"
bindings/BINDINGS,GE-0348,Implosive Kinetic Burst,COMMON_SPECIALIZATION,True,2000,3100,"{""Red"":3100,""Orange"":4960,""Yellow"":8928,""Green"":18749,""Blue"":46873,""Violet"":140619,""White"":562476}"
bindings/BINDINGS,GE-0349,Outward Kinetic Burst,COMMON_SPECIALIZATION,True,2000,3100,"{""Red"":3100,""Orange"":4960,""Yellow"":8928,""Green"":18749,""Blue"":46873,""Violet"":140619,""White"":562476}"
bindings/BINDINGS,GE-0350,Mobile Kinetic Field,ADVANCED,True,3500,5700,"{""Red"":5700,""Orange"":9120,""Yellow"":16416,""Green"":34474,""Blue"":86185,""Violet"":258555,""White"":1034220}"
bindings/BINDINGS,GE-0351,Static Kinetic Field,ADVANCED,True,2800,5700,"{""Red"":5700,""Orange"":9120,""Yellow"":16416,""Green"":34474,""Blue"":86185,""Violet"":258555,""White"":1034220}"
bindings/BINDINGS,GE-0352,Focused Kinetic Jet,COMMON_SPECIALIZATION,True,1600,3100,"{""Red"":3100,""Orange"":4960,""Yellow"":8928,""Green"":18749,""Blue"":46873,""Violet"":140619,""White"":562476}"
bindings/BINDINGS,GE-0353,Sweeping Kinetic Jet,COMMON_SPECIALIZATION,True,2400,3100,"{""Red"":3100,""Orange"":4960,""Yellow"":8928,""Green"":18749,""Blue"":46873,""Violet"":140619,""White"":562476}"
bindings/BINDINGS,GE-0354,Piercing Kinetic Lance,COMMON_SPECIALIZATION,True,2100,3100,"{""Red"":3100,""Orange"":4960,""Yellow"":8928,""Green"":18749,""Blue"":46873,""Violet"":140619,""White"":562476}"
bindings/BINDINGS,GE-0355,Staged Kinetic Lance,COMMON_SPECIALIZATION,True,2100,3100,"{""Red"":3100,""Orange"":4960,""Yellow"":8928,""Green"":18749,""Blue"":46873,""Violet"":140619,""White"":562476}"
bindings/BINDINGS,GE-0356,Controlled Kinetic Orb,ADVANCED,True,2900,5700,"{""Red"":5700,""Orange"":9120,""Yellow"":16416,""Green"":34474,""Blue"":86185,""Violet"":258555,""White"":1034220}"
bindings/BINDINGS,GE-0357,Detonating Kinetic Orb,COMMON_SPECIALIZATION,True,2200,3100,"{""Red"":3100,""Orange"":4960,""Yellow"":8928,""Green"":18749,""Blue"":46873,""Violet"":140619,""White"":562476}"
bindings/BINDINGS,GE-0358,Overcharged Kinetic Projectile,COMMON_SPECIALIZATION,True,1100,3100,"{""Red"":3100,""Orange"":4960,""Yellow"":8928,""Green"":18749,""Blue"":46873,""Violet"":140619,""White"":562476}"
bindings/BINDINGS,GE-0359,Released Kinetic Projectile,COMMON_SPECIALIZATION,True,1100,3100,"{""Red"":3100,""Orange"":4960,""Yellow"":8928,""Green"":18749,""Blue"":46873,""Violet"":140619,""White"":562476}"
bindings/BINDINGS,GE-0360,Contracting Kinetic Ring,ADVANCED,True,2900,5700,"{""Red"":5700,""Orange"":9120,""Yellow"":16416,""Green"":34474,""Blue"":86185,""Violet"":258555,""White"":1034220}"
bindings/BINDINGS,GE-0361,Expanding Kinetic Ring,ADVANCED,True,2900,5700,"{""Red"":5700,""Orange"":9120,""Yellow"":16416,""Green"":34474,""Blue"":86185,""Violet"":258555,""White"":1034220}"
bindings/BINDINGS,GE-0362,Repeating Kinetic Wave,ADVANCED,True,2700,5700,"{""Red"":5700,""Orange"":9120,""Yellow"":16416,""Green"":34474,""Blue"":86185,""Violet"":258555,""White"":1034220}"
bindings/BINDINGS,GE-0363,Single-Front Kinetic Wave,ADVANCED,True,2700,5700,"{""Red"":5700,""Orange"":9120,""Yellow"":16416,""Green"":34474,""Blue"":86185,""Violet"":258555,""White"":1034220}"
bindings/BINDINGS,GE-0364,Forking Magnetic Arc,COMMON_SPECIALIZATION,True,1700,3100,"{""Red"":3100,""Orange"":4960,""Yellow"":8928,""Green"":18749,""Blue"":46873,""Violet"":140619,""White"":562476}"
bindings/BINDINGS,GE-0365,Single Magnetic Arc,COMMON_SPECIALIZATION,True,1700,3100,"{""Red"":3100,""Orange"":4960,""Yellow"":8928,""Green"":18749,""Blue"":46873,""Violet"":140619,""White"":562476}"
bindings/BINDINGS,GE-0366,Burst Magnetic Beam,ADVANCED,True,2800,5700,"{""Red"":5700,""Orange"":9120,""Yellow"":16416,""Green"":34474,""Blue"":86185,""Violet"":258555,""White"":1034220}"
bindings/BINDINGS,GE-0367,Channeled Magnetic Beam,ADVANCED,True,3500,5700,"{""Red"":5700,""Orange"":9120,""Yellow"":16416,""Green"":34474,""Blue"":86185,""Violet"":258555,""White"":1034220}"
bindings/BINDINGS,GE-0368,Implosive Magnetic Burst,COMMON_SPECIALIZATION,True,2000,3100,"{""Red"":3100,""Orange"":4960,""Yellow"":8928,""Green"":18749,""Blue"":46873,""Violet"":140619,""White"":562476}"
bindings/BINDINGS,GE-0369,Outward Magnetic Burst,COMMON_SPECIALIZATION,True,2000,3100,"{""Red"":3100,""Orange"":4960,""Yellow"":8928,""Green"":18749,""Blue"":46873,""Violet"":140619,""White"":562476}"
bindings/BINDINGS,GE-0370,Mobile Magnetic Field,ADVANCED,True,3500,5700,"{""Red"":5700,""Orange"":9120,""Yellow"":16416,""Green"":34474,""Blue"":86185,""Violet"":258555,""White"":1034220}"
bindings/BINDINGS,GE-0371,Static Magnetic Field,ADVANCED,True,2800,5700,"{""Red"":5700,""Orange"":9120,""Yellow"":16416,""Green"":34474,""Blue"":86185,""Violet"":258555,""White"":1034220}"
bindings/BINDINGS,GE-0372,Focused Magnetic Jet,COMMON_SPECIALIZATION,True,1600,3100,"{""Red"":3100,""Orange"":4960,""Yellow"":8928,""Green"":18749,""Blue"":46873,""Violet"":140619,""White"":562476}"
bindings/BINDINGS,GE-0373,Sweeping Magnetic Jet,COMMON_SPECIALIZATION,True,2400,3100,"{""Red"":3100,""Orange"":4960,""Yellow"":8928,""Green"":18749,""Blue"":46873,""Violet"":140619,""White"":562476}"
bindings/BINDINGS,GE-0374,Piercing Magnetic Lance,COMMON_SPECIALIZATION,True,2100,3100,"{""Red"":3100,""Orange"":4960,""Yellow"":8928,""Green"":18749,""Blue"":46873,""Violet"":140619,""White"":562476}"
bindings/BINDINGS,GE-0375,Staged Magnetic Lance,COMMON_SPECIALIZATION,True,2100,3100,"{""Red"":3100,""Orange"":4960,""Yellow"":8928,""Green"":18749,""Blue"":46873,""Violet"":140619,""White"":562476}"
bindings/BINDINGS,GE-0376,Controlled Magnetic Orb,ADVANCED,True,2900,5700,"{""Red"":5700,""Orange"":9120,""Yellow"":16416,""Green"":34474,""Blue"":86185,""Violet"":258555,""White"":1034220}"
bindings/BINDINGS,GE-0377,Detonating Magnetic Orb,COMMON_SPECIALIZATION,True,2200,3100,"{""Red"":3100,""Orange"":4960,""Yellow"":8928,""Green"":18749,""Blue"":46873,""Violet"":140619,""White"":562476}"
bindings/BINDINGS,GE-0378,Overcharged Magnetic Projectile,COMMON_SPECIALIZATION,True,1100,3100,"{""Red"":3100,""Orange"":4960,""Yellow"":8928,""Green"":18749,""Blue"":46873,""Violet"":140619,""White"":562476}"
bindings/BINDINGS,GE-0379,Released Magnetic Projectile,COMMON_SPECIALIZATION,True,1100,3100,"{""Red"":3100,""Orange"":4960,""Yellow"":8928,""Green"":18749,""Blue"":46873,""Violet"":140619,""White"":562476}"
bindings/BINDINGS,GE-0380,Contracting Magnetic Ring,ADVANCED,True,2900,5700,"{""Red"":5700,""Orange"":9120,""Yellow"":16416,""Green"":34474,""Blue"":86185,""Violet"":258555,""White"":1034220}"
bindings/BINDINGS,GE-0381,Expanding Magnetic Ring,ADVANCED,True,2900,5700,"{""Red"":5700,""Orange"":9120,""Yellow"":16416,""Green"":34474,""Blue"":86185,""Violet"":258555,""White"":1034220}"
bindings/BINDINGS,GE-0382,Repeating Magnetic Wave,ADVANCED,True,2700,5700,"{""Red"":5700,""Orange"":9120,""Yellow"":16416,""Green"":34474,""Blue"":86185,""Violet"":258555,""White"":1034220}"
bindings/BINDINGS,GE-0383,Single-Front Magnetic Wave,ADVANCED,True,2700,5700,"{""Red"":5700,""Orange"":9120,""Yellow"":16416,""Green"":34474,""Blue"":86185,""Violet"":258555,""White"":1034220}"
bindings/BINDINGS,GE-0384,Forking Mineral Arc,COMMON_SPECIALIZATION,True,1700,3100,"{""Red"":3100,""Orange"":4960,""Yellow"":8928,""Green"":18749,""Blue"":46873,""Violet"":140619,""White"":562476}"
bindings/BINDINGS,GE-0385,Single Mineral Arc,COMMON_SPECIALIZATION,True,1700,3100,"{""Red"":3100,""Orange"":4960,""Yellow"":8928,""Green"":18749,""Blue"":46873,""Violet"":140619,""White"":562476}"
bindings/BINDINGS,GE-0386,Burst Mineral Beam,ADVANCED,True,2800,5700,"{""Red"":5700,""Orange"":9120,""Yellow"":16416,""Green"":34474,""Blue"":86185,""Violet"":258555,""White"":1034220}"
bindings/BINDINGS,GE-0387,Channeled Mineral Beam,ADVANCED,True,3500,5700,"{""Red"":5700,""Orange"":9120,""Yellow"":16416,""Green"":34474,""Blue"":86185,""Violet"":258555,""White"":1034220}"
bindings/BINDINGS,GE-0388,Implosive Mineral Burst,COMMON_SPECIALIZATION,True,2000,3100,"{""Red"":3100,""Orange"":4960,""Yellow"":8928,""Green"":18749,""Blue"":46873,""Violet"":140619,""White"":562476}"
bindings/BINDINGS,GE-0389,Outward Mineral Burst,COMMON_SPECIALIZATION,True,2000,3100,"{""Red"":3100,""Orange"":4960,""Yellow"":8928,""Green"":18749,""Blue"":46873,""Violet"":140619,""White"":562476}"
bindings/BINDINGS,GE-0390,Mobile Mineral Field,ADVANCED,True,3500,5700,"{""Red"":5700,""Orange"":9120,""Yellow"":16416,""Green"":34474,""Blue"":86185,""Violet"":258555,""White"":1034220}"
bindings/BINDINGS,GE-0391,Static Mineral Field,ADVANCED,True,2800,5700,"{""Red"":5700,""Orange"":9120,""Yellow"":16416,""Green"":34474,""Blue"":86185,""Violet"":258555,""White"":1034220}"
bindings/BINDINGS,GE-0392,Focused Mineral Jet,COMMON_SPECIALIZATION,True,1600,3100,"{""Red"":3100,""Orange"":4960,""Yellow"":8928,""Green"":18749,""Blue"":46873,""Violet"":140619,""White"":562476}"
bindings/BINDINGS,GE-0393,Sweeping Mineral Jet,COMMON_SPECIALIZATION,True,2400,3100,"{""Red"":3100,""Orange"":4960,""Yellow"":8928,""Green"":18749,""Blue"":46873,""Violet"":140619,""White"":562476}"
bindings/BINDINGS,GE-0394,Piercing Mineral Lance,COMMON_SPECIALIZATION,True,2100,3100,"{""Red"":3100,""Orange"":4960,""Yellow"":8928,""Green"":18749,""Blue"":46873,""Violet"":140619,""White"":562476}"
bindings/BINDINGS,GE-0395,Staged Mineral Lance,COMMON_SPECIALIZATION,True,2100,3100,"{""Red"":3100,""Orange"":4960,""Yellow"":8928,""Green"":18749,""Blue"":46873,""Violet"":140619,""White"":562476}"
bindings/BINDINGS,GE-0396,Controlled Mineral Orb,ADVANCED,True,2900,5700,"{""Red"":5700,""Orange"":9120,""Yellow"":16416,""Green"":34474,""Blue"":86185,""Violet"":258555,""White"":1034220}"
bindings/BINDINGS,GE-0397,Detonating Mineral Orb,COMMON_SPECIALIZATION,True,2200,3100,"{""Red"":3100,""Orange"":4960,""Yellow"":8928,""Green"":18749,""Blue"":46873,""Violet"":140619,""White"":562476}"
bindings/BINDINGS,GE-0398,Overcharged Mineral Projectile,COMMON_SPECIALIZATION,True,1100,3100,"{""Red"":3100,""Orange"":4960,""Yellow"":8928,""Green"":18749,""Blue"":46873,""Violet"":140619,""White"":562476}"
bindings/BINDINGS,GE-0399,Released Mineral Projectile,COMMON_SPECIALIZATION,True,1100,3100,"{""Red"":3100,""Orange"":4960,""Yellow"":8928,""Green"":18749,""Blue"":46873,""Violet"":140619,""White"":562476}"
bindings/BINDINGS,GE-0400,Contracting Mineral Ring,ADVANCED,True,2900,5700,"{""Red"":5700,""Orange"":9120,""Yellow"":16416,""Green"":34474,""Blue"":86185,""Violet"":258555,""White"":1034220}"
bindings/BINDINGS,GE-0401,Expanding Mineral Ring,ADVANCED,True,2900,5700,"{""Red"":5700,""Orange"":9120,""Yellow"":16416,""Green"":34474,""Blue"":86185,""Violet"":258555,""White"":1034220}"
bindings/BINDINGS,GE-0402,Repeating Mineral Wave,ADVANCED,True,2700,5700,"{""Red"":5700,""Orange"":9120,""Yellow"":16416,""Green"":34474,""Blue"":86185,""Violet"":258555,""White"":1034220}"
bindings/BINDINGS,GE-0403,Single-Front Mineral Wave,ADVANCED,True,2700,5700,"{""Red"":5700,""Orange"":9120,""Yellow"":16416,""Green"":34474,""Blue"":86185,""Violet"":258555,""White"":1034220}"
bindings/BINDINGS,GE-0404,Arc Barrage Pattern,COMMON_SPECIALIZATION,True,1700,3100,"{""Red"":3100,""Orange"":4960,""Yellow"":8928,""Green"":18749,""Blue"":46873,""Violet"":140619,""White"":562476}"
bindings/BINDINGS,GE-0405,Barrage Pattern,ADVANCED,True,3300,5700,"{""Red"":5700,""Orange"":9120,""Yellow"":16416,""Green"":34474,""Blue"":86185,""Violet"":258555,""White"":1034220}"
bindings/BINDINGS,GE-0406,Carpet Pattern,ADVANCED,True,3300,5700,"{""Red"":5700,""Orange"":9120,""Yellow"":16416,""Green"":34474,""Blue"":86185,""Violet"":258555,""White"":1034220}"
bindings/BINDINGS,GE-0407,Cascade Pattern,COMMON_SPECIALIZATION,True,1700,3100,"{""Red"":3100,""Orange"":4960,""Yellow"":8928,""Green"":18749,""Blue"":46873,""Violet"":140619,""White"":562476}"
bindings/BINDINGS,GE-0408,Corkscrew Pattern,COMMON_SPECIALIZATION,True,1700,3100,"{""Red"":3100,""Orange"":4960,""Yellow"":8928,""Green"":18749,""Blue"":46873,""Violet"":140619,""White"":562476}"
bindings/BINDINGS,GE-0409,Crossfire Pattern,ADVANCED,True,3300,5700,"{""Red"":5700,""Orange"":9120,""Yellow"":16416,""Green"":34474,""Blue"":86185,""Violet"":258555,""White"":1034220}"
bindings/BINDINGS,GE-0410,Delayed Split Pattern,COMMON_SPECIALIZATION,True,2400,3100,"{""Red"":3100,""Orange"":4960,""Yellow"":8928,""Green"":18749,""Blue"":46873,""Violet"":140619,""White"":562476}"
bindings/BINDINGS,GE-0411,Echo Pattern,COMMON_SPECIALIZATION,True,2300,3100,"{""Red"":3100,""Orange"":4960,""Yellow"":8928,""Green"":18749,""Blue"":46873,""Violet"":140619,""White"":562476}"
bindings/BINDINGS,GE-0412,Fan Pattern,COMMON_SPECIALIZATION,True,1700,3100,"{""Red"":3100,""Orange"":4960,""Yellow"":8928,""Green"":18749,""Blue"":46873,""Violet"":140619,""White"":562476}"
bindings/BINDINGS,GE-0413,Focus Barrage Pattern,ADVANCED,True,3300,5700,"{""Red"":5700,""Orange"":9120,""Yellow"":16416,""Green"":34474,""Blue"":86185,""Violet"":258555,""White"":1034220}"
bindings/BINDINGS,GE-0414,Fork Pattern,COMMON_SPECIALIZATION,True,1700,3100,"{""Red"":3100,""Orange"":4960,""Yellow"":8928,""Green"":18749,""Blue"":46873,""Violet"":140619,""White"":562476}"
bindings/BINDINGS,GE-0415,Grid Pattern,ADVANCED,True,3300,5700,"{""Red"":5700,""Orange"":9120,""Yellow"":16416,""Green"":34474,""Blue"":86185,""Violet"":258555,""White"":1034220}"
bindings/BINDINGS,GE-0416,Halo Pattern Pattern,COMMON_SPECIALIZATION,True,2300,3100,"{""Red"":3100,""Orange"":4960,""Yellow"":8928,""Green"":18749,""Blue"":46873,""Violet"":140619,""White"":562476}"
bindings/BINDINGS,GE-0417,Hammer Pattern,COMMON_SPECIALIZATION,True,1700,3100,"{""Red"":3100,""Orange"":4960,""Yellow"":8928,""Green"":18749,""Blue"":46873,""Violet"":140619,""White"":562476}"
bindings/BINDINGS,GE-0418,Ladder Pattern,COMMON_SPECIALIZATION,True,1700,3100,"{""Red"":3100,""Orange"":4960,""Yellow"":8928,""Green"":18749,""Blue"":46873,""Violet"":140619,""White"":562476}"
bindings/BINDINGS,GE-0419,Mirror Pattern,COMMON_SPECIALIZATION,True,2400,3100,"{""Red"":3100,""Orange"":4960,""Yellow"":8928,""Green"":18749,""Blue"":46873,""Violet"":140619,""White"":562476}"
bindings/BINDINGS,GE-0420,Net Pattern,ADVANCED,True,3300,5700,"{""Red"":5700,""Orange"":9120,""Yellow"":16416,""Green"":34474,""Blue"":86185,""Violet"":258555,""White"":1034220}"
bindings/BINDINGS,GE-0421,Offset Pattern,COMMON_SPECIALIZATION,True,1700,3100,"{""Red"":3100,""Orange"":4960,""Yellow"":8928,""Green"":18749,""Blue"":46873,""Violet"":140619,""White"":562476}"
bindings/BINDINGS,GE-0422,Overlap Pattern,COMMON_SPECIALIZATION,True,2400,3100,"{""Red"":3100,""Orange"":4960,""Yellow"":8928,""Green"":18749,""Blue"":46873,""Violet"":140619,""White"":562476}"
bindings/BINDINGS,GE-0423,Pincer Pattern,COMMON_SPECIALIZATION,True,1700,3100,"{""Red"":3100,""Orange"":4960,""Yellow"":8928,""Green"":18749,""Blue"":46873,""Violet"":140619,""White"":562476}"
bindings/BINDINGS,GE-0424,Pinwheel Pattern,COMMON_SPECIALIZATION,True,1700,3100,"{""Red"":3100,""Orange"":4960,""Yellow"":8928,""Green"":18749,""Blue"":46873,""Violet"":140619,""White"":562476}"
bindings/BINDINGS,GE-0425,Precision Volley Pattern,COMMON_SPECIALIZATION,True,1700,3100,"{""Red"":3100,""Orange"":4960,""Yellow"":8928,""Green"":18749,""Blue"":46873,""Violet"":140619,""White"":562476}"
bindings/BINDINGS,GE-0426,Pulse Chain Pattern,COMMON_SPECIALIZATION,True,1700,3100,"{""Red"":3100,""Orange"":4960,""Yellow"":8928,""Green"":18749,""Blue"":46873,""Violet"":140619,""White"":562476}"
bindings/BINDINGS,GE-0427,Pulse Grid Pattern,ADVANCED,True,3300,5700,"{""Red"":5700,""Orange"":9120,""Yellow"":16416,""Green"":34474,""Blue"":86185,""Violet"":258555,""White"":1034220}"
bindings/BINDINGS,GE-0428,Quad Pattern,COMMON_SPECIALIZATION,True,2400,3100,"{""Red"":3100,""Orange"":4960,""Yellow"":8928,""Green"":18749,""Blue"":46873,""Violet"":140619,""White"":562476}"
bindings/BINDINGS,GE-0429,Rain Pattern,COMMON_SPECIALIZATION,True,2300,3100,"{""Red"":3100,""Orange"":4960,""Yellow"":8928,""Green"":18749,""Blue"":46873,""Violet"":140619,""White"":562476}"
bindings/BINDINGS,GE-0430,Rainburst Pattern,COMMON_SPECIALIZATION,True,1700,3100,"{""Red"":3100,""Orange"":4960,""Yellow"":8928,""Green"":18749,""Blue"":46873,""Violet"":140619,""White"":562476}"
bindings/BINDINGS,GE-0431,Reverse Pattern,COMMON_SPECIALIZATION,True,1700,3100,"{""Red"":3100,""Orange"":4960,""Yellow"":8928,""Green"":18749,""Blue"":46873,""Violet"":140619,""White"":562476}"
bindings/BINDINGS,GE-0432,Ring Barrage Pattern,COMMON_SPECIALIZATION,True,1700,3100,"{""Red"":3100,""Orange"":4960,""Yellow"":8928,""Green"":18749,""Blue"":46873,""Violet"":140619,""White"":562476}"
bindings/BINDINGS,GE-0433,Scatter Pattern,COMMON_SPECIALIZATION,True,1700,3100,"{""Red"":3100,""Orange"":4960,""Yellow"":8928,""Green"":18749,""Blue"":46873,""Violet"":140619,""White"":562476}"
bindings/BINDINGS,GE-0434,Shotgun Pattern,COMMON_SPECIALIZATION,True,2400,3100,"{""Red"":3100,""Orange"":4960,""Yellow"":8928,""Green"":18749,""Blue"":46873,""Violet"":140619,""White"":562476}"
bindings/BINDINGS,GE-0435,Shotline Pattern,COMMON_SPECIALIZATION,True,1700,3100,"{""Red"":3100,""Orange"":4960,""Yellow"":8928,""Green"":18749,""Blue"":46873,""Violet"":140619,""White"":562476}"
bindings/BINDINGS,GE-0436,Spiral Pattern,COMMON_SPECIALIZATION,True,1700,3100,"{""Red"":3100,""Orange"":4960,""Yellow"":8928,""Green"":18749,""Blue"":46873,""Violet"":140619,""White"":562476}"
bindings/BINDINGS,GE-0437,Split Pattern,COMMON_SPECIALIZATION,True,2400,3100,"{""Red"":3100,""Orange"":4960,""Yellow"":8928,""Green"":18749,""Blue"":46873,""Violet"":140619,""White"":562476}"
bindings/BINDINGS,GE-0438,Spread Barrage Pattern,ADVANCED,True,3300,5700,"{""Red"":5700,""Orange"":9120,""Yellow"":16416,""Green"":34474,""Blue"":86185,""Violet"":258555,""White"":1034220}"
bindings/BINDINGS,GE-0439,Stagger Pattern,COMMON_SPECIALIZATION,True,2300,3100,"{""Red"":3100,""Orange"":4960,""Yellow"":8928,""Green"":18749,""Blue"":46873,""Violet"":140619,""White"":562476}"
bindings/BINDINGS,GE-0440,Sweep Pattern,COMMON_SPECIALIZATION,True,1700,3100,"{""Red"":3100,""Orange"":4960,""Yellow"":8928,""Green"":18749,""Blue"":46873,""Violet"":140619,""White"":562476}"
bindings/BINDINGS,GE-0441,Triple Pattern,COMMON_SPECIALIZATION,True,2400,3100,"{""Red"":3100,""Orange"":4960,""Yellow"":8928,""Green"":18749,""Blue"":46873,""Violet"":140619,""White"":562476}"
bindings/BINDINGS,GE-0442,Twin Pattern,COMMON_SPECIALIZATION,True,2400,3100,"{""Red"":3100,""Orange"":4960,""Yellow"":8928,""Green"":18749,""Blue"":46873,""Violet"":140619,""White"":562476}"
bindings/BINDINGS,GE-0443,Wave Pattern,COMMON_SPECIALIZATION,True,1700,3100,"{""Red"":3100,""Orange"":4960,""Yellow"":8928,""Green"":18749,""Blue"":46873,""Violet"":140619,""White"":562476}"
bindings/BINDINGS,GE-0444,Genesis Orb,COMMON_SPECIALIZATION,True,2200,3100,"{""Red"":3100,""Orange"":4960,""Yellow"":8928,""Green"":18749,""Blue"":46873,""Violet"":140619,""White"":562476}"
bindings/BINDINGS,GE-0445,Forking Photonic Arc,COMMON_SPECIALIZATION,True,1700,3100,"{""Red"":3100,""Orange"":4960,""Yellow"":8928,""Green"":18749,""Blue"":46873,""Violet"":140619,""White"":562476}"
bindings/BINDINGS,GE-0446,Single Photonic Arc,COMMON_SPECIALIZATION,True,1700,3100,"{""Red"":3100,""Orange"":4960,""Yellow"":8928,""Green"":18749,""Blue"":46873,""Violet"":140619,""White"":562476}"
bindings/BINDINGS,GE-0447,Burst Photonic Beam,ADVANCED,True,2800,5700,"{""Red"":5700,""Orange"":9120,""Yellow"":16416,""Green"":34474,""Blue"":86185,""Violet"":258555,""White"":1034220}"
bindings/BINDINGS,GE-0448,Channeled Photonic Beam,ADVANCED,True,3500,5700,"{""Red"":5700,""Orange"":9120,""Yellow"":16416,""Green"":34474,""Blue"":86185,""Violet"":258555,""White"":1034220}"
bindings/BINDINGS,GE-0449,Implosive Photonic Burst,COMMON_SPECIALIZATION,True,2000,3100,"{""Red"":3100,""Orange"":4960,""Yellow"":8928,""Green"":18749,""Blue"":46873,""Violet"":140619,""White"":562476}"
bindings/BINDINGS,GE-0450,Outward Photonic Burst,COMMON_SPECIALIZATION,True,2000,3100,"{""Red"":3100,""Orange"":4960,""Yellow"":8928,""Green"":18749,""Blue"":46873,""Violet"":140619,""White"":562476}"
bindings/BINDINGS,GE-0451,Mobile Photonic Field,ADVANCED,True,3500,5700,"{""Red"":5700,""Orange"":9120,""Yellow"":16416,""Green"":34474,""Blue"":86185,""Violet"":258555,""White"":1034220}"
bindings/BINDINGS,GE-0452,Static Photonic Field,ADVANCED,True,2800,5700,"{""Red"":5700,""Orange"":9120,""Yellow"":16416,""Green"":34474,""Blue"":86185,""Violet"":258555,""White"":1034220}"
bindings/BINDINGS,GE-0453,Focused Photonic Jet,COMMON_SPECIALIZATION,True,1600,3100,"{""Red"":3100,""Orange"":4960,""Yellow"":8928,""Green"":18749,""Blue"":46873,""Violet"":140619,""White"":562476}"
bindings/BINDINGS,GE-0454,Sweeping Photonic Jet,COMMON_SPECIALIZATION,True,2400,3100,"{""Red"":3100,""Orange"":4960,""Yellow"":8928,""Green"":18749,""Blue"":46873,""Violet"":140619,""White"":562476}"
bindings/BINDINGS,GE-0455,Piercing Photonic Lance,COMMON_SPECIALIZATION,True,2100,3100,"{""Red"":3100,""Orange"":4960,""Yellow"":8928,""Green"":18749,""Blue"":46873,""Violet"":140619,""White"":562476}"
bindings/BINDINGS,GE-0456,Staged Photonic Lance,COMMON_SPECIALIZATION,True,2100,3100,"{""Red"":3100,""Orange"":4960,""Yellow"":8928,""Green"":18749,""Blue"":46873,""Violet"":140619,""White"":562476}"
bindings/BINDINGS,GE-0457,Controlled Photonic Orb,ADVANCED,True,2900,5700,"{""Red"":5700,""Orange"":9120,""Yellow"":16416,""Green"":34474,""Blue"":86185,""Violet"":258555,""White"":1034220}"
bindings/BINDINGS,GE-0458,Detonating Photonic Orb,COMMON_SPECIALIZATION,True,2200,3100,"{""Red"":3100,""Orange"":4960,""Yellow"":8928,""Green"":18749,""Blue"":46873,""Violet"":140619,""White"":562476}"
bindings/BINDINGS,GE-0459,Overcharged Photonic Projectile,COMMON_SPECIALIZATION,True,1100,3100,"{""Red"":3100,""Orange"":4960,""Yellow"":8928,""Green"":18749,""Blue"":46873,""Violet"":140619,""White"":562476}"
bindings/BINDINGS,GE-0460,Released Photonic Projectile,COMMON_SPECIALIZATION,True,1100,3100,"{""Red"":3100,""Orange"":4960,""Yellow"":8928,""Green"":18749,""Blue"":46873,""Violet"":140619,""White"":562476}"
bindings/BINDINGS,GE-0461,Contracting Photonic Ring,ADVANCED,True,2900,5700,"{""Red"":5700,""Orange"":9120,""Yellow"":16416,""Green"":34474,""Blue"":86185,""Violet"":258555,""White"":1034220}"
bindings/BINDINGS,GE-0462,Expanding Photonic Ring,ADVANCED,True,2900,5700,"{""Red"":5700,""Orange"":9120,""Yellow"":16416,""Green"":34474,""Blue"":86185,""Violet"":258555,""White"":1034220}"
bindings/BINDINGS,GE-0463,Repeating Photonic Wave,ADVANCED,True,2700,5700,"{""Red"":5700,""Orange"":9120,""Yellow"":16416,""Green"":34474,""Blue"":86185,""Violet"":258555,""White"":1034220}"
bindings/BINDINGS,GE-0464,Single-Front Photonic Wave,ADVANCED,True,2700,5700,"{""Red"":5700,""Orange"":9120,""Yellow"":16416,""Green"":34474,""Blue"":86185,""Violet"":258555,""White"":1034220}"
bindings/BINDINGS,GE-0465,Forking Plasma Arc,COMMON_SPECIALIZATION,True,1700,3100,"{""Red"":3100,""Orange"":4960,""Yellow"":8928,""Green"":18749,""Blue"":46873,""Violet"":140619,""White"":562476}"
bindings/BINDINGS,GE-0466,Single Plasma Arc,COMMON_SPECIALIZATION,True,1700,3100,"{""Red"":3100,""Orange"":4960,""Yellow"":8928,""Green"":18749,""Blue"":46873,""Violet"":140619,""White"":562476}"
bindings/BINDINGS,GE-0467,Burst Plasma Beam,ADVANCED,True,2800,5700,"{""Red"":5700,""Orange"":9120,""Yellow"":16416,""Green"":34474,""Blue"":86185,""Violet"":258555,""White"":1034220}"
bindings/BINDINGS,GE-0468,Channeled Plasma Beam,ADVANCED,True,3500,5700,"{""Red"":5700,""Orange"":9120,""Yellow"":16416,""Green"":34474,""Blue"":86185,""Violet"":258555,""White"":1034220}"
bindings/BINDINGS,GE-0469,Implosive Plasma Burst,COMMON_SPECIALIZATION,True,2000,3100,"{""Red"":3100,""Orange"":4960,""Yellow"":8928,""Green"":18749,""Blue"":46873,""Violet"":140619,""White"":562476}"
bindings/BINDINGS,GE-0470,Outward Plasma Burst,COMMON_SPECIALIZATION,True,2000,3100,"{""Red"":3100,""Orange"":4960,""Yellow"":8928,""Green"":18749,""Blue"":46873,""Violet"":140619,""White"":562476}"
bindings/BINDINGS,GE-0471,Mobile Plasma Field,ADVANCED,True,3500,5700,"{""Red"":5700,""Orange"":9120,""Yellow"":16416,""Green"":34474,""Blue"":86185,""Violet"":258555,""White"":1034220}"
bindings/BINDINGS,GE-0472,Static Plasma Field,ADVANCED,True,2800,5700,"{""Red"":5700,""Orange"":9120,""Yellow"":16416,""Green"":34474,""Blue"":86185,""Violet"":258555,""White"":1034220}"
bindings/BINDINGS,GE-0473,Focused Plasma Jet,COMMON_SPECIALIZATION,True,1600,3100,"{""Red"":3100,""Orange"":4960,""Yellow"":8928,""Green"":18749,""Blue"":46873,""Violet"":140619,""White"":562476}"
bindings/BINDINGS,GE-0474,Sweeping Plasma Jet,COMMON_SPECIALIZATION,True,2400,3100,"{""Red"":3100,""Orange"":4960,""Yellow"":8928,""Green"":18749,""Blue"":46873,""Violet"":140619,""White"":562476}"
bindings/BINDINGS,GE-0475,Piercing Plasma Lance,COMMON_SPECIALIZATION,True,2100,3100,"{""Red"":3100,""Orange"":4960,""Yellow"":8928,""Green"":18749,""Blue"":46873,""Violet"":140619,""White"":562476}"
bindings/BINDINGS,GE-0476,Staged Plasma Lance,COMMON_SPECIALIZATION,True,2100,3100,"{""Red"":3100,""Orange"":4960,""Yellow"":8928,""Green"":18749,""Blue"":46873,""Violet"":140619,""White"":562476}"
bindings/BINDINGS,GE-0477,Controlled Plasma Orb,ADVANCED,True,2900,5700,"{""Red"":5700,""Orange"":9120,""Yellow"":16416,""Green"":34474,""Blue"":86185,""Violet"":258555,""White"":1034220}"
bindings/BINDINGS,GE-0478,Detonating Plasma Orb,COMMON_SPECIALIZATION,True,2200,3100,"{""Red"":3100,""Orange"":4960,""Yellow"":8928,""Green"":18749,""Blue"":46873,""Violet"":140619,""White"":562476}"
bindings/BINDINGS,GE-0479,Overcharged Plasma Projectile,COMMON_SPECIALIZATION,True,1100,3100,"{""Red"":3100,""Orange"":4960,""Yellow"":8928,""Green"":18749,""Blue"":46873,""Violet"":140619,""White"":562476}"
bindings/BINDINGS,GE-0480,Released Plasma Projectile,COMMON_SPECIALIZATION,True,1100,3100,"{""Red"":3100,""Orange"":4960,""Yellow"":8928,""Green"":18749,""Blue"":46873,""Violet"":140619,""White"":562476}"
bindings/BINDINGS,GE-0481,Contracting Plasma Ring,ADVANCED,True,2900,5700,"{""Red"":5700,""Orange"":9120,""Yellow"":16416,""Green"":34474,""Blue"":86185,""Violet"":258555,""White"":1034220}"
bindings/BINDINGS,GE-0482,Expanding Plasma Ring,ADVANCED,True,2900,5700,"{""Red"":5700,""Orange"":9120,""Yellow"":16416,""Green"":34474,""Blue"":86185,""Violet"":258555,""White"":1034220}"
bindings/BINDINGS,GE-0483,Repeating Plasma Wave,ADVANCED,True,2700,5700,"{""Red"":5700,""Orange"":9120,""Yellow"":16416,""Green"":34474,""Blue"":86185,""Violet"":258555,""White"":1034220}"
bindings/BINDINGS,GE-0484,Single-Front Plasma Wave,ADVANCED,True,2700,5700,"{""Red"":5700,""Orange"":9120,""Yellow"":16416,""Green"":34474,""Blue"":86185,""Violet"":258555,""White"":1034220}"
bindings/BINDINGS,GE-0485,Forking Pressure Arc,COMMON_SPECIALIZATION,True,1700,3100,"{""Red"":3100,""Orange"":4960,""Yellow"":8928,""Green"":18749,""Blue"":46873,""Violet"":140619,""White"":562476}"
bindings/BINDINGS,GE-0486,Single Pressure Arc,COMMON_SPECIALIZATION,True,1700,3100,"{""Red"":3100,""Orange"":4960,""Yellow"":8928,""Green"":18749,""Blue"":46873,""Violet"":140619,""White"":562476}"
bindings/BINDINGS,GE-0487,Burst Pressure Beam,ADVANCED,True,2800,5700,"{""Red"":5700,""Orange"":9120,""Yellow"":16416,""Green"":34474,""Blue"":86185,""Violet"":258555,""White"":1034220}"
bindings/BINDINGS,GE-0488,Channeled Pressure Beam,ADVANCED,True,3500,5700,"{""Red"":5700,""Orange"":9120,""Yellow"":16416,""Green"":34474,""Blue"":86185,""Violet"":258555,""White"":1034220}"
bindings/BINDINGS,GE-0489,Implosive Pressure Burst,COMMON_SPECIALIZATION,True,2000,3100,"{""Red"":3100,""Orange"":4960,""Yellow"":8928,""Green"":18749,""Blue"":46873,""Violet"":140619,""White"":562476}"
bindings/BINDINGS,GE-0490,Outward Pressure Burst,COMMON_SPECIALIZATION,True,2000,3100,"{""Red"":3100,""Orange"":4960,""Yellow"":8928,""Green"":18749,""Blue"":46873,""Violet"":140619,""White"":562476}"
bindings/BINDINGS,GE-0491,Mobile Pressure Field,ADVANCED,True,3500,5700,"{""Red"":5700,""Orange"":9120,""Yellow"":16416,""Green"":34474,""Blue"":86185,""Violet"":258555,""White"":1034220}"
bindings/BINDINGS,GE-0492,Static Pressure Field,ADVANCED,True,2800,5700,"{""Red"":5700,""Orange"":9120,""Yellow"":16416,""Green"":34474,""Blue"":86185,""Violet"":258555,""White"":1034220}"
bindings/BINDINGS,GE-0493,Focused Pressure Jet,COMMON_SPECIALIZATION,True,1600,3100,"{""Red"":3100,""Orange"":4960,""Yellow"":8928,""Green"":18749,""Blue"":46873,""Violet"":140619,""White"":562476}"
bindings/BINDINGS,GE-0494,Sweeping Pressure Jet,COMMON_SPECIALIZATION,True,2400,3100,"{""Red"":3100,""Orange"":4960,""Yellow"":8928,""Green"":18749,""Blue"":46873,""Violet"":140619,""White"":562476}"
bindings/BINDINGS,GE-0495,Piercing Pressure Lance,COMMON_SPECIALIZATION,True,2100,3100,"{""Red"":3100,""Orange"":4960,""Yellow"":8928,""Green"":18749,""Blue"":46873,""Violet"":140619,""White"":562476}"
bindings/BINDINGS,GE-0496,Staged Pressure Lance,COMMON_SPECIALIZATION,True,2100,3100,"{""Red"":3100,""Orange"":4960,""Yellow"":8928,""Green"":18749,""Blue"":46873,""Violet"":140619,""White"":562476}"
bindings/BINDINGS,GE-0497,Controlled Pressure Orb,ADVANCED,True,2900,5700,"{""Red"":5700,""Orange"":9120,""Yellow"":16416,""Green"":34474,""Blue"":86185,""Violet"":258555,""White"":1034220}"
bindings/BINDINGS,GE-0498,Detonating Pressure Orb,COMMON_SPECIALIZATION,True,2200,3100,"{""Red"":3100,""Orange"":4960,""Yellow"":8928,""Green"":18749,""Blue"":46873,""Violet"":140619,""White"":562476}"
bindings/BINDINGS,GE-0499,Overcharged Pressure Projectile,COMMON_SPECIALIZATION,True,1100,3100,"{""Red"":3100,""Orange"":4960,""Yellow"":8928,""Green"":18749,""Blue"":46873,""Violet"":140619,""White"":562476}"
bindings/BINDINGS,GE-0500,Released Pressure Projectile,COMMON_SPECIALIZATION,True,1100,3100,"{""Red"":3100,""Orange"":4960,""Yellow"":8928,""Green"":18749,""Blue"":46873,""Violet"":140619,""White"":562476}"
bindings/BINDINGS,GE-0501,Contracting Pressure Ring,ADVANCED,True,2900,5700,"{""Red"":5700,""Orange"":9120,""Yellow"":16416,""Green"":34474,""Blue"":86185,""Violet"":258555,""White"":1034220}"
bindings/BINDINGS,GE-0502,Expanding Pressure Ring,ADVANCED,True,2900,5700,"{""Red"":5700,""Orange"":9120,""Yellow"":16416,""Green"":34474,""Blue"":86185,""Violet"":258555,""White"":1034220}"
bindings/BINDINGS,GE-0503,Repeating Pressure Wave,ADVANCED,True,2700,5700,"{""Red"":5700,""Orange"":9120,""Yellow"":16416,""Green"":34474,""Blue"":86185,""Violet"":258555,""White"":1034220}"
bindings/BINDINGS,GE-0504,Single-Front Pressure Wave,ADVANCED,True,2700,5700,"{""Red"":5700,""Orange"":9120,""Yellow"":16416,""Green"":34474,""Blue"":86185,""Violet"":258555,""White"":1034220}"
bindings/BINDINGS,GE-0505,Forking Sand Arc,COMMON_SPECIALIZATION,True,1700,3100,"{""Red"":3100,""Orange"":4960,""Yellow"":8928,""Green"":18749,""Blue"":46873,""Violet"":140619,""White"":562476}"
bindings/BINDINGS,GE-0506,Single Sand Arc,COMMON_SPECIALIZATION,True,1700,3100,"{""Red"":3100,""Orange"":4960,""Yellow"":8928,""Green"":18749,""Blue"":46873,""Violet"":140619,""White"":562476}"
bindings/BINDINGS,GE-0507,Burst Sand Beam,ADVANCED,True,2800,5700,"{""Red"":5700,""Orange"":9120,""Yellow"":16416,""Green"":34474,""Blue"":86185,""Violet"":258555,""White"":1034220}"
bindings/BINDINGS,GE-0508,Channeled Sand Beam,ADVANCED,True,3500,5700,"{""Red"":5700,""Orange"":9120,""Yellow"":16416,""Green"":34474,""Blue"":86185,""Violet"":258555,""White"":1034220}"
bindings/BINDINGS,GE-0509,Implosive Sand Burst,COMMON_SPECIALIZATION,True,2000,3100,"{""Red"":3100,""Orange"":4960,""Yellow"":8928,""Green"":18749,""Blue"":46873,""Violet"":140619,""White"":562476}"
bindings/BINDINGS,GE-0510,Outward Sand Burst,COMMON_SPECIALIZATION,True,2000,3100,"{""Red"":3100,""Orange"":4960,""Yellow"":8928,""Green"":18749,""Blue"":46873,""Violet"":140619,""White"":562476}"
bindings/BINDINGS,GE-0511,Mobile Sand Field,ADVANCED,True,3500,5700,"{""Red"":5700,""Orange"":9120,""Yellow"":16416,""Green"":34474,""Blue"":86185,""Violet"":258555,""White"":1034220}"
bindings/BINDINGS,GE-0512,Static Sand Field,ADVANCED,True,2800,5700,"{""Red"":5700,""Orange"":9120,""Yellow"":16416,""Green"":34474,""Blue"":86185,""Violet"":258555,""White"":1034220}"
bindings/BINDINGS,GE-0513,Focused Sand Jet,COMMON_SPECIALIZATION,True,1600,3100,"{""Red"":3100,""Orange"":4960,""Yellow"":8928,""Green"":18749,""Blue"":46873,""Violet"":140619,""White"":562476}"
bindings/BINDINGS,GE-0514,Sweeping Sand Jet,COMMON_SPECIALIZATION,True,2400,3100,"{""Red"":3100,""Orange"":4960,""Yellow"":8928,""Green"":18749,""Blue"":46873,""Violet"":140619,""White"":562476}"
bindings/BINDINGS,GE-0515,Piercing Sand Lance,COMMON_SPECIALIZATION,True,2100,3100,"{""Red"":3100,""Orange"":4960,""Yellow"":8928,""Green"":18749,""Blue"":46873,""Violet"":140619,""White"":562476}"
bindings/BINDINGS,GE-0516,Staged Sand Lance,COMMON_SPECIALIZATION,True,2100,3100,"{""Red"":3100,""Orange"":4960,""Yellow"":8928,""Green"":18749,""Blue"":46873,""Violet"":140619,""White"":562476}"
bindings/BINDINGS,GE-0517,Controlled Sand Orb,ADVANCED,True,2900,5700,"{""Red"":5700,""Orange"":9120,""Yellow"":16416,""Green"":34474,""Blue"":86185,""Violet"":258555,""White"":1034220}"
bindings/BINDINGS,GE-0518,Detonating Sand Orb,COMMON_SPECIALIZATION,True,2200,3100,"{""Red"":3100,""Orange"":4960,""Yellow"":8928,""Green"":18749,""Blue"":46873,""Violet"":140619,""White"":562476}"
bindings/BINDINGS,GE-0519,Overcharged Sand Projectile,COMMON_SPECIALIZATION,True,1100,3100,"{""Red"":3100,""Orange"":4960,""Yellow"":8928,""Green"":18749,""Blue"":46873,""Violet"":140619,""White"":562476}"
bindings/BINDINGS,GE-0520,Released Sand Projectile,COMMON_SPECIALIZATION,True,1100,3100,"{""Red"":3100,""Orange"":4960,""Yellow"":8928,""Green"":18749,""Blue"":46873,""Violet"":140619,""White"":562476}"
bindings/BINDINGS,GE-0521,Contracting Sand Ring,ADVANCED,True,2900,5700,"{""Red"":5700,""Orange"":9120,""Yellow"":16416,""Green"":34474,""Blue"":86185,""Violet"":258555,""White"":1034220}"
bindings/BINDINGS,GE-0522,Expanding Sand Ring,ADVANCED,True,2900,5700,"{""Red"":5700,""Orange"":9120,""Yellow"":16416,""Green"":34474,""Blue"":86185,""Violet"":258555,""White"":1034220}"
bindings/BINDINGS,GE-0523,Repeating Sand Wave,ADVANCED,True,2700,5700,"{""Red"":5700,""Orange"":9120,""Yellow"":16416,""Green"":34474,""Blue"":86185,""Violet"":258555,""White"":1034220}"
bindings/BINDINGS,GE-0524,Single-Front Sand Wave,ADVANCED,True,2700,5700,"{""Red"":5700,""Orange"":9120,""Yellow"":16416,""Green"":34474,""Blue"":86185,""Violet"":258555,""White"":1034220}"
bindings/BINDINGS,GE-0525,Atmospheric Shard,COMMON_SPECIALIZATION,True,1200,3100,"{""Red"":3100,""Orange"":4960,""Yellow"":8928,""Green"":18749,""Blue"":46873,""Violet"":140619,""White"":562476}"
bindings/BINDINGS,GE-0526,Copper Shard,COMMON_SPECIALIZATION,True,1200,3100,"{""Red"":3100,""Orange"":4960,""Yellow"":8928,""Green"":18749,""Blue"":46873,""Violet"":140619,""White"":562476}"
bindings/BINDINGS,GE-0527,Electrical Shard,COMMON_SPECIALIZATION,True,1200,3100,"{""Red"":3100,""Orange"":4960,""Yellow"":8928,""Green"":18749,""Blue"":46873,""Violet"":140619,""White"":562476}"
bindings/BINDINGS,GE-0528,Genesis Shard,COMMON_SPECIALIZATION,True,1200,3100,"{""Red"":3100,""Orange"":4960,""Yellow"":8928,""Green"":18749,""Blue"":46873,""Violet"":140619,""White"":562476}"
bindings/BINDINGS,GE-0529,Glass Shard,COMMON_SPECIALIZATION,True,1200,3100,"{""Red"":3100,""Orange"":4960,""Yellow"":8928,""Green"":18749,""Blue"":46873,""Violet"":140619,""White"":562476}"
bindings/BINDINGS,GE-0530,Iron Shard,COMMON_SPECIALIZATION,True,1200,3100,"{""Red"":3100,""Orange"":4960,""Yellow"":8928,""Green"":18749,""Blue"":46873,""Violet"":140619,""White"":562476}"
bindings/BINDINGS,GE-0531,Kinetic Shard,COMMON_SPECIALIZATION,True,1200,3100,"{""Red"":3100,""Orange"":4960,""Yellow"":8928,""Green"":18749,""Blue"":46873,""Violet"":140619,""White"":562476}"
bindings/BINDINGS,GE-0532,Mineral Shard,COMMON_SPECIALIZATION,True,1200,3100,"{""Red"":3100,""Orange"":4960,""Yellow"":8928,""Green"":18749,""Blue"":46873,""Violet"":140619,""White"":562476}"
bindings/BINDINGS,GE-0533,Plasma Shard,COMMON_SPECIALIZATION,True,1200,3100,"{""Red"":3100,""Orange"":4960,""Yellow"":8928,""Green"":18749,""Blue"":46873,""Violet"":140619,""White"":562476}"
bindings/BINDINGS,GE-0534,Pressure Shard,COMMON_SPECIALIZATION,True,1200,3100,"{""Red"":3100,""Orange"":4960,""Yellow"":8928,""Green"":18749,""Blue"":46873,""Violet"":140619,""White"":562476}"
bindings/BINDINGS,GE-0535,Thermal Shard,COMMON_SPECIALIZATION,True,1200,3100,"{""Red"":3100,""Orange"":4960,""Yellow"":8928,""Green"":18749,""Blue"":46873,""Violet"":140619,""White"":562476}"
bindings/BINDINGS,GE-0536,Water Shard,COMMON_SPECIALIZATION,True,1200,3100,"{""Red"":3100,""Orange"":4960,""Yellow"":8928,""Green"":18749,""Blue"":46873,""Violet"":140619,""White"":562476}"
bindings/BINDINGS,GE-0537,Absorption Shield,EXCEPTIONAL,True,10000,17000,"{""Red"":17000,""Orange"":27200,""Yellow"":48960,""Green"":102816,""Blue"":257040,""Violet"":771120,""White"":3084480}"
bindings/BINDINGS,GE-0538,Forking Steam Arc,COMMON_SPECIALIZATION,True,1700,3100,"{""Red"":3100,""Orange"":4960,""Yellow"":8928,""Green"":18749,""Blue"":46873,""Violet"":140619,""White"":562476}"
bindings/BINDINGS,GE-0539,Single Steam Arc,COMMON_SPECIALIZATION,True,1700,3100,"{""Red"":3100,""Orange"":4960,""Yellow"":8928,""Green"":18749,""Blue"":46873,""Violet"":140619,""White"":562476}"
bindings/BINDINGS,GE-0540,Burst Steam Beam,ADVANCED,True,2800,5700,"{""Red"":5700,""Orange"":9120,""Yellow"":16416,""Green"":34474,""Blue"":86185,""Violet"":258555,""White"":1034220}"
bindings/BINDINGS,GE-0541,Channeled Steam Beam,ADVANCED,True,3500,5700,"{""Red"":5700,""Orange"":9120,""Yellow"":16416,""Green"":34474,""Blue"":86185,""Violet"":258555,""White"":1034220}"
bindings/BINDINGS,GE-0542,Implosive Steam Burst,COMMON_SPECIALIZATION,True,2000,3100,"{""Red"":3100,""Orange"":4960,""Yellow"":8928,""Green"":18749,""Blue"":46873,""Violet"":140619,""White"":562476}"
bindings/BINDINGS,GE-0543,Outward Steam Burst,COMMON_SPECIALIZATION,True,2000,3100,"{""Red"":3100,""Orange"":4960,""Yellow"":8928,""Green"":18749,""Blue"":46873,""Violet"":140619,""White"":562476}"
bindings/BINDINGS,GE-0544,Mobile Steam Field,ADVANCED,True,3500,5700,"{""Red"":5700,""Orange"":9120,""Yellow"":16416,""Green"":34474,""Blue"":86185,""Violet"":258555,""White"":1034220}"
bindings/BINDINGS,GE-0545,Static Steam Field,ADVANCED,True,2800,5700,"{""Red"":5700,""Orange"":9120,""Yellow"":16416,""Green"":34474,""Blue"":86185,""Violet"":258555,""White"":1034220}"
bindings/BINDINGS,GE-0546,Focused Steam Jet,COMMON_SPECIALIZATION,True,1600,3100,"{""Red"":3100,""Orange"":4960,""Yellow"":8928,""Green"":18749,""Blue"":46873,""Violet"":140619,""White"":562476}"
bindings/BINDINGS,GE-0547,Sweeping Steam Jet,COMMON_SPECIALIZATION,True,2400,3100,"{""Red"":3100,""Orange"":4960,""Yellow"":8928,""Green"":18749,""Blue"":46873,""Violet"":140619,""White"":562476}"
bindings/BINDINGS,GE-0548,Piercing Steam Lance,COMMON_SPECIALIZATION,True,2100,3100,"{""Red"":3100,""Orange"":4960,""Yellow"":8928,""Green"":18749,""Blue"":46873,""Violet"":140619,""White"":562476}"
bindings/BINDINGS,GE-0549,Staged Steam Lance,COMMON_SPECIALIZATION,True,2100,3100,"{""Red"":3100,""Orange"":4960,""Yellow"":8928,""Green"":18749,""Blue"":46873,""Violet"":140619,""White"":562476}"
bindings/BINDINGS,GE-0550,Controlled Steam Orb,ADVANCED,True,2900,5700,"{""Red"":5700,""Orange"":9120,""Yellow"":16416,""Green"":34474,""Blue"":86185,""Violet"":258555,""White"":1034220}"
bindings/BINDINGS,GE-0551,Detonating Steam Orb,COMMON_SPECIALIZATION,True,2200,3100,"{""Red"":3100,""Orange"":4960,""Yellow"":8928,""Green"":18749,""Blue"":46873,""Violet"":140619,""White"":562476}"
bindings/BINDINGS,GE-0552,Overcharged Steam Projectile,COMMON_SPECIALIZATION,True,1100,3100,"{""Red"":3100,""Orange"":4960,""Yellow"":8928,""Green"":18749,""Blue"":46873,""Violet"":140619,""White"":562476}"
bindings/BINDINGS,GE-0553,Released Steam Projectile,COMMON_SPECIALIZATION,True,1100,3100,"{""Red"":3100,""Orange"":4960,""Yellow"":8928,""Green"":18749,""Blue"":46873,""Violet"":140619,""White"":562476}"
bindings/BINDINGS,GE-0554,Contracting Steam Ring,ADVANCED,True,2900,5700,"{""Red"":5700,""Orange"":9120,""Yellow"":16416,""Green"":34474,""Blue"":86185,""Violet"":258555,""White"":1034220}"
bindings/BINDINGS,GE-0555,Expanding Steam Ring,ADVANCED,True,2900,5700,"{""Red"":5700,""Orange"":9120,""Yellow"":16416,""Green"":34474,""Blue"":86185,""Violet"":258555,""White"":1034220}"
bindings/BINDINGS,GE-0556,Repeating Steam Wave,ADVANCED,True,2700,5700,"{""Red"":5700,""Orange"":9120,""Yellow"":16416,""Green"":34474,""Blue"":86185,""Violet"":258555,""White"":1034220}"
bindings/BINDINGS,GE-0557,Single-Front Steam Wave,ADVANCED,True,2700,5700,"{""Red"":5700,""Orange"":9120,""Yellow"":16416,""Green"":34474,""Blue"":86185,""Violet"":258555,""White"":1034220}"
bindings/BINDINGS,GE-0558,Forking Thermal Arc,COMMON_SPECIALIZATION,True,1700,3100,"{""Red"":3100,""Orange"":4960,""Yellow"":8928,""Green"":18749,""Blue"":46873,""Violet"":140619,""White"":562476}"
bindings/BINDINGS,GE-0559,Single Thermal Arc,COMMON_SPECIALIZATION,True,1700,3100,"{""Red"":3100,""Orange"":4960,""Yellow"":8928,""Green"":18749,""Blue"":46873,""Violet"":140619,""White"":562476}"
bindings/BINDINGS,GE-0560,Burst Thermal Beam,ADVANCED,True,2800,5700,"{""Red"":5700,""Orange"":9120,""Yellow"":16416,""Green"":34474,""Blue"":86185,""Violet"":258555,""White"":1034220}"
bindings/BINDINGS,GE-0561,Channeled Thermal Beam,ADVANCED,True,3500,5700,"{""Red"":5700,""Orange"":9120,""Yellow"":16416,""Green"":34474,""Blue"":86185,""Violet"":258555,""White"":1034220}"
bindings/BINDINGS,GE-0562,Implosive Thermal Burst,COMMON_SPECIALIZATION,True,2000,3100,"{""Red"":3100,""Orange"":4960,""Yellow"":8928,""Green"":18749,""Blue"":46873,""Violet"":140619,""White"":562476}"
bindings/BINDINGS,GE-0563,Outward Thermal Burst,COMMON_SPECIALIZATION,True,2000,3100,"{""Red"":3100,""Orange"":4960,""Yellow"":8928,""Green"":18749,""Blue"":46873,""Violet"":140619,""White"":562476}"
bindings/BINDINGS,GE-0564,Mobile Thermal Field,ADVANCED,True,3500,5700,"{""Red"":5700,""Orange"":9120,""Yellow"":16416,""Green"":34474,""Blue"":86185,""Violet"":258555,""White"":1034220}"
bindings/BINDINGS,GE-0565,Static Thermal Field,ADVANCED,True,2800,5700,"{""Red"":5700,""Orange"":9120,""Yellow"":16416,""Green"":34474,""Blue"":86185,""Violet"":258555,""White"":1034220}"
bindings/BINDINGS,GE-0566,Focused Thermal Jet,COMMON_SPECIALIZATION,True,1600,3100,"{""Red"":3100,""Orange"":4960,""Yellow"":8928,""Green"":18749,""Blue"":46873,""Violet"":140619,""White"":562476}"
bindings/BINDINGS,GE-0567,Sweeping Thermal Jet,COMMON_SPECIALIZATION,True,2400,3100,"{""Red"":3100,""Orange"":4960,""Yellow"":8928,""Green"":18749,""Blue"":46873,""Violet"":140619,""White"":562476}"
bindings/BINDINGS,GE-0568,Piercing Thermal Lance,COMMON_SPECIALIZATION,True,2100,3100,"{""Red"":3100,""Orange"":4960,""Yellow"":8928,""Green"":18749,""Blue"":46873,""Violet"":140619,""White"":562476}"
bindings/BINDINGS,GE-0569,Staged Thermal Lance,COMMON_SPECIALIZATION,True,2100,3100,"{""Red"":3100,""Orange"":4960,""Yellow"":8928,""Green"":18749,""Blue"":46873,""Violet"":140619,""White"":562476}"
bindings/BINDINGS,GE-0570,Controlled Thermal Orb,ADVANCED,True,2900,5700,"{""Red"":5700,""Orange"":9120,""Yellow"":16416,""Green"":34474,""Blue"":86185,""Violet"":258555,""White"":1034220}"
bindings/BINDINGS,GE-0571,Detonating Thermal Orb,COMMON_SPECIALIZATION,True,2200,3100,"{""Red"":3100,""Orange"":4960,""Yellow"":8928,""Green"":18749,""Blue"":46873,""Violet"":140619,""White"":562476}"
bindings/BINDINGS,GE-0572,Overcharged Thermal Projectile,COMMON_SPECIALIZATION,True,1100,3100,"{""Red"":3100,""Orange"":4960,""Yellow"":8928,""Green"":18749,""Blue"":46873,""Violet"":140619,""White"":562476}"
bindings/BINDINGS,GE-0573,Released Thermal Projectile,COMMON_SPECIALIZATION,True,1100,3100,"{""Red"":3100,""Orange"":4960,""Yellow"":8928,""Green"":18749,""Blue"":46873,""Violet"":140619,""White"":562476}"
bindings/BINDINGS,GE-0574,Contracting Thermal Ring,ADVANCED,True,2900,5700,"{""Red"":5700,""Orange"":9120,""Yellow"":16416,""Green"":34474,""Blue"":86185,""Violet"":258555,""White"":1034220}"
bindings/BINDINGS,GE-0575,Expanding Thermal Ring,ADVANCED,True,2900,5700,"{""Red"":5700,""Orange"":9120,""Yellow"":16416,""Green"":34474,""Blue"":86185,""Violet"":258555,""White"":1034220}"
bindings/BINDINGS,GE-0576,Repeating Thermal Wave,ADVANCED,True,2700,5700,"{""Red"":5700,""Orange"":9120,""Yellow"":16416,""Green"":34474,""Blue"":86185,""Violet"":258555,""White"":1034220}"
bindings/BINDINGS,GE-0577,Single-Front Thermal Wave,ADVANCED,True,2700,5700,"{""Red"":5700,""Orange"":9120,""Yellow"":16416,""Green"":34474,""Blue"":86185,""Violet"":258555,""White"":1034220}"
bindings/BINDINGS,GE-0578,Forking Water Arc,COMMON_SPECIALIZATION,True,1700,3100,"{""Red"":3100,""Orange"":4960,""Yellow"":8928,""Green"":18749,""Blue"":46873,""Violet"":140619,""White"":562476}"
bindings/BINDINGS,GE-0579,Single Water Arc,COMMON_SPECIALIZATION,True,1700,3100,"{""Red"":3100,""Orange"":4960,""Yellow"":8928,""Green"":18749,""Blue"":46873,""Violet"":140619,""White"":562476}"
bindings/BINDINGS,GE-0580,Burst Water Beam,ADVANCED,True,2800,5700,"{""Red"":5700,""Orange"":9120,""Yellow"":16416,""Green"":34474,""Blue"":86185,""Violet"":258555,""White"":1034220}"
bindings/BINDINGS,GE-0581,Channeled Water Beam,ADVANCED,True,3500,5700,"{""Red"":5700,""Orange"":9120,""Yellow"":16416,""Green"":34474,""Blue"":86185,""Violet"":258555,""White"":1034220}"
bindings/BINDINGS,GE-0582,Implosive Water Burst,COMMON_SPECIALIZATION,True,2000,3100,"{""Red"":3100,""Orange"":4960,""Yellow"":8928,""Green"":18749,""Blue"":46873,""Violet"":140619,""White"":562476}"
bindings/BINDINGS,GE-0583,Outward Water Burst,COMMON_SPECIALIZATION,True,2000,3100,"{""Red"":3100,""Orange"":4960,""Yellow"":8928,""Green"":18749,""Blue"":46873,""Violet"":140619,""White"":562476}"
bindings/BINDINGS,GE-0584,Mobile Water Field,ADVANCED,True,3500,5700,"{""Red"":5700,""Orange"":9120,""Yellow"":16416,""Green"":34474,""Blue"":86185,""Violet"":258555,""White"":1034220}"
bindings/BINDINGS,GE-0585,Static Water Field,ADVANCED,True,2800,5700,"{""Red"":5700,""Orange"":9120,""Yellow"":16416,""Green"":34474,""Blue"":86185,""Violet"":258555,""White"":1034220}"
bindings/BINDINGS,GE-0586,Focused Water Jet,COMMON_SPECIALIZATION,True,1600,3100,"{""Red"":3100,""Orange"":4960,""Yellow"":8928,""Green"":18749,""Blue"":46873,""Violet"":140619,""White"":562476}"
bindings/BINDINGS,GE-0587,Sweeping Water Jet,COMMON_SPECIALIZATION,True,2400,3100,"{""Red"":3100,""Orange"":4960,""Yellow"":8928,""Green"":18749,""Blue"":46873,""Violet"":140619,""White"":562476}"
bindings/BINDINGS,GE-0588,Piercing Water Lance,COMMON_SPECIALIZATION,True,2100,3100,"{""Red"":3100,""Orange"":4960,""Yellow"":8928,""Green"":18749,""Blue"":46873,""Violet"":140619,""White"":562476}"
bindings/BINDINGS,GE-0589,Staged Water Lance,COMMON_SPECIALIZATION,True,2100,3100,"{""Red"":3100,""Orange"":4960,""Yellow"":8928,""Green"":18749,""Blue"":46873,""Violet"":140619,""White"":562476}"
bindings/BINDINGS,GE-0590,Controlled Water Orb,ADVANCED,True,2900,5700,"{""Red"":5700,""Orange"":9120,""Yellow"":16416,""Green"":34474,""Blue"":86185,""Violet"":258555,""White"":1034220}"
bindings/BINDINGS,GE-0591,Detonating Water Orb,COMMON_SPECIALIZATION,True,2200,3100,"{""Red"":3100,""Orange"":4960,""Yellow"":8928,""Green"":18749,""Blue"":46873,""Violet"":140619,""White"":562476}"
bindings/BINDINGS,GE-0592,Overcharged Water Projectile,COMMON_SPECIALIZATION,True,1100,3100,"{""Red"":3100,""Orange"":4960,""Yellow"":8928,""Green"":18749,""Blue"":46873,""Violet"":140619,""White"":562476}"
bindings/BINDINGS,GE-0593,Released Water Projectile,COMMON_SPECIALIZATION,True,1100,3100,"{""Red"":3100,""Orange"":4960,""Yellow"":8928,""Green"":18749,""Blue"":46873,""Violet"":140619,""White"":562476}"
bindings/BINDINGS,GE-0594,Contracting Water Ring,ADVANCED,True,2900,5700,"{""Red"":5700,""Orange"":9120,""Yellow"":16416,""Green"":34474,""Blue"":86185,""Violet"":258555,""White"":1034220}"
bindings/BINDINGS,GE-0595,Expanding Water Ring,ADVANCED,True,2900,5700,"{""Red"":5700,""Orange"":9120,""Yellow"":16416,""Green"":34474,""Blue"":86185,""Violet"":258555,""White"":1034220}"
bindings/BINDINGS,GE-0596,Repeating Water Wave,ADVANCED,True,2700,5700,"{""Red"":5700,""Orange"":9120,""Yellow"":16416,""Green"":34474,""Blue"":86185,""Violet"":258555,""White"":1034220}"
bindings/BINDINGS,GE-0597,Single-Front Water Wave,ADVANCED,True,2700,5700,"{""Red"":5700,""Orange"":9120,""Yellow"":16416,""Green"":34474,""Blue"":86185,""Violet"":258555,""White"":1034220}"
bindings/BINDINGS,RS-0001,Adaptive Acceleration Augmentation,ADVANCED,True,2800,5700,"{""Red"":5700,""Orange"":9120,""Yellow"":16416,""Green"":34474,""Blue"":86185,""Violet"":258555,""White"":1034220}"
bindings/BINDINGS,RS-0002,Adaptive Agility Augmentation,ADVANCED,True,2800,5700,"{""Red"":5700,""Orange"":9120,""Yellow"":16416,""Green"":34474,""Blue"":86185,""Violet"":258555,""White"":1034220}"
bindings/BINDINGS,RS-0003,Adaptive Anaerobic Tolerance Augmentation,ADVANCED,True,3200,5700,"{""Red"":5700,""Orange"":9120,""Yellow"":16416,""Green"":34474,""Blue"":86185,""Violet"":258555,""White"":1034220}"
bindings/BINDINGS,RS-0004,Adaptive Auditory Filtering Augmentation,ADVANCED,True,3200,5700,"{""Red"":5700,""Orange"":9120,""Yellow"":16416,""Green"":34474,""Blue"":86185,""Violet"":258555,""White"":1034220}"
bindings/BINDINGS,RS-0005,Adaptive Balance Augmentation,ADVANCED,True,2800,5700,"{""Red"":5700,""Orange"":9120,""Yellow"":16416,""Green"":34474,""Blue"":86185,""Violet"":258555,""White"":1034220}"
bindings/BINDINGS,RS-0006,Adaptive Bone Reinforcement Augmentation,ADVANCED,True,2800,5700,"{""Red"":5700,""Orange"":9120,""Yellow"":16416,""Green"":34474,""Blue"":86185,""Violet"":258555,""White"":1034220}"
bindings/BINDINGS,RS-0007,Adaptive Burst Dash Augmentation,ADVANCED,True,2800,5700,"{""Red"":5700,""Orange"":9120,""Yellow"":16416,""Green"":34474,""Blue"":86185,""Violet"":258555,""White"":1034220}"
bindings/BINDINGS,RS-0008,Adaptive Cardiac Output Augmentation,ADVANCED,True,3200,5700,"{""Red"":5700,""Orange"":9120,""Yellow"":16416,""Green"":34474,""Blue"":86185,""Violet"":258555,""White"":1034220}"
bindings/BINDINGS,RS-0009,Adaptive Circulatory Efficiency Augmentation,ADVANCED,True,2800,5700,"{""Red"":5700,""Orange"":9120,""Yellow"":16416,""Green"":34474,""Blue"":86185,""Violet"":258555,""White"":1034220}"
bindings/BINDINGS,RS-0010,Adaptive Climbing Output Augmentation,ADVANCED,True,2800,5700,"{""Red"":5700,""Orange"":9120,""Yellow"":16416,""Green"":34474,""Blue"":86185,""Violet"":258555,""White"":1034220}"
bindings/BINDINGS,RS-0011,Adaptive Cold Tolerance Augmentation,ADVANCED,True,2800,5700,"{""Red"":5700,""Orange"":9120,""Yellow"":16416,""Green"":34474,""Blue"":86185,""Violet"":258555,""White"":1034220}"
bindings/BINDINGS,RS-0012,Adaptive Core Stability Augmentation,ADVANCED,True,2800,5700,"{""Red"":5700,""Orange"":9120,""Yellow"":16416,""Green"":34474,""Blue"":86185,""Violet"":258555,""White"":1034220}"
bindings/BINDINGS,RS-0013,Adaptive Dermal Reinforcement Augmentation,ADVANCED,True,2800,5700,"{""Red"":5700,""Orange"":9120,""Yellow"":16416,""Green"":34474,""Blue"":86185,""Violet"":258555,""White"":1034220}"
bindings/BINDINGS,RS-0014,Adaptive Explosive Power Augmentation,ADVANCED,True,3300,5700,"{""Red"":5700,""Orange"":9120,""Yellow"":16416,""Green"":34474,""Blue"":86185,""Violet"":258555,""White"":1034220}"
bindings/BINDINGS,RS-0015,Adaptive Fatigue Resistance Augmentation,ADVANCED,True,3300,5700,"{""Red"":5700,""Orange"":9120,""Yellow"":16416,""Green"":34474,""Blue"":86185,""Violet"":258555,""White"":1034220}"
bindings/BINDINGS,RS-0016,Adaptive Grip Strength Augmentation,ADVANCED,True,3300,5700,"{""Red"":5700,""Orange"":9120,""Yellow"":16416,""Green"":34474,""Blue"":86185,""Violet"":258555,""White"":1034220}"
bindings/BINDINGS,RS-0017,Adaptive Heat Shedding Augmentation,ADVANCED,True,2800,5700,"{""Red"":5700,""Orange"":9120,""Yellow"":16416,""Green"":34474,""Blue"":86185,""Violet"":258555,""White"":1034220}"
bindings/BINDINGS,RS-0018,Adaptive Impact Frame Augmentation,ADVANCED,True,3300,5700,"{""Red"":5700,""Orange"":9120,""Yellow"":16416,""Green"":34474,""Blue"":86185,""Violet"":258555,""White"":1034220}"
bindings/BINDINGS,RS-0019,Adaptive Joint Reinforcement Augmentation,ADVANCED,True,2800,5700,"{""Red"":5700,""Orange"":9120,""Yellow"":16416,""Green"":34474,""Blue"":86185,""Violet"":258555,""White"":1034220}"
bindings/BINDINGS,RS-0020,Adaptive Jump Power Augmentation,ADVANCED,True,2800,5700,"{""Red"":5700,""Orange"":9120,""Yellow"":16416,""Green"":34474,""Blue"":86185,""Violet"":258555,""White"":1034220}"
bindings/BINDINGS,RS-0021,Adaptive Landing Tolerance Augmentation,ADVANCED,True,2800,5700,"{""Red"":5700,""Orange"":9120,""Yellow"":16416,""Green"":34474,""Blue"":86185,""Violet"":258555,""White"":1034220}"
bindings/BINDINGS,RS-0022,Adaptive Ligament Reinforcement Augmentation,ADVANCED,True,2800,5700,"{""Red"":5700,""Orange"":9120,""Yellow"":16416,""Green"":34474,""Blue"":86185,""Violet"":258555,""White"":1034220}"
bindings/BINDINGS,RS-0023,Adaptive Localized Recovery Augmentation,ADVANCED,True,2800,5700,"{""Red"":5700,""Orange"":9120,""Yellow"":16416,""Green"":34474,""Blue"":86185,""Violet"":258555,""White"":1034220}"
bindings/BINDINGS,RS-0024,Adaptive Lower-Body Power Augmentation,ADVANCED,True,2800,5700,"{""Red"":5700,""Orange"":9120,""Yellow"":16416,""Green"":34474,""Blue"":86185,""Violet"":258555,""White"":1034220}"
bindings/BINDINGS,RS-0025,Adaptive Metabolic Efficiency Augmentation,ADVANCED,True,2800,5700,"{""Red"":5700,""Orange"":9120,""Yellow"":16416,""Green"":34474,""Blue"":86185,""Violet"":258555,""White"":1034220}"
bindings/BINDINGS,RS-0026,Adaptive Motor Precision Augmentation,ADVANCED,True,2800,5700,"{""Red"":5700,""Orange"":9120,""Yellow"":16416,""Green"":34474,""Blue"":86185,""Violet"":258555,""White"":1034220}"
bindings/BINDINGS,RS-0027,Adaptive Muscular Strength Augmentation,ADVANCED,True,3300,5700,"{""Red"":5700,""Orange"":9120,""Yellow"":16416,""Green"":34474,""Blue"":86185,""Violet"":258555,""White"":1034220}"
bindings/BINDINGS,RS-0028,Adaptive Neural Conduction Augmentation,ADVANCED,True,2800,5700,"{""Red"":5700,""Orange"":9120,""Yellow"":16416,""Green"":34474,""Blue"":86185,""Violet"":258555,""White"":1034220}"
bindings/BINDINGS,RS-0029,Adaptive Organ Bracing Augmentation,ADVANCED,True,2800,5700,"{""Red"":5700,""Orange"":9120,""Yellow"":16416,""Green"":34474,""Blue"":86185,""Violet"":258555,""White"":1034220}"
bindings/BINDINGS,RS-0030,Adaptive Pain Gating Augmentation,ADVANCED,True,2800,5700,"{""Red"":5700,""Orange"":9120,""Yellow"":16416,""Green"":34474,""Blue"":86185,""Violet"":258555,""White"":1034220}"
bindings/BINDINGS,RS-0031,Adaptive Pressure Tolerance Augmentation,ADVANCED,True,2800,5700,"{""Red"":5700,""Orange"":9120,""Yellow"":16416,""Green"":34474,""Blue"":86185,""Violet"":258555,""White"":1034220}"
bindings/BINDINGS,RS-0032,Adaptive Proprioception Augmentation,ADVANCED,True,2800,5700,"{""Red"":5700,""Orange"":9120,""Yellow"":16416,""Green"":34474,""Blue"":86185,""Violet"":258555,""White"":1034220}"
bindings/BINDINGS,RS-0033,Adaptive Reaction Speed Augmentation,ADVANCED,True,3200,5700,"{""Red"":5700,""Orange"":9120,""Yellow"":16416,""Green"":34474,""Blue"":86185,""Violet"":258555,""White"":1034220}"
bindings/BINDINGS,RS-0034,Adaptive Recovery Rate Augmentation,ADVANCED,True,2800,5700,"{""Red"":5700,""Orange"":9120,""Yellow"":16416,""Green"":34474,""Blue"":86185,""Violet"":258555,""White"":1034220}"
bindings/BINDINGS,RS-0035,Adaptive Respiratory Throughput Augmentation,ADVANCED,True,2800,5700,"{""Red"":5700,""Orange"":9120,""Yellow"":16416,""Green"":34474,""Blue"":86185,""Violet"":258555,""White"":1034220}"
bindings/BINDINGS,RS-0036,Adaptive Shock Tolerance Augmentation,ADVANCED,True,2800,5700,"{""Red"":5700,""Orange"":9120,""Yellow"":16416,""Green"":34474,""Blue"":86185,""Violet"":258555,""White"":1034220}"
bindings/BINDINGS,RS-0037,Adaptive Spinal Reinforcement Augmentation,ADVANCED,True,2800,5700,"{""Red"":5700,""Orange"":9120,""Yellow"":16416,""Green"":34474,""Blue"":86185,""Violet"":258555,""White"":1034220}"
bindings/BINDINGS,RS-0038,Adaptive Sprint Speed Augmentation,ADVANCED,True,2800,5700,"{""Red"":5700,""Orange"":9120,""Yellow"":16416,""Green"":34474,""Blue"":86185,""Violet"":258555,""White"":1034220}"
bindings/BINDINGS,RS-0039,Adaptive Structural Resonance Augmentation,ADVANCED,True,3300,5700,"{""Red"":5700,""Orange"":9120,""Yellow"":16416,""Green"":34474,""Blue"":86185,""Violet"":258555,""White"":1034220}"
bindings/BINDINGS,RS-0040,Adaptive Sustained Run Augmentation,ADVANCED,True,2800,5700,"{""Red"":5700,""Orange"":9120,""Yellow"":16416,""Green"":34474,""Blue"":86185,""Violet"":258555,""White"":1034220}"
bindings/BINDINGS,RS-0041,Adaptive Swimming Output Augmentation,ADVANCED,True,2800,5700,"{""Red"":5700,""Orange"":9120,""Yellow"":16416,""Green"":34474,""Blue"":86185,""Violet"":258555,""White"":1034220}"
bindings/BINDINGS,RS-0042,Adaptive Tendon Reinforcement Augmentation,ADVANCED,True,2800,5700,"{""Red"":5700,""Orange"":9120,""Yellow"":16416,""Green"":34474,""Blue"":86185,""Violet"":258555,""White"":1034220}"
bindings/BINDINGS,RS-0043,Adaptive Turning Authority Augmentation,ADVANCED,True,2800,5700,"{""Red"":5700,""Orange"":9120,""Yellow"":16416,""Green"":34474,""Blue"":86185,""Violet"":258555,""White"":1034220}"
bindings/BINDINGS,RS-0044,Adaptive Upper-Body Power Augmentation,ADVANCED,True,2800,5700,"{""Red"":5700,""Orange"":9120,""Yellow"":16416,""Green"":34474,""Blue"":86185,""Violet"":258555,""White"":1034220}"
bindings/BINDINGS,RS-0045,Adaptive Vestibular Control Augmentation,ADVANCED,True,2800,5700,"{""Red"":5700,""Orange"":9120,""Yellow"":16416,""Green"":34474,""Blue"":86185,""Violet"":258555,""White"":1034220}"
bindings/BINDINGS,RS-0046,Adaptive Visual Tracking Augmentation,ADVANCED,True,3200,5700,"{""Red"":5700,""Orange"":9120,""Yellow"":16416,""Green"":34474,""Blue"":86185,""Violet"":258555,""White"":1034220}"
bindings/BINDINGS,RS-0047,Burst Acceleration Augmentation,COMMON_SPECIALIZATION,True,1400,3100,"{""Red"":3100,""Orange"":4960,""Yellow"":8928,""Green"":18749,""Blue"":46873,""Violet"":140619,""White"":562476}"
bindings/BINDINGS,RS-0048,Burst Agility Augmentation,COMMON_SPECIALIZATION,True,1400,3100,"{""Red"":3100,""Orange"":4960,""Yellow"":8928,""Green"":18749,""Blue"":46873,""Violet"":140619,""White"":562476}"
bindings/BINDINGS,RS-0049,Burst Anaerobic Tolerance Augmentation,COMMON_SPECIALIZATION,True,1800,3100,"{""Red"":3100,""Orange"":4960,""Yellow"":8928,""Green"":18749,""Blue"":46873,""Violet"":140619,""White"":562476}"
bindings/BINDINGS,RS-0050,Burst Auditory Filtering Augmentation,COMMON_SPECIALIZATION,True,1800,3100,"{""Red"":3100,""Orange"":4960,""Yellow"":8928,""Green"":18749,""Blue"":46873,""Violet"":140619,""White"":562476}"
bindings/BINDINGS,RS-0051,Burst Balance Augmentation,COMMON_SPECIALIZATION,True,1400,3100,"{""Red"":3100,""Orange"":4960,""Yellow"":8928,""Green"":18749,""Blue"":46873,""Violet"":140619,""White"":562476}"
bindings/BINDINGS,RS-0052,Burst Bone Reinforcement Augmentation,COMMON_SPECIALIZATION,True,1400,3100,"{""Red"":3100,""Orange"":4960,""Yellow"":8928,""Green"":18749,""Blue"":46873,""Violet"":140619,""White"":562476}"
bindings/BINDINGS,RS-0053,Burst Burst Dash Augmentation,COMMON_SPECIALIZATION,True,1400,3100,"{""Red"":3100,""Orange"":4960,""Yellow"":8928,""Green"":18749,""Blue"":46873,""Violet"":140619,""White"":562476}"
bindings/BINDINGS,RS-0054,Burst Cardiac Output Augmentation,COMMON_SPECIALIZATION,True,1800,3100,"{""Red"":3100,""Orange"":4960,""Yellow"":8928,""Green"":18749,""Blue"":46873,""Violet"":140619,""White"":562476}"
bindings/BINDINGS,RS-0055,Burst Circulatory Efficiency Augmentation,COMMON_SPECIALIZATION,True,1400,3100,"{""Red"":3100,""Orange"":4960,""Yellow"":8928,""Green"":18749,""Blue"":46873,""Violet"":140619,""White"":562476}"
bindings/BINDINGS,RS-0056,Burst Climbing Output Augmentation,COMMON_SPECIALIZATION,True,1400,3100,"{""Red"":3100,""Orange"":4960,""Yellow"":8928,""Green"":18749,""Blue"":46873,""Violet"":140619,""White"":562476}"
bindings/BINDINGS,RS-0057,Burst Cold Tolerance Augmentation,COMMON_SPECIALIZATION,True,1400,3100,"{""Red"":3100,""Orange"":4960,""Yellow"":8928,""Green"":18749,""Blue"":46873,""Violet"":140619,""White"":562476}"
bindings/BINDINGS,RS-0058,Burst Core Stability Augmentation,COMMON_SPECIALIZATION,True,1400,3100,"{""Red"":3100,""Orange"":4960,""Yellow"":8928,""Green"":18749,""Blue"":46873,""Violet"":140619,""White"":562476}"
bindings/BINDINGS,RS-0059,Burst Dermal Reinforcement Augmentation,COMMON_SPECIALIZATION,True,1400,3100,"{""Red"":3100,""Orange"":4960,""Yellow"":8928,""Green"":18749,""Blue"":46873,""Violet"":140619,""White"":562476}"
bindings/BINDINGS,RS-0060,Burst Explosive Power Augmentation,COMMON_SPECIALIZATION,True,1900,3100,"{""Red"":3100,""Orange"":4960,""Yellow"":8928,""Green"":18749,""Blue"":46873,""Violet"":140619,""White"":562476}"
bindings/BINDINGS,RS-0061,Burst Fatigue Resistance Augmentation,COMMON_SPECIALIZATION,True,1900,3100,"{""Red"":3100,""Orange"":4960,""Yellow"":8928,""Green"":18749,""Blue"":46873,""Violet"":140619,""White"":562476}"
bindings/BINDINGS,RS-0062,Burst Grip Strength Augmentation,COMMON_SPECIALIZATION,True,1900,3100,"{""Red"":3100,""Orange"":4960,""Yellow"":8928,""Green"":18749,""Blue"":46873,""Violet"":140619,""White"":562476}"
bindings/BINDINGS,RS-0063,Burst Heat Shedding Augmentation,COMMON_SPECIALIZATION,True,1400,3100,"{""Red"":3100,""Orange"":4960,""Yellow"":8928,""Green"":18749,""Blue"":46873,""Violet"":140619,""White"":562476}"
bindings/BINDINGS,RS-0064,Burst Impact Frame Augmentation,COMMON_SPECIALIZATION,True,1900,3100,"{""Red"":3100,""Orange"":4960,""Yellow"":8928,""Green"":18749,""Blue"":46873,""Violet"":140619,""White"":562476}"
bindings/BINDINGS,RS-0065,Burst Joint Reinforcement Augmentation,COMMON_SPECIALIZATION,True,1400,3100,"{""Red"":3100,""Orange"":4960,""Yellow"":8928,""Green"":18749,""Blue"":46873,""Violet"":140619,""White"":562476}"
bindings/BINDINGS,RS-0066,Burst Jump Power Augmentation,COMMON_SPECIALIZATION,True,1400,3100,"{""Red"":3100,""Orange"":4960,""Yellow"":8928,""Green"":18749,""Blue"":46873,""Violet"":140619,""White"":562476}"
bindings/BINDINGS,RS-0067,Burst Landing Tolerance Augmentation,COMMON_SPECIALIZATION,True,1400,3100,"{""Red"":3100,""Orange"":4960,""Yellow"":8928,""Green"":18749,""Blue"":46873,""Violet"":140619,""White"":562476}"
bindings/BINDINGS,RS-0068,Burst Ligament Reinforcement Augmentation,COMMON_SPECIALIZATION,True,1400,3100,"{""Red"":3100,""Orange"":4960,""Yellow"":8928,""Green"":18749,""Blue"":46873,""Violet"":140619,""White"":562476}"
bindings/BINDINGS,RS-0069,Burst Localized Recovery Augmentation,COMMON_SPECIALIZATION,True,1400,3100,"{""Red"":3100,""Orange"":4960,""Yellow"":8928,""Green"":18749,""Blue"":46873,""Violet"":140619,""White"":562476}"
bindings/BINDINGS,RS-0070,Burst Lower-Body Power Augmentation,COMMON_SPECIALIZATION,True,1400,3100,"{""Red"":3100,""Orange"":4960,""Yellow"":8928,""Green"":18749,""Blue"":46873,""Violet"":140619,""White"":562476}"
bindings/BINDINGS,RS-0071,Burst Metabolic Efficiency Augmentation,COMMON_SPECIALIZATION,True,1400,3100,"{""Red"":3100,""Orange"":4960,""Yellow"":8928,""Green"":18749,""Blue"":46873,""Violet"":140619,""White"":562476}"
bindings/BINDINGS,RS-0072,Burst Motor Precision Augmentation,COMMON_SPECIALIZATION,True,1400,3100,"{""Red"":3100,""Orange"":4960,""Yellow"":8928,""Green"":18749,""Blue"":46873,""Violet"":140619,""White"":562476}"
bindings/BINDINGS,RS-0073,Burst Muscular Strength Augmentation,COMMON_SPECIALIZATION,True,1900,3100,"{""Red"":3100,""Orange"":4960,""Yellow"":8928,""Green"":18749,""Blue"":46873,""Violet"":140619,""White"":562476}"
bindings/BINDINGS,RS-0074,Burst Neural Conduction Augmentation,COMMON_SPECIALIZATION,True,1400,3100,"{""Red"":3100,""Orange"":4960,""Yellow"":8928,""Green"":18749,""Blue"":46873,""Violet"":140619,""White"":562476}"
bindings/BINDINGS,RS-0075,Burst Organ Bracing Augmentation,COMMON_SPECIALIZATION,True,1400,3100,"{""Red"":3100,""Orange"":4960,""Yellow"":8928,""Green"":18749,""Blue"":46873,""Violet"":140619,""White"":562476}"
bindings/BINDINGS,RS-0076,Burst Pain Gating Augmentation,COMMON_SPECIALIZATION,True,1400,3100,"{""Red"":3100,""Orange"":4960,""Yellow"":8928,""Green"":18749,""Blue"":46873,""Violet"":140619,""White"":562476}"
bindings/BINDINGS,RS-0077,Burst Pressure Tolerance Augmentation,COMMON_SPECIALIZATION,True,1400,3100,"{""Red"":3100,""Orange"":4960,""Yellow"":8928,""Green"":18749,""Blue"":46873,""Violet"":140619,""White"":562476}"
bindings/BINDINGS,RS-0078,Burst Proprioception Augmentation,COMMON_SPECIALIZATION,True,1400,3100,"{""Red"":3100,""Orange"":4960,""Yellow"":8928,""Green"":18749,""Blue"":46873,""Violet"":140619,""White"":562476}"
bindings/BINDINGS,RS-0079,Burst Reaction Speed Augmentation,COMMON_SPECIALIZATION,True,1800,3100,"{""Red"":3100,""Orange"":4960,""Yellow"":8928,""Green"":18749,""Blue"":46873,""Violet"":140619,""White"":562476}"
bindings/BINDINGS,RS-0080,Burst Recovery Rate Augmentation,COMMON_SPECIALIZATION,True,1400,3100,"{""Red"":3100,""Orange"":4960,""Yellow"":8928,""Green"":18749,""Blue"":46873,""Violet"":140619,""White"":562476}"
bindings/BINDINGS,RS-0081,Burst Respiratory Throughput Augmentation,COMMON_SPECIALIZATION,True,1400,3100,"{""Red"":3100,""Orange"":4960,""Yellow"":8928,""Green"":18749,""Blue"":46873,""Violet"":140619,""White"":562476}"
bindings/BINDINGS,RS-0082,Burst Shock Tolerance Augmentation,COMMON_SPECIALIZATION,True,1400,3100,"{""Red"":3100,""Orange"":4960,""Yellow"":8928,""Green"":18749,""Blue"":46873,""Violet"":140619,""White"":562476}"
bindings/BINDINGS,RS-0083,Burst Spinal Reinforcement Augmentation,COMMON_SPECIALIZATION,True,1400,3100,"{""Red"":3100,""Orange"":4960,""Yellow"":8928,""Green"":18749,""Blue"":46873,""Violet"":140619,""White"":562476}"
bindings/BINDINGS,RS-0084,Burst Sprint Speed Augmentation,COMMON_SPECIALIZATION,True,1400,3100,"{""Red"":3100,""Orange"":4960,""Yellow"":8928,""Green"":18749,""Blue"":46873,""Violet"":140619,""White"":562476}"
bindings/BINDINGS,RS-0085,Burst Structural Resonance Augmentation,COMMON_SPECIALIZATION,True,1900,3100,"{""Red"":3100,""Orange"":4960,""Yellow"":8928,""Green"":18749,""Blue"":46873,""Violet"":140619,""White"":562476}"
bindings/BINDINGS,RS-0086,Burst Sustained Run Augmentation,COMMON_SPECIALIZATION,True,1400,3100,"{""Red"":3100,""Orange"":4960,""Yellow"":8928,""Green"":18749,""Blue"":46873,""Violet"":140619,""White"":562476}"
bindings/BINDINGS,RS-0087,Burst Swimming Output Augmentation,COMMON_SPECIALIZATION,True,1400,3100,"{""Red"":3100,""Orange"":4960,""Yellow"":8928,""Green"":18749,""Blue"":46873,""Violet"":140619,""White"":562476}"
bindings/BINDINGS,RS-0088,Burst Tendon Reinforcement Augmentation,COMMON_SPECIALIZATION,True,1400,3100,"{""Red"":3100,""Orange"":4960,""Yellow"":8928,""Green"":18749,""Blue"":46873,""Violet"":140619,""White"":562476}"
bindings/BINDINGS,RS-0089,Burst Turning Authority Augmentation,COMMON_SPECIALIZATION,True,1400,3100,"{""Red"":3100,""Orange"":4960,""Yellow"":8928,""Green"":18749,""Blue"":46873,""Violet"":140619,""White"":562476}"
bindings/BINDINGS,RS-0090,Burst Upper-Body Power Augmentation,COMMON_SPECIALIZATION,True,1400,3100,"{""Red"":3100,""Orange"":4960,""Yellow"":8928,""Green"":18749,""Blue"":46873,""Violet"":140619,""White"":562476}"
bindings/BINDINGS,RS-0091,Burst Vestibular Control Augmentation,COMMON_SPECIALIZATION,True,1400,3100,"{""Red"":3100,""Orange"":4960,""Yellow"":8928,""Green"":18749,""Blue"":46873,""Violet"":140619,""White"":562476}"
bindings/BINDINGS,RS-0092,Burst Visual Tracking Augmentation,COMMON_SPECIALIZATION,True,1800,3100,"{""Red"":3100,""Orange"":4960,""Yellow"":8928,""Green"":18749,""Blue"":46873,""Violet"":140619,""White"":562476}"
bindings/BINDINGS,RS-0093,Localized Acceleration Augmentation,FOUNDATIONAL,True,800,1700,"{""Red"":1700,""Orange"":2720,""Yellow"":4896,""Green"":10282,""Blue"":25705,""Violet"":77115,""White"":308460}"
bindings/BINDINGS,RS-0094,Localized Agility Augmentation,FOUNDATIONAL,True,800,1700,"{""Red"":1700,""Orange"":2720,""Yellow"":4896,""Green"":10282,""Blue"":25705,""Violet"":77115,""White"":308460}"
bindings/BINDINGS,RS-0095,Localized Anaerobic Tolerance Augmentation,COMMON_SPECIALIZATION,True,1200,3100,"{""Red"":3100,""Orange"":4960,""Yellow"":8928,""Green"":18749,""Blue"":46873,""Violet"":140619,""White"":562476}"
bindings/BINDINGS,RS-0096,Localized Auditory Filtering Augmentation,COMMON_SPECIALIZATION,True,1200,3100,"{""Red"":3100,""Orange"":4960,""Yellow"":8928,""Green"":18749,""Blue"":46873,""Violet"":140619,""White"":562476}"
bindings/BINDINGS,RS-0097,Localized Balance Augmentation,FOUNDATIONAL,True,800,1700,"{""Red"":1700,""Orange"":2720,""Yellow"":4896,""Green"":10282,""Blue"":25705,""Violet"":77115,""White"":308460}"
bindings/BINDINGS,RS-0098,Localized Bone Reinforcement Augmentation,FOUNDATIONAL,True,800,1700,"{""Red"":1700,""Orange"":2720,""Yellow"":4896,""Green"":10282,""Blue"":25705,""Violet"":77115,""White"":308460}"
bindings/BINDINGS,RS-0099,Localized Burst Dash Augmentation,FOUNDATIONAL,True,800,1700,"{""Red"":1700,""Orange"":2720,""Yellow"":4896,""Green"":10282,""Blue"":25705,""Violet"":77115,""White"":308460}"
bindings/BINDINGS,RS-0100,Localized Cardiac Output Augmentation,COMMON_SPECIALIZATION,True,1200,3100,"{""Red"":3100,""Orange"":4960,""Yellow"":8928,""Green"":18749,""Blue"":46873,""Violet"":140619,""White"":562476}"
bindings/BINDINGS,RS-0101,Localized Circulatory Efficiency Augmentation,FOUNDATIONAL,True,800,1700,"{""Red"":1700,""Orange"":2720,""Yellow"":4896,""Green"":10282,""Blue"":25705,""Violet"":77115,""White"":308460}"
bindings/BINDINGS,RS-0102,Localized Climbing Output Augmentation,FOUNDATIONAL,True,800,1700,"{""Red"":1700,""Orange"":2720,""Yellow"":4896,""Green"":10282,""Blue"":25705,""Violet"":77115,""White"":308460}"
bindings/BINDINGS,RS-0103,Localized Cold Tolerance Augmentation,FOUNDATIONAL,True,800,1700,"{""Red"":1700,""Orange"":2720,""Yellow"":4896,""Green"":10282,""Blue"":25705,""Violet"":77115,""White"":308460}"
bindings/BINDINGS,RS-0104,Localized Core Stability Augmentation,FOUNDATIONAL,True,800,1700,"{""Red"":1700,""Orange"":2720,""Yellow"":4896,""Green"":10282,""Blue"":25705,""Violet"":77115,""White"":308460}"
bindings/BINDINGS,RS-0105,Localized Dermal Reinforcement Augmentation,FOUNDATIONAL,True,800,1700,"{""Red"":1700,""Orange"":2720,""Yellow"":4896,""Green"":10282,""Blue"":25705,""Violet"":77115,""White"":308460}"
bindings/BINDINGS,RS-0106,Localized Explosive Power Augmentation,COMMON_SPECIALIZATION,True,1300,3100,"{""Red"":3100,""Orange"":4960,""Yellow"":8928,""Green"":18749,""Blue"":46873,""Violet"":140619,""White"":562476}"
bindings/BINDINGS,RS-0107,Localized Fatigue Resistance Augmentation,COMMON_SPECIALIZATION,True,1300,3100,"{""Red"":3100,""Orange"":4960,""Yellow"":8928,""Green"":18749,""Blue"":46873,""Violet"":140619,""White"":562476}"
bindings/BINDINGS,RS-0108,Localized Grip Strength Augmentation,COMMON_SPECIALIZATION,True,1300,3100,"{""Red"":3100,""Orange"":4960,""Yellow"":8928,""Green"":18749,""Blue"":46873,""Violet"":140619,""White"":562476}"
bindings/BINDINGS,RS-0109,Localized Heat Shedding Augmentation,FOUNDATIONAL,True,800,1700,"{""Red"":1700,""Orange"":2720,""Yellow"":4896,""Green"":10282,""Blue"":25705,""Violet"":77115,""White"":308460}"
bindings/BINDINGS,RS-0110,Localized Impact Frame Augmentation,COMMON_SPECIALIZATION,True,1300,3100,"{""Red"":3100,""Orange"":4960,""Yellow"":8928,""Green"":18749,""Blue"":46873,""Violet"":140619,""White"":562476}"
bindings/BINDINGS,RS-0111,Localized Joint Reinforcement Augmentation,FOUNDATIONAL,True,800,1700,"{""Red"":1700,""Orange"":2720,""Yellow"":4896,""Green"":10282,""Blue"":25705,""Violet"":77115,""White"":308460}"
bindings/BINDINGS,RS-0112,Localized Jump Power Augmentation,FOUNDATIONAL,True,800,1700,"{""Red"":1700,""Orange"":2720,""Yellow"":4896,""Green"":10282,""Blue"":25705,""Violet"":77115,""White"":308460}"
bindings/BINDINGS,RS-0113,Localized Landing Tolerance Augmentation,FOUNDATIONAL,True,800,1700,"{""Red"":1700,""Orange"":2720,""Yellow"":4896,""Green"":10282,""Blue"":25705,""Violet"":77115,""White"":308460}"
bindings/BINDINGS,RS-0114,Localized Ligament Reinforcement Augmentation,FOUNDATIONAL,True,800,1700,"{""Red"":1700,""Orange"":2720,""Yellow"":4896,""Green"":10282,""Blue"":25705,""Violet"":77115,""White"":308460}"
bindings/BINDINGS,RS-0115,Localized Localized Recovery Augmentation,FOUNDATIONAL,True,800,1700,"{""Red"":1700,""Orange"":2720,""Yellow"":4896,""Green"":10282,""Blue"":25705,""Violet"":77115,""White"":308460}"
bindings/BINDINGS,RS-0116,Localized Lower-Body Power Augmentation,FOUNDATIONAL,True,800,1700,"{""Red"":1700,""Orange"":2720,""Yellow"":4896,""Green"":10282,""Blue"":25705,""Violet"":77115,""White"":308460}"
bindings/BINDINGS,RS-0117,Localized Metabolic Efficiency Augmentation,FOUNDATIONAL,True,800,1700,"{""Red"":1700,""Orange"":2720,""Yellow"":4896,""Green"":10282,""Blue"":25705,""Violet"":77115,""White"":308460}"
bindings/BINDINGS,RS-0118,Localized Motor Precision Augmentation,FOUNDATIONAL,True,800,1700,"{""Red"":1700,""Orange"":2720,""Yellow"":4896,""Green"":10282,""Blue"":25705,""Violet"":77115,""White"":308460}"
bindings/BINDINGS,RS-0119,Localized Muscular Strength Augmentation,COMMON_SPECIALIZATION,True,1300,3100,"{""Red"":3100,""Orange"":4960,""Yellow"":8928,""Green"":18749,""Blue"":46873,""Violet"":140619,""White"":562476}"
bindings/BINDINGS,RS-0120,Localized Neural Conduction Augmentation,FOUNDATIONAL,True,800,1700,"{""Red"":1700,""Orange"":2720,""Yellow"":4896,""Green"":10282,""Blue"":25705,""Violet"":77115,""White"":308460}"
bindings/BINDINGS,RS-0121,Localized Organ Bracing Augmentation,FOUNDATIONAL,True,800,1700,"{""Red"":1700,""Orange"":2720,""Yellow"":4896,""Green"":10282,""Blue"":25705,""Violet"":77115,""White"":308460}"
bindings/BINDINGS,RS-0122,Localized Pain Gating Augmentation,FOUNDATIONAL,True,800,1700,"{""Red"":1700,""Orange"":2720,""Yellow"":4896,""Green"":10282,""Blue"":25705,""Violet"":77115,""White"":308460}"
bindings/BINDINGS,RS-0123,Localized Pressure Tolerance Augmentation,FOUNDATIONAL,True,800,1700,"{""Red"":1700,""Orange"":2720,""Yellow"":4896,""Green"":10282,""Blue"":25705,""Violet"":77115,""White"":308460}"
bindings/BINDINGS,RS-0124,Localized Proprioception Augmentation,FOUNDATIONAL,True,800,1700,"{""Red"":1700,""Orange"":2720,""Yellow"":4896,""Green"":10282,""Blue"":25705,""Violet"":77115,""White"":308460}"
bindings/BINDINGS,RS-0125,Localized Reaction Speed Augmentation,COMMON_SPECIALIZATION,True,1200,3100,"{""Red"":3100,""Orange"":4960,""Yellow"":8928,""Green"":18749,""Blue"":46873,""Violet"":140619,""White"":562476}"
bindings/BINDINGS,RS-0126,Localized Recovery Rate Augmentation,FOUNDATIONAL,True,800,1700,"{""Red"":1700,""Orange"":2720,""Yellow"":4896,""Green"":10282,""Blue"":25705,""Violet"":77115,""White"":308460}"
bindings/BINDINGS,RS-0127,Localized Respiratory Throughput Augmentation,FOUNDATIONAL,True,800,1700,"{""Red"":1700,""Orange"":2720,""Yellow"":4896,""Green"":10282,""Blue"":25705,""Violet"":77115,""White"":308460}"
bindings/BINDINGS,RS-0128,Localized Shock Tolerance Augmentation,FOUNDATIONAL,True,800,1700,"{""Red"":1700,""Orange"":2720,""Yellow"":4896,""Green"":10282,""Blue"":25705,""Violet"":77115,""White"":308460}"
bindings/BINDINGS,RS-0129,Localized Spinal Reinforcement Augmentation,FOUNDATIONAL,True,800,1700,"{""Red"":1700,""Orange"":2720,""Yellow"":4896,""Green"":10282,""Blue"":25705,""Violet"":77115,""White"":308460}"
bindings/BINDINGS,RS-0130,Localized Sprint Speed Augmentation,FOUNDATIONAL,True,800,1700,"{""Red"":1700,""Orange"":2720,""Yellow"":4896,""Green"":10282,""Blue"":25705,""Violet"":77115,""White"":308460}"
bindings/BINDINGS,RS-0131,Localized Structural Resonance Augmentation,COMMON_SPECIALIZATION,True,1300,3100,"{""Red"":3100,""Orange"":4960,""Yellow"":8928,""Green"":18749,""Blue"":46873,""Violet"":140619,""White"":562476}"
bindings/BINDINGS,RS-0132,Localized Sustained Run Augmentation,FOUNDATIONAL,True,800,1700,"{""Red"":1700,""Orange"":2720,""Yellow"":4896,""Green"":10282,""Blue"":25705,""Violet"":77115,""White"":308460}"
bindings/BINDINGS,RS-0133,Localized Swimming Output Augmentation,FOUNDATIONAL,True,800,1700,"{""Red"":1700,""Orange"":2720,""Yellow"":4896,""Green"":10282,""Blue"":25705,""Violet"":77115,""White"":308460}"
bindings/BINDINGS,RS-0134,Localized Tendon Reinforcement Augmentation,FOUNDATIONAL,True,800,1700,"{""Red"":1700,""Orange"":2720,""Yellow"":4896,""Green"":10282,""Blue"":25705,""Violet"":77115,""White"":308460}"
bindings/BINDINGS,RS-0135,Localized Turning Authority Augmentation,FOUNDATIONAL,True,800,1700,"{""Red"":1700,""Orange"":2720,""Yellow"":4896,""Green"":10282,""Blue"":25705,""Violet"":77115,""White"":308460}"
bindings/BINDINGS,RS-0136,Localized Upper-Body Power Augmentation,FOUNDATIONAL,True,800,1700,"{""Red"":1700,""Orange"":2720,""Yellow"":4896,""Green"":10282,""Blue"":25705,""Violet"":77115,""White"":308460}"
bindings/BINDINGS,RS-0137,Localized Vestibular Control Augmentation,FOUNDATIONAL,True,800,1700,"{""Red"":1700,""Orange"":2720,""Yellow"":4896,""Green"":10282,""Blue"":25705,""Violet"":77115,""White"":308460}"
bindings/BINDINGS,RS-0138,Localized Visual Tracking Augmentation,COMMON_SPECIALIZATION,True,1200,3100,"{""Red"":3100,""Orange"":4960,""Yellow"":8928,""Green"":18749,""Blue"":46873,""Violet"":140619,""White"":562476}"
bindings/BINDINGS,RS-0139,Overdrive Acceleration Augmentation,POWERFUL,True,5000,11000,"{""Red"":11000,""Orange"":17600,""Yellow"":31680,""Green"":66528,""Blue"":166320,""Violet"":498960,""White"":1995840}"
bindings/BINDINGS,RS-0140,Overdrive Agility Augmentation,POWERFUL,True,5000,11000,"{""Red"":11000,""Orange"":17600,""Yellow"":31680,""Green"":66528,""Blue"":166320,""Violet"":498960,""White"":1995840}"
bindings/BINDINGS,RS-0141,Overdrive Anaerobic Tolerance Augmentation,POWERFUL,True,5400,11000,"{""Red"":11000,""Orange"":17600,""Yellow"":31680,""Green"":66528,""Blue"":166320,""Violet"":498960,""White"":1995840}"
bindings/BINDINGS,RS-0142,Overdrive Auditory Filtering Augmentation,POWERFUL,True,5400,11000,"{""Red"":11000,""Orange"":17600,""Yellow"":31680,""Green"":66528,""Blue"":166320,""Violet"":498960,""White"":1995840}"
bindings/BINDINGS,RS-0143,Overdrive Balance Augmentation,POWERFUL,True,5000,11000,"{""Red"":11000,""Orange"":17600,""Yellow"":31680,""Green"":66528,""Blue"":166320,""Violet"":498960,""White"":1995840}"
bindings/BINDINGS,RS-0144,Overdrive Bone Reinforcement Augmentation,POWERFUL,True,5000,11000,"{""Red"":11000,""Orange"":17600,""Yellow"":31680,""Green"":66528,""Blue"":166320,""Violet"":498960,""White"":1995840}"
bindings/BINDINGS,RS-0145,Overdrive Burst Dash Augmentation,POWERFUL,True,5000,11000,"{""Red"":11000,""Orange"":17600,""Yellow"":31680,""Green"":66528,""Blue"":166320,""Violet"":498960,""White"":1995840}"
bindings/BINDINGS,RS-0146,Overdrive Cardiac Output Augmentation,POWERFUL,True,5400,11000,"{""Red"":11000,""Orange"":17600,""Yellow"":31680,""Green"":66528,""Blue"":166320,""Violet"":498960,""White"":1995840}"
bindings/BINDINGS,RS-0147,Overdrive Circulatory Efficiency Augmentation,POWERFUL,True,5000,11000,"{""Red"":11000,""Orange"":17600,""Yellow"":31680,""Green"":66528,""Blue"":166320,""Violet"":498960,""White"":1995840}"
bindings/BINDINGS,RS-0148,Overdrive Climbing Output Augmentation,POWERFUL,True,5000,11000,"{""Red"":11000,""Orange"":17600,""Yellow"":31680,""Green"":66528,""Blue"":166320,""Violet"":498960,""White"":1995840}"
bindings/BINDINGS,RS-0149,Overdrive Cold Tolerance Augmentation,POWERFUL,True,5000,11000,"{""Red"":11000,""Orange"":17600,""Yellow"":31680,""Green"":66528,""Blue"":166320,""Violet"":498960,""White"":1995840}"
bindings/BINDINGS,RS-0150,Overdrive Core Stability Augmentation,POWERFUL,True,5000,11000,"{""Red"":11000,""Orange"":17600,""Yellow"":31680,""Green"":66528,""Blue"":166320,""Violet"":498960,""White"":1995840}"
bindings/BINDINGS,RS-0151,Overdrive Dermal Reinforcement Augmentation,POWERFUL,True,5000,11000,"{""Red"":11000,""Orange"":17600,""Yellow"":31680,""Green"":66528,""Blue"":166320,""Violet"":498960,""White"":1995840}"
bindings/BINDINGS,RS-0152,Overdrive Explosive Power Augmentation,POWERFUL,True,5500,11000,"{""Red"":11000,""Orange"":17600,""Yellow"":31680,""Green"":66528,""Blue"":166320,""Violet"":498960,""White"":1995840}"
bindings/BINDINGS,RS-0153,Overdrive Fatigue Resistance Augmentation,POWERFUL,True,5500,11000,"{""Red"":11000,""Orange"":17600,""Yellow"":31680,""Green"":66528,""Blue"":166320,""Violet"":498960,""White"":1995840}"
bindings/BINDINGS,RS-0154,Overdrive Grip Strength Augmentation,POWERFUL,True,5500,11000,"{""Red"":11000,""Orange"":17600,""Yellow"":31680,""Green"":66528,""Blue"":166320,""Violet"":498960,""White"":1995840}"
bindings/BINDINGS,RS-0155,Overdrive Heat Shedding Augmentation,POWERFUL,True,5000,11000,"{""Red"":11000,""Orange"":17600,""Yellow"":31680,""Green"":66528,""Blue"":166320,""Violet"":498960,""White"":1995840}"
bindings/BINDINGS,RS-0156,Overdrive Impact Frame Augmentation,POWERFUL,True,5500,11000,"{""Red"":11000,""Orange"":17600,""Yellow"":31680,""Green"":66528,""Blue"":166320,""Violet"":498960,""White"":1995840}"
bindings/BINDINGS,RS-0157,Overdrive Joint Reinforcement Augmentation,POWERFUL,True,5000,11000,"{""Red"":11000,""Orange"":17600,""Yellow"":31680,""Green"":66528,""Blue"":166320,""Violet"":498960,""White"":1995840}"
bindings/BINDINGS,RS-0158,Overdrive Jump Power Augmentation,POWERFUL,True,5000,11000,"{""Red"":11000,""Orange"":17600,""Yellow"":31680,""Green"":66528,""Blue"":166320,""Violet"":498960,""White"":1995840}"
bindings/BINDINGS,RS-0159,Overdrive Landing Tolerance Augmentation,POWERFUL,True,5000,11000,"{""Red"":11000,""Orange"":17600,""Yellow"":31680,""Green"":66528,""Blue"":166320,""Violet"":498960,""White"":1995840}"
bindings/BINDINGS,RS-0160,Overdrive Ligament Reinforcement Augmentation,POWERFUL,True,5000,11000,"{""Red"":11000,""Orange"":17600,""Yellow"":31680,""Green"":66528,""Blue"":166320,""Violet"":498960,""White"":1995840}"
bindings/BINDINGS,RS-0161,Overdrive Localized Recovery Augmentation,POWERFUL,True,5000,11000,"{""Red"":11000,""Orange"":17600,""Yellow"":31680,""Green"":66528,""Blue"":166320,""Violet"":498960,""White"":1995840}"
bindings/BINDINGS,RS-0162,Overdrive Lower-Body Power Augmentation,POWERFUL,True,5000,11000,"{""Red"":11000,""Orange"":17600,""Yellow"":31680,""Green"":66528,""Blue"":166320,""Violet"":498960,""White"":1995840}"
bindings/BINDINGS,RS-0163,Overdrive Metabolic Efficiency Augmentation,POWERFUL,True,5000,11000,"{""Red"":11000,""Orange"":17600,""Yellow"":31680,""Green"":66528,""Blue"":166320,""Violet"":498960,""White"":1995840}"
bindings/BINDINGS,RS-0164,Overdrive Motor Precision Augmentation,POWERFUL,True,5000,11000,"{""Red"":11000,""Orange"":17600,""Yellow"":31680,""Green"":66528,""Blue"":166320,""Violet"":498960,""White"":1995840}"
bindings/BINDINGS,RS-0165,Overdrive Muscular Strength Augmentation,POWERFUL,True,5500,11000,"{""Red"":11000,""Orange"":17600,""Yellow"":31680,""Green"":66528,""Blue"":166320,""Violet"":498960,""White"":1995840}"
bindings/BINDINGS,RS-0166,Overdrive Neural Conduction Augmentation,POWERFUL,True,5000,11000,"{""Red"":11000,""Orange"":17600,""Yellow"":31680,""Green"":66528,""Blue"":166320,""Violet"":498960,""White"":1995840}"
bindings/BINDINGS,RS-0167,Overdrive Organ Bracing Augmentation,POWERFUL,True,5000,11000,"{""Red"":11000,""Orange"":17600,""Yellow"":31680,""Green"":66528,""Blue"":166320,""Violet"":498960,""White"":1995840}"
bindings/BINDINGS,RS-0168,Overdrive Pain Gating Augmentation,POWERFUL,True,5000,11000,"{""Red"":11000,""Orange"":17600,""Yellow"":31680,""Green"":66528,""Blue"":166320,""Violet"":498960,""White"":1995840}"
bindings/BINDINGS,RS-0169,Overdrive Pressure Tolerance Augmentation,POWERFUL,True,5000,11000,"{""Red"":11000,""Orange"":17600,""Yellow"":31680,""Green"":66528,""Blue"":166320,""Violet"":498960,""White"":1995840}"
bindings/BINDINGS,RS-0170,Overdrive Proprioception Augmentation,POWERFUL,True,5000,11000,"{""Red"":11000,""Orange"":17600,""Yellow"":31680,""Green"":66528,""Blue"":166320,""Violet"":498960,""White"":1995840}"
bindings/BINDINGS,RS-0171,Overdrive Reaction Speed Augmentation,POWERFUL,True,5400,11000,"{""Red"":11000,""Orange"":17600,""Yellow"":31680,""Green"":66528,""Blue"":166320,""Violet"":498960,""White"":1995840}"
bindings/BINDINGS,RS-0172,Overdrive Recovery Rate Augmentation,POWERFUL,True,5000,11000,"{""Red"":11000,""Orange"":17600,""Yellow"":31680,""Green"":66528,""Blue"":166320,""Violet"":498960,""White"":1995840}"
bindings/BINDINGS,RS-0173,Overdrive Respiratory Throughput Augmentation,POWERFUL,True,5000,11000,"{""Red"":11000,""Orange"":17600,""Yellow"":31680,""Green"":66528,""Blue"":166320,""Violet"":498960,""White"":1995840}"
bindings/BINDINGS,RS-0174,Overdrive Shock Tolerance Augmentation,POWERFUL,True,5000,11000,"{""Red"":11000,""Orange"":17600,""Yellow"":31680,""Green"":66528,""Blue"":166320,""Violet"":498960,""White"":1995840}"
bindings/BINDINGS,RS-0175,Overdrive Spinal Reinforcement Augmentation,POWERFUL,True,5000,11000,"{""Red"":11000,""Orange"":17600,""Yellow"":31680,""Green"":66528,""Blue"":166320,""Violet"":498960,""White"":1995840}"
bindings/BINDINGS,RS-0176,Overdrive Sprint Speed Augmentation,POWERFUL,True,5000,11000,"{""Red"":11000,""Orange"":17600,""Yellow"":31680,""Green"":66528,""Blue"":166320,""Violet"":498960,""White"":1995840}"
bindings/BINDINGS,RS-0177,Overdrive Structural Resonance Augmentation,POWERFUL,True,5500,11000,"{""Red"":11000,""Orange"":17600,""Yellow"":31680,""Green"":66528,""Blue"":166320,""Violet"":498960,""White"":1995840}"
bindings/BINDINGS,RS-0178,Overdrive Sustained Run Augmentation,POWERFUL,True,5000,11000,"{""Red"":11000,""Orange"":17600,""Yellow"":31680,""Green"":66528,""Blue"":166320,""Violet"":498960,""White"":1995840}"
bindings/BINDINGS,RS-0179,Overdrive Swimming Output Augmentation,POWERFUL,True,5000,11000,"{""Red"":11000,""Orange"":17600,""Yellow"":31680,""Green"":66528,""Blue"":166320,""Violet"":498960,""White"":1995840}"
bindings/BINDINGS,RS-0180,Overdrive Tendon Reinforcement Augmentation,POWERFUL,True,5000,11000,"{""Red"":11000,""Orange"":17600,""Yellow"":31680,""Green"":66528,""Blue"":166320,""Violet"":498960,""White"":1995840}"
bindings/BINDINGS,RS-0181,Overdrive Turning Authority Augmentation,POWERFUL,True,5000,11000,"{""Red"":11000,""Orange"":17600,""Yellow"":31680,""Green"":66528,""Blue"":166320,""Violet"":498960,""White"":1995840}"
bindings/BINDINGS,RS-0182,Overdrive Upper-Body Power Augmentation,POWERFUL,True,5000,11000,"{""Red"":11000,""Orange"":17600,""Yellow"":31680,""Green"":66528,""Blue"":166320,""Violet"":498960,""White"":1995840}"
bindings/BINDINGS,RS-0183,Overdrive Vestibular Control Augmentation,POWERFUL,True,5000,11000,"{""Red"":11000,""Orange"":17600,""Yellow"":31680,""Green"":66528,""Blue"":166320,""Violet"":498960,""White"":1995840}"
bindings/BINDINGS,RS-0184,Overdrive Visual Tracking Augmentation,POWERFUL,True,5400,11000,"{""Red"":11000,""Orange"":17600,""Yellow"":31680,""Green"":66528,""Blue"":166320,""Violet"":498960,""White"":1995840}"
bindings/BINDINGS,RS-0185,Persistent Acceleration Augmentation,COMMON_SPECIALIZATION,True,1800,3100,"{""Red"":3100,""Orange"":4960,""Yellow"":8928,""Green"":18749,""Blue"":46873,""Violet"":140619,""White"":562476}"
bindings/BINDINGS,RS-0186,Persistent Agility Augmentation,COMMON_SPECIALIZATION,True,1800,3100,"{""Red"":3100,""Orange"":4960,""Yellow"":8928,""Green"":18749,""Blue"":46873,""Violet"":140619,""White"":562476}"
bindings/BINDINGS,RS-0187,Persistent Anaerobic Tolerance Augmentation,COMMON_SPECIALIZATION,True,2200,3100,"{""Red"":3100,""Orange"":4960,""Yellow"":8928,""Green"":18749,""Blue"":46873,""Violet"":140619,""White"":562476}"
bindings/BINDINGS,RS-0188,Persistent Auditory Filtering Augmentation,COMMON_SPECIALIZATION,True,2200,3100,"{""Red"":3100,""Orange"":4960,""Yellow"":8928,""Green"":18749,""Blue"":46873,""Violet"":140619,""White"":562476}"
bindings/BINDINGS,RS-0189,Persistent Balance Augmentation,COMMON_SPECIALIZATION,True,1800,3100,"{""Red"":3100,""Orange"":4960,""Yellow"":8928,""Green"":18749,""Blue"":46873,""Violet"":140619,""White"":562476}"
bindings/BINDINGS,RS-0190,Persistent Bone Reinforcement Augmentation,COMMON_SPECIALIZATION,True,1800,3100,"{""Red"":3100,""Orange"":4960,""Yellow"":8928,""Green"":18749,""Blue"":46873,""Violet"":140619,""White"":562476}"
bindings/BINDINGS,RS-0191,Persistent Burst Dash Augmentation,COMMON_SPECIALIZATION,True,1800,3100,"{""Red"":3100,""Orange"":4960,""Yellow"":8928,""Green"":18749,""Blue"":46873,""Violet"":140619,""White"":562476}"
bindings/BINDINGS,RS-0192,Persistent Cardiac Output Augmentation,COMMON_SPECIALIZATION,True,2200,3100,"{""Red"":3100,""Orange"":4960,""Yellow"":8928,""Green"":18749,""Blue"":46873,""Violet"":140619,""White"":562476}"
bindings/BINDINGS,RS-0193,Persistent Circulatory Efficiency Augmentation,COMMON_SPECIALIZATION,True,1800,3100,"{""Red"":3100,""Orange"":4960,""Yellow"":8928,""Green"":18749,""Blue"":46873,""Violet"":140619,""White"":562476}"
bindings/BINDINGS,RS-0194,Persistent Climbing Output Augmentation,COMMON_SPECIALIZATION,True,1800,3100,"{""Red"":3100,""Orange"":4960,""Yellow"":8928,""Green"":18749,""Blue"":46873,""Violet"":140619,""White"":562476}"
bindings/BINDINGS,RS-0195,Persistent Cold Tolerance Augmentation,COMMON_SPECIALIZATION,True,1800,3100,"{""Red"":3100,""Orange"":4960,""Yellow"":8928,""Green"":18749,""Blue"":46873,""Violet"":140619,""White"":562476}"
bindings/BINDINGS,RS-0196,Persistent Core Stability Augmentation,COMMON_SPECIALIZATION,True,1800,3100,"{""Red"":3100,""Orange"":4960,""Yellow"":8928,""Green"":18749,""Blue"":46873,""Violet"":140619,""White"":562476}"
bindings/BINDINGS,RS-0197,Persistent Dermal Reinforcement Augmentation,COMMON_SPECIALIZATION,True,1800,3100,"{""Red"":3100,""Orange"":4960,""Yellow"":8928,""Green"":18749,""Blue"":46873,""Violet"":140619,""White"":562476}"
bindings/BINDINGS,RS-0198,Persistent Explosive Power Augmentation,COMMON_SPECIALIZATION,True,2300,3100,"{""Red"":3100,""Orange"":4960,""Yellow"":8928,""Green"":18749,""Blue"":46873,""Violet"":140619,""White"":562476}"
bindings/BINDINGS,RS-0199,Persistent Fatigue Resistance Augmentation,COMMON_SPECIALIZATION,True,2300,3100,"{""Red"":3100,""Orange"":4960,""Yellow"":8928,""Green"":18749,""Blue"":46873,""Violet"":140619,""White"":562476}"
bindings/BINDINGS,RS-0200,Persistent Grip Strength Augmentation,COMMON_SPECIALIZATION,True,2300,3100,"{""Red"":3100,""Orange"":4960,""Yellow"":8928,""Green"":18749,""Blue"":46873,""Violet"":140619,""White"":562476}"
bindings/BINDINGS,RS-0201,Persistent Heat Shedding Augmentation,COMMON_SPECIALIZATION,True,1800,3100,"{""Red"":3100,""Orange"":4960,""Yellow"":8928,""Green"":18749,""Blue"":46873,""Violet"":140619,""White"":562476}"
bindings/BINDINGS,RS-0202,Persistent Impact Frame Augmentation,COMMON_SPECIALIZATION,True,2300,3100,"{""Red"":3100,""Orange"":4960,""Yellow"":8928,""Green"":18749,""Blue"":46873,""Violet"":140619,""White"":562476}"
bindings/BINDINGS,RS-0203,Persistent Joint Reinforcement Augmentation,COMMON_SPECIALIZATION,True,1800,3100,"{""Red"":3100,""Orange"":4960,""Yellow"":8928,""Green"":18749,""Blue"":46873,""Violet"":140619,""White"":562476}"
bindings/BINDINGS,RS-0204,Persistent Jump Power Augmentation,COMMON_SPECIALIZATION,True,1800,3100,"{""Red"":3100,""Orange"":4960,""Yellow"":8928,""Green"":18749,""Blue"":46873,""Violet"":140619,""White"":562476}"
bindings/BINDINGS,RS-0205,Persistent Landing Tolerance Augmentation,COMMON_SPECIALIZATION,True,1800,3100,"{""Red"":3100,""Orange"":4960,""Yellow"":8928,""Green"":18749,""Blue"":46873,""Violet"":140619,""White"":562476}"
bindings/BINDINGS,RS-0206,Persistent Ligament Reinforcement Augmentation,COMMON_SPECIALIZATION,True,1800,3100,"{""Red"":3100,""Orange"":4960,""Yellow"":8928,""Green"":18749,""Blue"":46873,""Violet"":140619,""White"":562476}"
bindings/BINDINGS,RS-0207,Persistent Localized Recovery Augmentation,COMMON_SPECIALIZATION,True,1800,3100,"{""Red"":3100,""Orange"":4960,""Yellow"":8928,""Green"":18749,""Blue"":46873,""Violet"":140619,""White"":562476}"
bindings/BINDINGS,RS-0208,Persistent Lower-Body Power Augmentation,COMMON_SPECIALIZATION,True,1800,3100,"{""Red"":3100,""Orange"":4960,""Yellow"":8928,""Green"":18749,""Blue"":46873,""Violet"":140619,""White"":562476}"
bindings/BINDINGS,RS-0209,Persistent Metabolic Efficiency Augmentation,COMMON_SPECIALIZATION,True,1800,3100,"{""Red"":3100,""Orange"":4960,""Yellow"":8928,""Green"":18749,""Blue"":46873,""Violet"":140619,""White"":562476}"
bindings/BINDINGS,RS-0210,Persistent Motor Precision Augmentation,COMMON_SPECIALIZATION,True,1800,3100,"{""Red"":3100,""Orange"":4960,""Yellow"":8928,""Green"":18749,""Blue"":46873,""Violet"":140619,""White"":562476}"
bindings/BINDINGS,RS-0211,Persistent Muscular Strength Augmentation,COMMON_SPECIALIZATION,True,2300,3100,"{""Red"":3100,""Orange"":4960,""Yellow"":8928,""Green"":18749,""Blue"":46873,""Violet"":140619,""White"":562476}"
bindings/BINDINGS,RS-0212,Persistent Neural Conduction Augmentation,COMMON_SPECIALIZATION,True,1800,3100,"{""Red"":3100,""Orange"":4960,""Yellow"":8928,""Green"":18749,""Blue"":46873,""Violet"":140619,""White"":562476}"
bindings/BINDINGS,RS-0213,Persistent Organ Bracing Augmentation,COMMON_SPECIALIZATION,True,1800,3100,"{""Red"":3100,""Orange"":4960,""Yellow"":8928,""Green"":18749,""Blue"":46873,""Violet"":140619,""White"":562476}"
bindings/BINDINGS,RS-0214,Persistent Pain Gating Augmentation,COMMON_SPECIALIZATION,True,1800,3100,"{""Red"":3100,""Orange"":4960,""Yellow"":8928,""Green"":18749,""Blue"":46873,""Violet"":140619,""White"":562476}"
bindings/BINDINGS,RS-0215,Persistent Pressure Tolerance Augmentation,COMMON_SPECIALIZATION,True,1800,3100,"{""Red"":3100,""Orange"":4960,""Yellow"":8928,""Green"":18749,""Blue"":46873,""Violet"":140619,""White"":562476}"
bindings/BINDINGS,RS-0216,Persistent Proprioception Augmentation,COMMON_SPECIALIZATION,True,1800,3100,"{""Red"":3100,""Orange"":4960,""Yellow"":8928,""Green"":18749,""Blue"":46873,""Violet"":140619,""White"":562476}"
bindings/BINDINGS,RS-0217,Persistent Reaction Speed Augmentation,COMMON_SPECIALIZATION,True,2200,3100,"{""Red"":3100,""Orange"":4960,""Yellow"":8928,""Green"":18749,""Blue"":46873,""Violet"":140619,""White"":562476}"
bindings/BINDINGS,RS-0218,Persistent Recovery Rate Augmentation,COMMON_SPECIALIZATION,True,1800,3100,"{""Red"":3100,""Orange"":4960,""Yellow"":8928,""Green"":18749,""Blue"":46873,""Violet"":140619,""White"":562476}"
bindings/BINDINGS,RS-0219,Persistent Respiratory Throughput Augmentation,COMMON_SPECIALIZATION,True,1800,3100,"{""Red"":3100,""Orange"":4960,""Yellow"":8928,""Green"":18749,""Blue"":46873,""Violet"":140619,""White"":562476}"
bindings/BINDINGS,RS-0220,Persistent Shock Tolerance Augmentation,COMMON_SPECIALIZATION,True,1800,3100,"{""Red"":3100,""Orange"":4960,""Yellow"":8928,""Green"":18749,""Blue"":46873,""Violet"":140619,""White"":562476}"
bindings/BINDINGS,RS-0221,Persistent Spinal Reinforcement Augmentation,COMMON_SPECIALIZATION,True,1800,3100,"{""Red"":3100,""Orange"":4960,""Yellow"":8928,""Green"":18749,""Blue"":46873,""Violet"":140619,""White"":562476}"
bindings/BINDINGS,RS-0222,Persistent Sprint Speed Augmentation,COMMON_SPECIALIZATION,True,1800,3100,"{""Red"":3100,""Orange"":4960,""Yellow"":8928,""Green"":18749,""Blue"":46873,""Violet"":140619,""White"":562476}"
bindings/BINDINGS,RS-0223,Persistent Structural Resonance Augmentation,COMMON_SPECIALIZATION,True,2300,3100,"{""Red"":3100,""Orange"":4960,""Yellow"":8928,""Green"":18749,""Blue"":46873,""Violet"":140619,""White"":562476}"
bindings/BINDINGS,RS-0224,Persistent Sustained Run Augmentation,COMMON_SPECIALIZATION,True,1800,3100,"{""Red"":3100,""Orange"":4960,""Yellow"":8928,""Green"":18749,""Blue"":46873,""Violet"":140619,""White"":562476}"
bindings/BINDINGS,RS-0225,Persistent Swimming Output Augmentation,COMMON_SPECIALIZATION,True,1800,3100,"{""Red"":3100,""Orange"":4960,""Yellow"":8928,""Green"":18749,""Blue"":46873,""Violet"":140619,""White"":562476}"
bindings/BINDINGS,RS-0226,Persistent Tendon Reinforcement Augmentation,COMMON_SPECIALIZATION,True,1800,3100,"{""Red"":3100,""Orange"":4960,""Yellow"":8928,""Green"":18749,""Blue"":46873,""Violet"":140619,""White"":562476}"
bindings/BINDINGS,RS-0227,Persistent Turning Authority Augmentation,COMMON_SPECIALIZATION,True,1800,3100,"{""Red"":3100,""Orange"":4960,""Yellow"":8928,""Green"":18749,""Blue"":46873,""Violet"":140619,""White"":562476}"
bindings/BINDINGS,RS-0228,Persistent Upper-Body Power Augmentation,COMMON_SPECIALIZATION,True,1800,3100,"{""Red"":3100,""Orange"":4960,""Yellow"":8928,""Green"":18749,""Blue"":46873,""Violet"":140619,""White"":562476}"
bindings/BINDINGS,RS-0229,Persistent Vestibular Control Augmentation,COMMON_SPECIALIZATION,True,1800,3100,"{""Red"":3100,""Orange"":4960,""Yellow"":8928,""Green"":18749,""Blue"":46873,""Violet"":140619,""White"":562476}"
bindings/BINDINGS,RS-0230,Persistent Visual Tracking Augmentation,COMMON_SPECIALIZATION,True,2200,3100,"{""Red"":3100,""Orange"":4960,""Yellow"":8928,""Green"":18749,""Blue"":46873,""Violet"":140619,""White"":562476}"
bindings/BINDINGS,CH-0001,Counter-Resolve Beam,ADVANCED,True,2800,5700,"{""Red"":5700,""Orange"":9120,""Yellow"":16416,""Green"":34474,""Blue"":86185,""Violet"":258555,""White"":1034220}"
bindings/BINDINGS,CH-0002,Counter-Resolve Bolt,COMMON_SPECIALIZATION,True,1600,3100,"{""Red"":3100,""Orange"":4960,""Yellow"":8928,""Green"":18749,""Blue"":46873,""Violet"":140619,""White"":562476}"
bindings/BINDINGS,CH-0003,Counter-Resolve Field,ADVANCED,True,2800,5700,"{""Red"":5700,""Orange"":9120,""Yellow"":16416,""Green"":34474,""Blue"":86185,""Violet"":258555,""White"":1034220}"
bindings/BINDINGS,CH-0004,Counter-Resolve Mark,COMMON_SPECIALIZATION,True,1400,3100,"{""Red"":3100,""Orange"":4960,""Yellow"":8928,""Green"":18749,""Blue"":46873,""Violet"":140619,""White"":562476}"
bindings/BINDINGS,CH-0005,Counter-Resolve Pulse,COMMON_SPECIALIZATION,True,2300,3100,"{""Red"":3100,""Orange"":4960,""Yellow"":8928,""Green"":18749,""Blue"":46873,""Violet"":140619,""White"":562476}"
bindings/BINDINGS,CH-0006,Counter-Resolve Ring,ADVANCED,True,2900,5700,"{""Red"":5700,""Orange"":9120,""Yellow"":16416,""Green"":34474,""Blue"":86185,""Violet"":258555,""White"":1034220}"
bindings/BINDINGS,CH-0007,Dampen Beam,ADVANCED,True,2800,5700,"{""Red"":5700,""Orange"":9120,""Yellow"":16416,""Green"":34474,""Blue"":86185,""Violet"":258555,""White"":1034220}"
bindings/BINDINGS,CH-0008,Dampen Bolt,COMMON_SPECIALIZATION,True,1600,3100,"{""Red"":3100,""Orange"":4960,""Yellow"":8928,""Green"":18749,""Blue"":46873,""Violet"":140619,""White"":562476}"
bindings/BINDINGS,CH-0009,Dampen Field,ADVANCED,True,2800,5700,"{""Red"":5700,""Orange"":9120,""Yellow"":16416,""Green"":34474,""Blue"":86185,""Violet"":258555,""White"":1034220}"
bindings/BINDINGS,CH-0010,Dampen Mark,COMMON_SPECIALIZATION,True,1400,3100,"{""Red"":3100,""Orange"":4960,""Yellow"":8928,""Green"":18749,""Blue"":46873,""Violet"":140619,""White"":562476}"
bindings/BINDINGS,CH-0011,Dampen Pulse,COMMON_SPECIALIZATION,True,2300,3100,"{""Red"":3100,""Orange"":4960,""Yellow"":8928,""Green"":18749,""Blue"":46873,""Violet"":140619,""White"":562476}"
bindings/BINDINGS,CH-0012,Dampen Ring,ADVANCED,True,2900,5700,"{""Red"":5700,""Orange"":9120,""Yellow"":16416,""Green"":34474,""Blue"":86185,""Violet"":258555,""White"":1034220}"
bindings/BINDINGS,CH-0013,Deflect Beam,ADVANCED,True,2800,5700,"{""Red"":5700,""Orange"":9120,""Yellow"":16416,""Green"":34474,""Blue"":86185,""Violet"":258555,""White"":1034220}"
bindings/BINDINGS,CH-0014,Deflect Bolt,COMMON_SPECIALIZATION,True,1600,3100,"{""Red"":3100,""Orange"":4960,""Yellow"":8928,""Green"":18749,""Blue"":46873,""Violet"":140619,""White"":562476}"
bindings/BINDINGS,CH-0015,Deflect Field,ADVANCED,True,2800,5700,"{""Red"":5700,""Orange"":9120,""Yellow"":16416,""Green"":34474,""Blue"":86185,""Violet"":258555,""White"":1034220}"
bindings/BINDINGS,CH-0016,Deflect Mark,COMMON_SPECIALIZATION,True,1400,3100,"{""Red"":3100,""Orange"":4960,""Yellow"":8928,""Green"":18749,""Blue"":46873,""Violet"":140619,""White"":562476}"
bindings/BINDINGS,CH-0017,Deflect Pulse,COMMON_SPECIALIZATION,True,2300,3100,"{""Red"":3100,""Orange"":4960,""Yellow"":8928,""Green"":18749,""Blue"":46873,""Violet"":140619,""White"":562476}"
bindings/BINDINGS,CH-0018,Deflect Ring,ADVANCED,True,2900,5700,"{""Red"":5700,""Orange"":9120,""Yellow"":16416,""Green"":34474,""Blue"":86185,""Violet"":258555,""White"":1034220}"
bindings/BINDINGS,CH-0019,Desynchronize Beam,ADVANCED,True,2800,5700,"{""Red"":5700,""Orange"":9120,""Yellow"":16416,""Green"":34474,""Blue"":86185,""Violet"":258555,""White"":1034220}"
bindings/BINDINGS,CH-0020,Desynchronize Bolt,COMMON_SPECIALIZATION,True,1600,3100,"{""Red"":3100,""Orange"":4960,""Yellow"":8928,""Green"":18749,""Blue"":46873,""Violet"":140619,""White"":562476}"
bindings/BINDINGS,CH-0021,Desynchronize Field,ADVANCED,True,2800,5700,"{""Red"":5700,""Orange"":9120,""Yellow"":16416,""Green"":34474,""Blue"":86185,""Violet"":258555,""White"":1034220}"
bindings/BINDINGS,CH-0022,Desynchronize Mark,COMMON_SPECIALIZATION,True,1400,3100,"{""Red"":3100,""Orange"":4960,""Yellow"":8928,""Green"":18749,""Blue"":46873,""Violet"":140619,""White"":562476}"
bindings/BINDINGS,CH-0023,Desynchronize Pulse,COMMON_SPECIALIZATION,True,2300,3100,"{""Red"":3100,""Orange"":4960,""Yellow"":8928,""Green"":18749,""Blue"":46873,""Violet"":140619,""White"":562476}"
bindings/BINDINGS,CH-0024,Desynchronize Ring,ADVANCED,True,2900,5700,"{""Red"":5700,""Orange"":9120,""Yellow"":16416,""Green"":34474,""Blue"":86185,""Violet"":258555,""White"":1034220}"
bindings/BINDINGS,CH-0025,Interrupt Beam,ADVANCED,True,2800,5700,"{""Red"":5700,""Orange"":9120,""Yellow"":16416,""Green"":34474,""Blue"":86185,""Violet"":258555,""White"":1034220}"
bindings/BINDINGS,CH-0026,Interrupt Bolt,COMMON_SPECIALIZATION,True,1600,3100,"{""Red"":3100,""Orange"":4960,""Yellow"":8928,""Green"":18749,""Blue"":46873,""Violet"":140619,""White"":562476}"
bindings/BINDINGS,CH-0027,Interrupt Field,ADVANCED,True,2800,5700,"{""Red"":5700,""Orange"":9120,""Yellow"":16416,""Green"":34474,""Blue"":86185,""Violet"":258555,""White"":1034220}"
bindings/BINDINGS,CH-0028,Interrupt Mark,COMMON_SPECIALIZATION,True,1400,3100,"{""Red"":3100,""Orange"":4960,""Yellow"":8928,""Green"":18749,""Blue"":46873,""Violet"":140619,""White"":562476}"
bindings/BINDINGS,CH-0029,Interrupt Pulse,COMMON_SPECIALIZATION,True,2300,3100,"{""Red"":3100,""Orange"":4960,""Yellow"":8928,""Green"":18749,""Blue"":46873,""Violet"":140619,""White"":562476}"
bindings/BINDINGS,CH-0030,Interrupt Ring,ADVANCED,True,2900,5700,"{""Red"":5700,""Orange"":9120,""Yellow"":16416,""Green"":34474,""Blue"":86185,""Violet"":258555,""White"":1034220}"
bindings/BINDINGS,CH-0031,Saturate Beam,ADVANCED,True,2800,5700,"{""Red"":5700,""Orange"":9120,""Yellow"":16416,""Green"":34474,""Blue"":86185,""Violet"":258555,""White"":1034220}"
bindings/BINDINGS,CH-0032,Saturate Bolt,COMMON_SPECIALIZATION,True,1600,3100,"{""Red"":3100,""Orange"":4960,""Yellow"":8928,""Green"":18749,""Blue"":46873,""Violet"":140619,""White"":562476}"
bindings/BINDINGS,CH-0033,Saturate Field,ADVANCED,True,2800,5700,"{""Red"":5700,""Orange"":9120,""Yellow"":16416,""Green"":34474,""Blue"":86185,""Violet"":258555,""White"":1034220}"
bindings/BINDINGS,CH-0034,Saturate Mark,COMMON_SPECIALIZATION,True,1400,3100,"{""Red"":3100,""Orange"":4960,""Yellow"":8928,""Green"":18749,""Blue"":46873,""Violet"":140619,""White"":562476}"
bindings/BINDINGS,CH-0035,Saturate Pulse,COMMON_SPECIALIZATION,True,2300,3100,"{""Red"":3100,""Orange"":4960,""Yellow"":8928,""Green"":18749,""Blue"":46873,""Violet"":140619,""White"":562476}"
bindings/BINDINGS,CH-0036,Saturate Ring,ADVANCED,True,2900,5700,"{""Red"":5700,""Orange"":9120,""Yellow"":16416,""Green"":34474,""Blue"":86185,""Violet"":258555,""White"":1034220}"
bindings/BINDINGS,CH-0037,Scatter Beam,ADVANCED,True,2800,5700,"{""Red"":5700,""Orange"":9120,""Yellow"":16416,""Green"":34474,""Blue"":86185,""Violet"":258555,""White"":1034220}"
bindings/BINDINGS,CH-0038,Scatter Bolt,COMMON_SPECIALIZATION,True,1600,3100,"{""Red"":3100,""Orange"":4960,""Yellow"":8928,""Green"":18749,""Blue"":46873,""Violet"":140619,""White"":562476}"
bindings/BINDINGS,CH-0039,Scatter Field,ADVANCED,True,2800,5700,"{""Red"":5700,""Orange"":9120,""Yellow"":16416,""Green"":34474,""Blue"":86185,""Violet"":258555,""White"":1034220}"
bindings/BINDINGS,CH-0040,Scatter Mark,COMMON_SPECIALIZATION,True,1400,3100,"{""Red"":3100,""Orange"":4960,""Yellow"":8928,""Green"":18749,""Blue"":46873,""Violet"":140619,""White"":562476}"
bindings/BINDINGS,CH-0041,Scatter Pulse,COMMON_SPECIALIZATION,True,2300,3100,"{""Red"":3100,""Orange"":4960,""Yellow"":8928,""Green"":18749,""Blue"":46873,""Violet"":140619,""White"":562476}"
bindings/BINDINGS,CH-0042,Scatter Ring,ADVANCED,True,2900,5700,"{""Red"":5700,""Orange"":9120,""Yellow"":16416,""Green"":34474,""Blue"":86185,""Violet"":258555,""White"":1034220}"
bindings/BINDINGS,CH-0043,Sever Beam,ADVANCED,True,2800,5700,"{""Red"":5700,""Orange"":9120,""Yellow"":16416,""Green"":34474,""Blue"":86185,""Violet"":258555,""White"":1034220}"
bindings/BINDINGS,CH-0044,Sever Bolt,COMMON_SPECIALIZATION,True,1600,3100,"{""Red"":3100,""Orange"":4960,""Yellow"":8928,""Green"":18749,""Blue"":46873,""Violet"":140619,""White"":562476}"
bindings/BINDINGS,CH-0045,Sever Field,EXCEPTIONAL,True,10000,17000,"{""Red"":17000,""Orange"":27200,""Yellow"":48960,""Green"":102816,""Blue"":257040,""Violet"":771120,""White"":3084480}"
bindings/BINDINGS,CH-0046,Sever Mark,COMMON_SPECIALIZATION,True,1400,3100,"{""Red"":3100,""Orange"":4960,""Yellow"":8928,""Green"":18749,""Blue"":46873,""Violet"":140619,""White"":562476}"
bindings/BINDINGS,CH-0047,Sever Pulse,COMMON_SPECIALIZATION,True,2300,3100,"{""Red"":3100,""Orange"":4960,""Yellow"":8928,""Green"":18749,""Blue"":46873,""Violet"":140619,""White"":562476}"
bindings/BINDINGS,CH-0048,Sever Ring,ADVANCED,True,2900,5700,"{""Red"":5700,""Orange"":9120,""Yellow"":16416,""Green"":34474,""Blue"":86185,""Violet"":258555,""White"":1034220}"
bindings/BINDINGS,CH-0049,Suppress Beam,ADVANCED,True,2800,5700,"{""Red"":5700,""Orange"":9120,""Yellow"":16416,""Green"":34474,""Blue"":86185,""Violet"":258555,""White"":1034220}"
bindings/BINDINGS,CH-0050,Suppress Bolt,COMMON_SPECIALIZATION,True,1600,3100,"{""Red"":3100,""Orange"":4960,""Yellow"":8928,""Green"":18749,""Blue"":46873,""Violet"":140619,""White"":562476}"
bindings/BINDINGS,CH-0051,Suppress Field,ADVANCED,True,2800,5700,"{""Red"":5700,""Orange"":9120,""Yellow"":16416,""Green"":34474,""Blue"":86185,""Violet"":258555,""White"":1034220}"
bindings/BINDINGS,CH-0052,Suppress Mark,COMMON_SPECIALIZATION,True,1400,3100,"{""Red"":3100,""Orange"":4960,""Yellow"":8928,""Green"":18749,""Blue"":46873,""Violet"":140619,""White"":562476}"
bindings/BINDINGS,CH-0053,Suppress Pulse,COMMON_SPECIALIZATION,True,2300,3100,"{""Red"":3100,""Orange"":4960,""Yellow"":8928,""Green"":18749,""Blue"":46873,""Violet"":140619,""White"":562476}"
bindings/BINDINGS,CH-0054,Suppress Ring,ADVANCED,True,2900,5700,"{""Red"":5700,""Orange"":9120,""Yellow"":16416,""Green"":34474,""Blue"":86185,""Violet"":258555,""White"":1034220}"
bindings/BINDINGS,CH-0055,Unanchor Beam,ADVANCED,True,4300,5700,"{""Red"":5700,""Orange"":9120,""Yellow"":16416,""Green"":34474,""Blue"":86185,""Violet"":258555,""White"":1034220}"
bindings/BINDINGS,CH-0056,Unanchor Bolt,ADVANCED,True,3100,5700,"{""Red"":5700,""Orange"":9120,""Yellow"":16416,""Green"":34474,""Blue"":86185,""Violet"":258555,""White"":1034220}"
bindings/BINDINGS,CH-0057,Unanchor Field,ADVANCED,True,4300,5700,"{""Red"":5700,""Orange"":9120,""Yellow"":16416,""Green"":34474,""Blue"":86185,""Violet"":258555,""White"":1034220}"
bindings/BINDINGS,CH-0058,Unanchor Mark,ADVANCED,True,2900,5700,"{""Red"":5700,""Orange"":9120,""Yellow"":16416,""Green"":34474,""Blue"":86185,""Violet"":258555,""White"":1034220}"
bindings/BINDINGS,CH-0059,Unanchor Pulse,ADVANCED,True,3800,5700,"{""Red"":5700,""Orange"":9120,""Yellow"":16416,""Green"":34474,""Blue"":86185,""Violet"":258555,""White"":1034220}"
bindings/BINDINGS,CH-0060,Unanchor Ring,ADVANCED,True,4400,5700,"{""Red"":5700,""Orange"":9120,""Yellow"":16416,""Green"":34474,""Blue"":86185,""Violet"":258555,""White"":1034220}"
bindings/BINDINGS,GE-0598,Hydrogen Orb,COMMON_SPECIALIZATION,True,2200,3100,"{""Red"":3100,""Orange"":4960,""Yellow"":8928,""Green"":18749,""Blue"":46873,""Violet"":140619,""White"":562476}"
bindings/BINDINGS,GE-0599,Premixed Combustible Gas Orb,COMMON_SPECIALIZATION,True,2200,3100,"{""Red"":3100,""Orange"":4960,""Yellow"":8928,""Green"":18749,""Blue"":46873,""Violet"":140619,""White"":562476}"
summons/SUMMON_PRICING,SE-0001,Combustion Wisp,FOUNDATIONAL,True,600,1700,"{""Red"":1700,""Orange"":2720,""Yellow"":4896,""Green"":10282,""Blue"":25705,""Violet"":77115,""White"":308460}"
summons/SUMMON_PRICING,SE-0002,Combustion Hound,COMMON_SPECIALIZATION,True,2050,3100,"{""Red"":3100,""Orange"":4960,""Yellow"":8928,""Green"":18749,""Blue"":46873,""Violet"":140619,""White"":562476}"
summons/SUMMON_PRICING,SE-0003,Combustion Raptor,COMMON_SPECIALIZATION,True,2150,3100,"{""Red"":3100,""Orange"":4960,""Yellow"":8928,""Green"":18749,""Blue"":46873,""Violet"":140619,""White"":562476}"
summons/SUMMON_PRICING,SE-0004,Combustion Serpent,ADVANCED,True,2900,5700,"{""Red"":5700,""Orange"":9120,""Yellow"":16416,""Green"":34474,""Blue"":86185,""Violet"":258555,""White"":1034220}"
summons/SUMMON_PRICING,SE-0005,Combustion Sentinel,COMMON_SPECIALIZATION,True,2100,3100,"{""Red"":3100,""Orange"":4960,""Yellow"":8928,""Green"":18749,""Blue"":46873,""Violet"":140619,""White"":562476}"
summons/SUMMON_PRICING,SE-0006,Combustion Manta,ADVANCED,True,2900,5700,"{""Red"":5700,""Orange"":9120,""Yellow"":16416,""Green"":34474,""Blue"":86185,""Violet"":258555,""White"":1034220}"
summons/SUMMON_PRICING,SE-0007,Combustion Swarm,POWERFUL,True,5000,11000,"{""Red"":11000,""Orange"":17600,""Yellow"":31680,""Green"":66528,""Blue"":166320,""Violet"":498960,""White"":1995840}"
summons/SUMMON_PRICING,SE-0008,Combustion Stag,ADVANCED,True,4550,5700,"{""Red"":5700,""Orange"":9120,""Yellow"":16416,""Green"":34474,""Blue"":86185,""Violet"":258555,""White"":1034220}"
summons/SUMMON_PRICING,SE-0009,Combustion Colossus,POWERFUL,True,7600,11000,"{""Red"":11000,""Orange"":17600,""Yellow"":31680,""Green"":66528,""Blue"":166320,""Violet"":498960,""White"":1995840}"
summons/SUMMON_PRICING,SE-0010,Combustion Drake,POWERFUL,True,8700,11000,"{""Red"":11000,""Orange"":17600,""Yellow"":31680,""Green"":66528,""Blue"":166320,""Violet"":498960,""White"":1995840}"
summons/SUMMON_PRICING,SE-0011,Plasma Wisp,FOUNDATIONAL,True,600,1700,"{""Red"":1700,""Orange"":2720,""Yellow"":4896,""Green"":10282,""Blue"":25705,""Violet"":77115,""White"":308460}"
summons/SUMMON_PRICING,SE-0012,Plasma Hound,COMMON_SPECIALIZATION,True,2050,3100,"{""Red"":3100,""Orange"":4960,""Yellow"":8928,""Green"":18749,""Blue"":46873,""Violet"":140619,""White"":562476}"
summons/SUMMON_PRICING,SE-0013,Plasma Raptor,COMMON_SPECIALIZATION,True,2150,3100,"{""Red"":3100,""Orange"":4960,""Yellow"":8928,""Green"":18749,""Blue"":46873,""Violet"":140619,""White"":562476}"
summons/SUMMON_PRICING,SE-0014,Plasma Serpent,ADVANCED,True,2900,5700,"{""Red"":5700,""Orange"":9120,""Yellow"":16416,""Green"":34474,""Blue"":86185,""Violet"":258555,""White"":1034220}"
summons/SUMMON_PRICING,SE-0015,Plasma Sentinel,COMMON_SPECIALIZATION,True,2100,3100,"{""Red"":3100,""Orange"":4960,""Yellow"":8928,""Green"":18749,""Blue"":46873,""Violet"":140619,""White"":562476}"
summons/SUMMON_PRICING,SE-0016,Plasma Manta,ADVANCED,True,2900,5700,"{""Red"":5700,""Orange"":9120,""Yellow"":16416,""Green"":34474,""Blue"":86185,""Violet"":258555,""White"":1034220}"
summons/SUMMON_PRICING,SE-0017,Plasma Swarm,POWERFUL,True,5000,11000,"{""Red"":11000,""Orange"":17600,""Yellow"":31680,""Green"":66528,""Blue"":166320,""Violet"":498960,""White"":1995840}"
summons/SUMMON_PRICING,SE-0018,Plasma Stag,ADVANCED,True,4550,5700,"{""Red"":5700,""Orange"":9120,""Yellow"":16416,""Green"":34474,""Blue"":86185,""Violet"":258555,""White"":1034220}"
summons/SUMMON_PRICING,SE-0019,Plasma Colossus,POWERFUL,True,7600,11000,"{""Red"":11000,""Orange"":17600,""Yellow"":31680,""Green"":66528,""Blue"":166320,""Violet"":498960,""White"":1995840}"
summons/SUMMON_PRICING,SE-0020,Plasma Drake,POWERFUL,True,8700,11000,"{""Red"":11000,""Orange"":17600,""Yellow"":31680,""Green"":66528,""Blue"":166320,""Violet"":498960,""White"":1995840}"
summons/SUMMON_PRICING,SE-0021,Lightning Wisp,FOUNDATIONAL,True,600,1700,"{""Red"":1700,""Orange"":2720,""Yellow"":4896,""Green"":10282,""Blue"":25705,""Violet"":77115,""White"":308460}"
summons/SUMMON_PRICING,SE-0022,Lightning Hound,COMMON_SPECIALIZATION,True,2050,3100,"{""Red"":3100,""Orange"":4960,""Yellow"":8928,""Green"":18749,""Blue"":46873,""Violet"":140619,""White"":562476}"
summons/SUMMON_PRICING,SE-0023,Lightning Raptor,COMMON_SPECIALIZATION,True,2150,3100,"{""Red"":3100,""Orange"":4960,""Yellow"":8928,""Green"":18749,""Blue"":46873,""Violet"":140619,""White"":562476}"
summons/SUMMON_PRICING,SE-0024,Lightning Serpent,ADVANCED,True,2900,5700,"{""Red"":5700,""Orange"":9120,""Yellow"":16416,""Green"":34474,""Blue"":86185,""Violet"":258555,""White"":1034220}"
summons/SUMMON_PRICING,SE-0025,Lightning Sentinel,COMMON_SPECIALIZATION,True,2100,3100,"{""Red"":3100,""Orange"":4960,""Yellow"":8928,""Green"":18749,""Blue"":46873,""Violet"":140619,""White"":562476}"
summons/SUMMON_PRICING,SE-0026,Lightning Manta,ADVANCED,True,2900,5700,"{""Red"":5700,""Orange"":9120,""Yellow"":16416,""Green"":34474,""Blue"":86185,""Violet"":258555,""White"":1034220}"
summons/SUMMON_PRICING,SE-0027,Lightning Swarm,POWERFUL,True,5000,11000,"{""Red"":11000,""Orange"":17600,""Yellow"":31680,""Green"":66528,""Blue"":166320,""Violet"":498960,""White"":1995840}"
summons/SUMMON_PRICING,SE-0028,Lightning Stag,ADVANCED,True,4550,5700,"{""Red"":5700,""Orange"":9120,""Yellow"":16416,""Green"":34474,""Blue"":86185,""Violet"":258555,""White"":1034220}"
summons/SUMMON_PRICING,SE-0029,Lightning Colossus,POWERFUL,True,7600,11000,"{""Red"":11000,""Orange"":17600,""Yellow"":31680,""Green"":66528,""Blue"":166320,""Violet"":498960,""White"":1995840}"
summons/SUMMON_PRICING,SE-0030,Lightning Drake,POWERFUL,True,8700,11000,"{""Red"":11000,""Orange"":17600,""Yellow"":31680,""Green"":66528,""Blue"":166320,""Violet"":498960,""White"":1995840}"
summons/SUMMON_PRICING,SE-0031,Thermal Wisp,FOUNDATIONAL,True,600,1700,"{""Red"":1700,""Orange"":2720,""Yellow"":4896,""Green"":10282,""Blue"":25705,""Violet"":77115,""White"":308460}"
summons/SUMMON_PRICING,SE-0032,Thermal Hound,COMMON_SPECIALIZATION,True,2050,3100,"{""Red"":3100,""Orange"":4960,""Yellow"":8928,""Green"":18749,""Blue"":46873,""Violet"":140619,""White"":562476}"
summons/SUMMON_PRICING,SE-0033,Thermal Raptor,COMMON_SPECIALIZATION,True,2150,3100,"{""Red"":3100,""Orange"":4960,""Yellow"":8928,""Green"":18749,""Blue"":46873,""Violet"":140619,""White"":562476}"
summons/SUMMON_PRICING,SE-0034,Thermal Serpent,ADVANCED,True,2900,5700,"{""Red"":5700,""Orange"":9120,""Yellow"":16416,""Green"":34474,""Blue"":86185,""Violet"":258555,""White"":1034220}"
summons/SUMMON_PRICING,SE-0035,Thermal Sentinel,COMMON_SPECIALIZATION,True,2100,3100,"{""Red"":3100,""Orange"":4960,""Yellow"":8928,""Green"":18749,""Blue"":46873,""Violet"":140619,""White"":562476}"
summons/SUMMON_PRICING,SE-0036,Thermal Manta,ADVANCED,True,2900,5700,"{""Red"":5700,""Orange"":9120,""Yellow"":16416,""Green"":34474,""Blue"":86185,""Violet"":258555,""White"":1034220}"
summons/SUMMON_PRICING,SE-0037,Thermal Swarm,POWERFUL,True,5000,11000,"{""Red"":11000,""Orange"":17600,""Yellow"":31680,""Green"":66528,""Blue"":166320,""Violet"":498960,""White"":1995840}"
summons/SUMMON_PRICING,SE-0038,Thermal Stag,ADVANCED,True,4550,5700,"{""Red"":5700,""Orange"":9120,""Yellow"":16416,""Green"":34474,""Blue"":86185,""Violet"":258555,""White"":1034220}"
summons/SUMMON_PRICING,SE-0039,Thermal Colossus,POWERFUL,True,7600,11000,"{""Red"":11000,""Orange"":17600,""Yellow"":31680,""Green"":66528,""Blue"":166320,""Violet"":498960,""White"":1995840}"
summons/SUMMON_PRICING,SE-0040,Thermal Drake,POWERFUL,True,8700,11000,"{""Red"":11000,""Orange"":17600,""Yellow"":31680,""Green"":66528,""Blue"":166320,""Violet"":498960,""White"":1995840}"
summons/SUMMON_PRICING,SE-0041,Cryogenic Wisp,FOUNDATIONAL,True,600,1700,"{""Red"":1700,""Orange"":2720,""Yellow"":4896,""Green"":10282,""Blue"":25705,""Violet"":77115,""White"":308460}"
summons/SUMMON_PRICING,SE-0042,Cryogenic Hound,COMMON_SPECIALIZATION,True,2050,3100,"{""Red"":3100,""Orange"":4960,""Yellow"":8928,""Green"":18749,""Blue"":46873,""Violet"":140619,""White"":562476}"
summons/SUMMON_PRICING,SE-0043,Cryogenic Raptor,COMMON_SPECIALIZATION,True,2150,3100,"{""Red"":3100,""Orange"":4960,""Yellow"":8928,""Green"":18749,""Blue"":46873,""Violet"":140619,""White"":562476}"
summons/SUMMON_PRICING,SE-0044,Cryogenic Serpent,ADVANCED,True,2900,5700,"{""Red"":5700,""Orange"":9120,""Yellow"":16416,""Green"":34474,""Blue"":86185,""Violet"":258555,""White"":1034220}"
summons/SUMMON_PRICING,SE-0045,Cryogenic Sentinel,COMMON_SPECIALIZATION,True,2100,3100,"{""Red"":3100,""Orange"":4960,""Yellow"":8928,""Green"":18749,""Blue"":46873,""Violet"":140619,""White"":562476}"
summons/SUMMON_PRICING,SE-0046,Cryogenic Manta,ADVANCED,True,2900,5700,"{""Red"":5700,""Orange"":9120,""Yellow"":16416,""Green"":34474,""Blue"":86185,""Violet"":258555,""White"":1034220}"
summons/SUMMON_PRICING,SE-0047,Cryogenic Swarm,POWERFUL,True,5000,11000,"{""Red"":11000,""Orange"":17600,""Yellow"":31680,""Green"":66528,""Blue"":166320,""Violet"":498960,""White"":1995840}"
summons/SUMMON_PRICING,SE-0048,Cryogenic Stag,ADVANCED,True,4550,5700,"{""Red"":5700,""Orange"":9120,""Yellow"":16416,""Green"":34474,""Blue"":86185,""Violet"":258555,""White"":1034220}"
summons/SUMMON_PRICING,SE-0049,Cryogenic Colossus,POWERFUL,True,7600,11000,"{""Red"":11000,""Orange"":17600,""Yellow"":31680,""Green"":66528,""Blue"":166320,""Violet"":498960,""White"":1995840}"
summons/SUMMON_PRICING,SE-0050,Cryogenic Drake,POWERFUL,True,8700,11000,"{""Red"":11000,""Orange"":17600,""Yellow"":31680,""Green"":66528,""Blue"":166320,""Violet"":498960,""White"":1995840}"
summons/SUMMON_PRICING,SE-0051,Steam Wisp,FOUNDATIONAL,True,600,1700,"{""Red"":1700,""Orange"":2720,""Yellow"":4896,""Green"":10282,""Blue"":25705,""Violet"":77115,""White"":308460}"
summons/SUMMON_PRICING,SE-0052,Steam Hound,COMMON_SPECIALIZATION,True,2050,3100,"{""Red"":3100,""Orange"":4960,""Yellow"":8928,""Green"":18749,""Blue"":46873,""Violet"":140619,""White"":562476}"
summons/SUMMON_PRICING,SE-0053,Steam Raptor,COMMON_SPECIALIZATION,True,2150,3100,"{""Red"":3100,""Orange"":4960,""Yellow"":8928,""Green"":18749,""Blue"":46873,""Violet"":140619,""White"":562476}"
summons/SUMMON_PRICING,SE-0054,Steam Serpent,ADVANCED,True,2900,5700,"{""Red"":5700,""Orange"":9120,""Yellow"":16416,""Green"":34474,""Blue"":86185,""Violet"":258555,""White"":1034220}"
summons/SUMMON_PRICING,SE-0055,Steam Sentinel,COMMON_SPECIALIZATION,True,2100,3100,"{""Red"":3100,""Orange"":4960,""Yellow"":8928,""Green"":18749,""Blue"":46873,""Violet"":140619,""White"":562476}"
summons/SUMMON_PRICING,SE-0056,Steam Manta,ADVANCED,True,2900,5700,"{""Red"":5700,""Orange"":9120,""Yellow"":16416,""Green"":34474,""Blue"":86185,""Violet"":258555,""White"":1034220}"
summons/SUMMON_PRICING,SE-0057,Steam Swarm,POWERFUL,True,5000,11000,"{""Red"":11000,""Orange"":17600,""Yellow"":31680,""Green"":66528,""Blue"":166320,""Violet"":498960,""White"":1995840}"
summons/SUMMON_PRICING,SE-0058,Steam Stag,ADVANCED,True,4550,5700,"{""Red"":5700,""Orange"":9120,""Yellow"":16416,""Green"":34474,""Blue"":86185,""Violet"":258555,""White"":1034220}"
summons/SUMMON_PRICING,SE-0059,Steam Colossus,POWERFUL,True,7600,11000,"{""Red"":11000,""Orange"":17600,""Yellow"":31680,""Green"":66528,""Blue"":166320,""Violet"":498960,""White"":1995840}"
summons/SUMMON_PRICING,SE-0060,Steam Drake,POWERFUL,True,8700,11000,"{""Red"":11000,""Orange"":17600,""Yellow"":31680,""Green"":66528,""Blue"":166320,""Violet"":498960,""White"":1995840}"
summons/SUMMON_PRICING,SE-0061,Atmospheric Wisp,FOUNDATIONAL,True,600,1700,"{""Red"":1700,""Orange"":2720,""Yellow"":4896,""Green"":10282,""Blue"":25705,""Violet"":77115,""White"":308460}"
summons/SUMMON_PRICING,SE-0062,Atmospheric Hound,COMMON_SPECIALIZATION,True,2050,3100,"{""Red"":3100,""Orange"":4960,""Yellow"":8928,""Green"":18749,""Blue"":46873,""Violet"":140619,""White"":562476}"
summons/SUMMON_PRICING,SE-0063,Atmospheric Raptor,COMMON_SPECIALIZATION,True,2150,3100,"{""Red"":3100,""Orange"":4960,""Yellow"":8928,""Green"":18749,""Blue"":46873,""Violet"":140619,""White"":562476}"
summons/SUMMON_PRICING,SE-0064,Atmospheric Serpent,ADVANCED,True,2900,5700,"{""Red"":5700,""Orange"":9120,""Yellow"":16416,""Green"":34474,""Blue"":86185,""Violet"":258555,""White"":1034220}"
summons/SUMMON_PRICING,SE-0065,Atmospheric Sentinel,COMMON_SPECIALIZATION,True,2100,3100,"{""Red"":3100,""Orange"":4960,""Yellow"":8928,""Green"":18749,""Blue"":46873,""Violet"":140619,""White"":562476}"
summons/SUMMON_PRICING,SE-0066,Atmospheric Manta,ADVANCED,True,2900,5700,"{""Red"":5700,""Orange"":9120,""Yellow"":16416,""Green"":34474,""Blue"":86185,""Violet"":258555,""White"":1034220}"
summons/SUMMON_PRICING,SE-0067,Atmospheric Swarm,POWERFUL,True,5000,11000,"{""Red"":11000,""Orange"":17600,""Yellow"":31680,""Green"":66528,""Blue"":166320,""Violet"":498960,""White"":1995840}"
summons/SUMMON_PRICING,SE-0068,Atmospheric Stag,ADVANCED,True,4550,5700,"{""Red"":5700,""Orange"":9120,""Yellow"":16416,""Green"":34474,""Blue"":86185,""Violet"":258555,""White"":1034220}"
summons/SUMMON_PRICING,SE-0069,Atmospheric Colossus,POWERFUL,True,7600,11000,"{""Red"":11000,""Orange"":17600,""Yellow"":31680,""Green"":66528,""Blue"":166320,""Violet"":498960,""White"":1995840}"
summons/SUMMON_PRICING,SE-0070,Atmospheric Drake,POWERFUL,True,8700,11000,"{""Red"":11000,""Orange"":17600,""Yellow"":31680,""Green"":66528,""Blue"":166320,""Violet"":498960,""White"":1995840}"
summons/SUMMON_PRICING,SE-0071,Water Wisp,FOUNDATIONAL,True,600,1700,"{""Red"":1700,""Orange"":2720,""Yellow"":4896,""Green"":10282,""Blue"":25705,""Violet"":77115,""White"":308460}"
summons/SUMMON_PRICING,SE-0072,Water Hound,COMMON_SPECIALIZATION,True,2050,3100,"{""Red"":3100,""Orange"":4960,""Yellow"":8928,""Green"":18749,""Blue"":46873,""Violet"":140619,""White"":562476}"
summons/SUMMON_PRICING,SE-0073,Water Raptor,COMMON_SPECIALIZATION,True,2150,3100,"{""Red"":3100,""Orange"":4960,""Yellow"":8928,""Green"":18749,""Blue"":46873,""Violet"":140619,""White"":562476}"
summons/SUMMON_PRICING,SE-0074,Water Serpent,ADVANCED,True,2900,5700,"{""Red"":5700,""Orange"":9120,""Yellow"":16416,""Green"":34474,""Blue"":86185,""Violet"":258555,""White"":1034220}"
summons/SUMMON_PRICING,SE-0075,Water Sentinel,COMMON_SPECIALIZATION,True,2100,3100,"{""Red"":3100,""Orange"":4960,""Yellow"":8928,""Green"":18749,""Blue"":46873,""Violet"":140619,""White"":562476}"
summons/SUMMON_PRICING,SE-0076,Water Manta,ADVANCED,True,2900,5700,"{""Red"":5700,""Orange"":9120,""Yellow"":16416,""Green"":34474,""Blue"":86185,""Violet"":258555,""White"":1034220}"
summons/SUMMON_PRICING,SE-0077,Water Swarm,POWERFUL,True,5000,11000,"{""Red"":11000,""Orange"":17600,""Yellow"":31680,""Green"":66528,""Blue"":166320,""Violet"":498960,""White"":1995840}"
summons/SUMMON_PRICING,SE-0078,Water Stag,ADVANCED,True,4550,5700,"{""Red"":5700,""Orange"":9120,""Yellow"":16416,""Green"":34474,""Blue"":86185,""Violet"":258555,""White"":1034220}"
summons/SUMMON_PRICING,SE-0079,Water Colossus,POWERFUL,True,7600,11000,"{""Red"":11000,""Orange"":17600,""Yellow"":31680,""Green"":66528,""Blue"":166320,""Violet"":498960,""White"":1995840}"
summons/SUMMON_PRICING,SE-0080,Water Drake,POWERFUL,True,8700,11000,"{""Red"":11000,""Orange"":17600,""Yellow"":31680,""Green"":66528,""Blue"":166320,""Violet"":498960,""White"":1995840}"
summons/SUMMON_PRICING,SE-0081,Mineral Wisp,FOUNDATIONAL,True,600,1700,"{""Red"":1700,""Orange"":2720,""Yellow"":4896,""Green"":10282,""Blue"":25705,""Violet"":77115,""White"":308460}"
summons/SUMMON_PRICING,SE-0082,Mineral Hound,COMMON_SPECIALIZATION,True,2050,3100,"{""Red"":3100,""Orange"":4960,""Yellow"":8928,""Green"":18749,""Blue"":46873,""Violet"":140619,""White"":562476}"
summons/SUMMON_PRICING,SE-0083,Mineral Raptor,COMMON_SPECIALIZATION,True,2150,3100,"{""Red"":3100,""Orange"":4960,""Yellow"":8928,""Green"":18749,""Blue"":46873,""Violet"":140619,""White"":562476}"
summons/SUMMON_PRICING,SE-0084,Mineral Serpent,ADVANCED,True,2900,5700,"{""Red"":5700,""Orange"":9120,""Yellow"":16416,""Green"":34474,""Blue"":86185,""Violet"":258555,""White"":1034220}"
summons/SUMMON_PRICING,SE-0085,Mineral Sentinel,COMMON_SPECIALIZATION,True,2100,3100,"{""Red"":3100,""Orange"":4960,""Yellow"":8928,""Green"":18749,""Blue"":46873,""Violet"":140619,""White"":562476}"
summons/SUMMON_PRICING,SE-0086,Mineral Manta,ADVANCED,True,2900,5700,"{""Red"":5700,""Orange"":9120,""Yellow"":16416,""Green"":34474,""Blue"":86185,""Violet"":258555,""White"":1034220}"
summons/SUMMON_PRICING,SE-0087,Mineral Swarm,POWERFUL,True,5000,11000,"{""Red"":11000,""Orange"":17600,""Yellow"":31680,""Green"":66528,""Blue"":166320,""Violet"":498960,""White"":1995840}"
summons/SUMMON_PRICING,SE-0088,Mineral Stag,ADVANCED,True,4550,5700,"{""Red"":5700,""Orange"":9120,""Yellow"":16416,""Green"":34474,""Blue"":86185,""Violet"":258555,""White"":1034220}"
summons/SUMMON_PRICING,SE-0089,Mineral Colossus,POWERFUL,True,7600,11000,"{""Red"":11000,""Orange"":17600,""Yellow"":31680,""Green"":66528,""Blue"":166320,""Violet"":498960,""White"":1995840}"
summons/SUMMON_PRICING,SE-0090,Mineral Drake,POWERFUL,True,8700,11000,"{""Red"":11000,""Orange"":17600,""Yellow"":31680,""Green"":66528,""Blue"":166320,""Violet"":498960,""White"":1995840}"
summons/SUMMON_PRICING,SE-0091,Sand Wisp,FOUNDATIONAL,True,600,1700,"{""Red"":1700,""Orange"":2720,""Yellow"":4896,""Green"":10282,""Blue"":25705,""Violet"":77115,""White"":308460}"
summons/SUMMON_PRICING,SE-0092,Sand Hound,COMMON_SPECIALIZATION,True,2050,3100,"{""Red"":3100,""Orange"":4960,""Yellow"":8928,""Green"":18749,""Blue"":46873,""Violet"":140619,""White"":562476}"
summons/SUMMON_PRICING,SE-0093,Sand Raptor,COMMON_SPECIALIZATION,True,2150,3100,"{""Red"":3100,""Orange"":4960,""Yellow"":8928,""Green"":18749,""Blue"":46873,""Violet"":140619,""White"":562476}"
summons/SUMMON_PRICING,SE-0094,Sand Serpent,ADVANCED,True,2900,5700,"{""Red"":5700,""Orange"":9120,""Yellow"":16416,""Green"":34474,""Blue"":86185,""Violet"":258555,""White"":1034220}"
summons/SUMMON_PRICING,SE-0095,Sand Sentinel,COMMON_SPECIALIZATION,True,2100,3100,"{""Red"":3100,""Orange"":4960,""Yellow"":8928,""Green"":18749,""Blue"":46873,""Violet"":140619,""White"":562476}"
summons/SUMMON_PRICING,SE-0096,Sand Manta,ADVANCED,True,2900,5700,"{""Red"":5700,""Orange"":9120,""Yellow"":16416,""Green"":34474,""Blue"":86185,""Violet"":258555,""White"":1034220}"
summons/SUMMON_PRICING,SE-0097,Sand Swarm,POWERFUL,True,5000,11000,"{""Red"":11000,""Orange"":17600,""Yellow"":31680,""Green"":66528,""Blue"":166320,""Violet"":498960,""White"":1995840}"
summons/SUMMON_PRICING,SE-0098,Sand Stag,ADVANCED,True,4550,5700,"{""Red"":5700,""Orange"":9120,""Yellow"":16416,""Green"":34474,""Blue"":86185,""Violet"":258555,""White"":1034220}"
summons/SUMMON_PRICING,SE-0099,Sand Colossus,POWERFUL,True,7600,11000,"{""Red"":11000,""Orange"":17600,""Yellow"":31680,""Green"":66528,""Blue"":166320,""Violet"":498960,""White"":1995840}"
summons/SUMMON_PRICING,SE-0100,Sand Drake,POWERFUL,True,8700,11000,"{""Red"":11000,""Orange"":17600,""Yellow"":31680,""Green"":66528,""Blue"":166320,""Violet"":498960,""White"":1995840}"
summons/SUMMON_PRICING,SE-0101,Glass Wisp,FOUNDATIONAL,True,600,1700,"{""Red"":1700,""Orange"":2720,""Yellow"":4896,""Green"":10282,""Blue"":25705,""Violet"":77115,""White"":308460}"
summons/SUMMON_PRICING,SE-0102,Glass Hound,COMMON_SPECIALIZATION,True,2050,3100,"{""Red"":3100,""Orange"":4960,""Yellow"":8928,""Green"":18749,""Blue"":46873,""Violet"":140619,""White"":562476}"
summons/SUMMON_PRICING,SE-0103,Glass Raptor,COMMON_SPECIALIZATION,True,2150,3100,"{""Red"":3100,""Orange"":4960,""Yellow"":8928,""Green"":18749,""Blue"":46873,""Violet"":140619,""White"":562476}"
summons/SUMMON_PRICING,SE-0104,Glass Serpent,ADVANCED,True,2900,5700,"{""Red"":5700,""Orange"":9120,""Yellow"":16416,""Green"":34474,""Blue"":86185,""Violet"":258555,""White"":1034220}"
summons/SUMMON_PRICING,SE-0105,Glass Sentinel,COMMON_SPECIALIZATION,True,2100,3100,"{""Red"":3100,""Orange"":4960,""Yellow"":8928,""Green"":18749,""Blue"":46873,""Violet"":140619,""White"":562476}"
summons/SUMMON_PRICING,SE-0106,Glass Manta,ADVANCED,True,2900,5700,"{""Red"":5700,""Orange"":9120,""Yellow"":16416,""Green"":34474,""Blue"":86185,""Violet"":258555,""White"":1034220}"
summons/SUMMON_PRICING,SE-0107,Glass Swarm,POWERFUL,True,5000,11000,"{""Red"":11000,""Orange"":17600,""Yellow"":31680,""Green"":66528,""Blue"":166320,""Violet"":498960,""White"":1995840}"
summons/SUMMON_PRICING,SE-0108,Glass Stag,ADVANCED,True,4550,5700,"{""Red"":5700,""Orange"":9120,""Yellow"":16416,""Green"":34474,""Blue"":86185,""Violet"":258555,""White"":1034220}"
summons/SUMMON_PRICING,SE-0109,Glass Colossus,POWERFUL,True,7600,11000,"{""Red"":11000,""Orange"":17600,""Yellow"":31680,""Green"":66528,""Blue"":166320,""Violet"":498960,""White"":1995840}"
summons/SUMMON_PRICING,SE-0110,Glass Drake,POWERFUL,True,8700,11000,"{""Red"":11000,""Orange"":17600,""Yellow"":31680,""Green"":66528,""Blue"":166320,""Violet"":498960,""White"":1995840}"
summons/SUMMON_PRICING,SE-0111,Iron Wisp,FOUNDATIONAL,True,600,1700,"{""Red"":1700,""Orange"":2720,""Yellow"":4896,""Green"":10282,""Blue"":25705,""Violet"":77115,""White"":308460}"
summons/SUMMON_PRICING,SE-0112,Iron Hound,COMMON_SPECIALIZATION,True,2050,3100,"{""Red"":3100,""Orange"":4960,""Yellow"":8928,""Green"":18749,""Blue"":46873,""Violet"":140619,""White"":562476}"
summons/SUMMON_PRICING,SE-0113,Iron Raptor,COMMON_SPECIALIZATION,True,2150,3100,"{""Red"":3100,""Orange"":4960,""Yellow"":8928,""Green"":18749,""Blue"":46873,""Violet"":140619,""White"":562476}"
summons/SUMMON_PRICING,SE-0114,Iron Serpent,ADVANCED,True,2900,5700,"{""Red"":5700,""Orange"":9120,""Yellow"":16416,""Green"":34474,""Blue"":86185,""Violet"":258555,""White"":1034220}"
summons/SUMMON_PRICING,SE-0115,Iron Sentinel,COMMON_SPECIALIZATION,True,2100,3100,"{""Red"":3100,""Orange"":4960,""Yellow"":8928,""Green"":18749,""Blue"":46873,""Violet"":140619,""White"":562476}"
summons/SUMMON_PRICING,SE-0116,Iron Manta,ADVANCED,True,2900,5700,"{""Red"":5700,""Orange"":9120,""Yellow"":16416,""Green"":34474,""Blue"":86185,""Violet"":258555,""White"":1034220}"
summons/SUMMON_PRICING,SE-0117,Iron Swarm,POWERFUL,True,5000,11000,"{""Red"":11000,""Orange"":17600,""Yellow"":31680,""Green"":66528,""Blue"":166320,""Violet"":498960,""White"":1995840}"
summons/SUMMON_PRICING,SE-0118,Iron Stag,ADVANCED,True,4550,5700,"{""Red"":5700,""Orange"":9120,""Yellow"":16416,""Green"":34474,""Blue"":86185,""Violet"":258555,""White"":1034220}"
summons/SUMMON_PRICING,SE-0119,Iron Colossus,POWERFUL,True,7600,11000,"{""Red"":11000,""Orange"":17600,""Yellow"":31680,""Green"":66528,""Blue"":166320,""Violet"":498960,""White"":1995840}"
summons/SUMMON_PRICING,SE-0120,Iron Drake,POWERFUL,True,8700,11000,"{""Red"":11000,""Orange"":17600,""Yellow"":31680,""Green"":66528,""Blue"":166320,""Violet"":498960,""White"":1995840}"
summons/SUMMON_PRICING,SE-0121,Copper Wisp,FOUNDATIONAL,True,600,1700,"{""Red"":1700,""Orange"":2720,""Yellow"":4896,""Green"":10282,""Blue"":25705,""Violet"":77115,""White"":308460}"
summons/SUMMON_PRICING,SE-0122,Copper Hound,COMMON_SPECIALIZATION,True,2050,3100,"{""Red"":3100,""Orange"":4960,""Yellow"":8928,""Green"":18749,""Blue"":46873,""Violet"":140619,""White"":562476}"
summons/SUMMON_PRICING,SE-0123,Copper Raptor,COMMON_SPECIALIZATION,True,2150,3100,"{""Red"":3100,""Orange"":4960,""Yellow"":8928,""Green"":18749,""Blue"":46873,""Violet"":140619,""White"":562476}"
summons/SUMMON_PRICING,SE-0124,Copper Serpent,ADVANCED,True,2900,5700,"{""Red"":5700,""Orange"":9120,""Yellow"":16416,""Green"":34474,""Blue"":86185,""Violet"":258555,""White"":1034220}"
summons/SUMMON_PRICING,SE-0125,Copper Sentinel,COMMON_SPECIALIZATION,True,2100,3100,"{""Red"":3100,""Orange"":4960,""Yellow"":8928,""Green"":18749,""Blue"":46873,""Violet"":140619,""White"":562476}"
summons/SUMMON_PRICING,SE-0126,Copper Manta,ADVANCED,True,2900,5700,"{""Red"":5700,""Orange"":9120,""Yellow"":16416,""Green"":34474,""Blue"":86185,""Violet"":258555,""White"":1034220}"
summons/SUMMON_PRICING,SE-0127,Copper Swarm,POWERFUL,True,5000,11000,"{""Red"":11000,""Orange"":17600,""Yellow"":31680,""Green"":66528,""Blue"":166320,""Violet"":498960,""White"":1995840}"
summons/SUMMON_PRICING,SE-0128,Copper Stag,ADVANCED,True,4550,5700,"{""Red"":5700,""Orange"":9120,""Yellow"":16416,""Green"":34474,""Blue"":86185,""Violet"":258555,""White"":1034220}"
summons/SUMMON_PRICING,SE-0129,Copper Colossus,POWERFUL,True,7600,11000,"{""Red"":11000,""Orange"":17600,""Yellow"":31680,""Green"":66528,""Blue"":166320,""Violet"":498960,""White"":1995840}"
summons/SUMMON_PRICING,SE-0130,Copper Drake,POWERFUL,True,8700,11000,"{""Red"":11000,""Orange"":17600,""Yellow"":31680,""Green"":66528,""Blue"":166320,""Violet"":498960,""White"":1995840}"
summons/SUMMON_PRICING,SE-0131,Magnetic Wisp,FOUNDATIONAL,True,600,1700,"{""Red"":1700,""Orange"":2720,""Yellow"":4896,""Green"":10282,""Blue"":25705,""Violet"":77115,""White"":308460}"
summons/SUMMON_PRICING,SE-0132,Magnetic Hound,COMMON_SPECIALIZATION,True,2050,3100,"{""Red"":3100,""Orange"":4960,""Yellow"":8928,""Green"":18749,""Blue"":46873,""Violet"":140619,""White"":562476}"
summons/SUMMON_PRICING,SE-0133,Magnetic Raptor,COMMON_SPECIALIZATION,True,2150,3100,"{""Red"":3100,""Orange"":4960,""Yellow"":8928,""Green"":18749,""Blue"":46873,""Violet"":140619,""White"":562476}"
summons/SUMMON_PRICING,SE-0134,Magnetic Serpent,ADVANCED,True,2900,5700,"{""Red"":5700,""Orange"":9120,""Yellow"":16416,""Green"":34474,""Blue"":86185,""Violet"":258555,""White"":1034220}"
summons/SUMMON_PRICING,SE-0135,Magnetic Sentinel,COMMON_SPECIALIZATION,True,2100,3100,"{""Red"":3100,""Orange"":4960,""Yellow"":8928,""Green"":18749,""Blue"":46873,""Violet"":140619,""White"":562476}"
summons/SUMMON_PRICING,SE-0136,Magnetic Manta,ADVANCED,True,2900,5700,"{""Red"":5700,""Orange"":9120,""Yellow"":16416,""Green"":34474,""Blue"":86185,""Violet"":258555,""White"":1034220}"
summons/SUMMON_PRICING,SE-0137,Magnetic Swarm,POWERFUL,True,5000,11000,"{""Red"":11000,""Orange"":17600,""Yellow"":31680,""Green"":66528,""Blue"":166320,""Violet"":498960,""White"":1995840}"
summons/SUMMON_PRICING,SE-0138,Magnetic Stag,ADVANCED,True,4550,5700,"{""Red"":5700,""Orange"":9120,""Yellow"":16416,""Green"":34474,""Blue"":86185,""Violet"":258555,""White"":1034220}"
summons/SUMMON_PRICING,SE-0139,Magnetic Colossus,POWERFUL,True,7600,11000,"{""Red"":11000,""Orange"":17600,""Yellow"":31680,""Green"":66528,""Blue"":166320,""Violet"":498960,""White"":1995840}"
summons/SUMMON_PRICING,SE-0140,Magnetic Drake,POWERFUL,True,8700,11000,"{""Red"":11000,""Orange"":17600,""Yellow"":31680,""Green"":66528,""Blue"":166320,""Violet"":498960,""White"":1995840}"
summons/SUMMON_PRICING,SE-0141,Photonic Wisp,FOUNDATIONAL,True,600,1700,"{""Red"":1700,""Orange"":2720,""Yellow"":4896,""Green"":10282,""Blue"":25705,""Violet"":77115,""White"":308460}"
summons/SUMMON_PRICING,SE-0142,Photonic Hound,COMMON_SPECIALIZATION,True,2050,3100,"{""Red"":3100,""Orange"":4960,""Yellow"":8928,""Green"":18749,""Blue"":46873,""Violet"":140619,""White"":562476}"
summons/SUMMON_PRICING,SE-0143,Photonic Raptor,COMMON_SPECIALIZATION,True,2150,3100,"{""Red"":3100,""Orange"":4960,""Yellow"":8928,""Green"":18749,""Blue"":46873,""Violet"":140619,""White"":562476}"
summons/SUMMON_PRICING,SE-0144,Photonic Serpent,ADVANCED,True,2900,5700,"{""Red"":5700,""Orange"":9120,""Yellow"":16416,""Green"":34474,""Blue"":86185,""Violet"":258555,""White"":1034220}"
summons/SUMMON_PRICING,SE-0145,Photonic Sentinel,COMMON_SPECIALIZATION,True,2100,3100,"{""Red"":3100,""Orange"":4960,""Yellow"":8928,""Green"":18749,""Blue"":46873,""Violet"":140619,""White"":562476}"
summons/SUMMON_PRICING,SE-0146,Photonic Manta,ADVANCED,True,2900,5700,"{""Red"":5700,""Orange"":9120,""Yellow"":16416,""Green"":34474,""Blue"":86185,""Violet"":258555,""White"":1034220}"
summons/SUMMON_PRICING,SE-0147,Photonic Swarm,POWERFUL,True,5000,11000,"{""Red"":11000,""Orange"":17600,""Yellow"":31680,""Green"":66528,""Blue"":166320,""Violet"":498960,""White"":1995840}"
summons/SUMMON_PRICING,SE-0148,Photonic Stag,ADVANCED,True,4550,5700,"{""Red"":5700,""Orange"":9120,""Yellow"":16416,""Green"":34474,""Blue"":86185,""Violet"":258555,""White"":1034220}"
summons/SUMMON_PRICING,SE-0149,Photonic Colossus,POWERFUL,True,7600,11000,"{""Red"":11000,""Orange"":17600,""Yellow"":31680,""Green"":66528,""Blue"":166320,""Violet"":498960,""White"":1995840}"
summons/SUMMON_PRICING,SE-0150,Photonic Drake,POWERFUL,True,8700,11000,"{""Red"":11000,""Orange"":17600,""Yellow"":31680,""Green"":66528,""Blue"":166320,""Violet"":498960,""White"":1995840}"
summons/SUMMON_PRICING,SE-0151,Acoustic Wisp,FOUNDATIONAL,True,600,1700,"{""Red"":1700,""Orange"":2720,""Yellow"":4896,""Green"":10282,""Blue"":25705,""Violet"":77115,""White"":308460}"
summons/SUMMON_PRICING,SE-0152,Acoustic Hound,COMMON_SPECIALIZATION,True,2050,3100,"{""Red"":3100,""Orange"":4960,""Yellow"":8928,""Green"":18749,""Blue"":46873,""Violet"":140619,""White"":562476}"
summons/SUMMON_PRICING,SE-0153,Acoustic Raptor,COMMON_SPECIALIZATION,True,2150,3100,"{""Red"":3100,""Orange"":4960,""Yellow"":8928,""Green"":18749,""Blue"":46873,""Violet"":140619,""White"":562476}"
summons/SUMMON_PRICING,SE-0154,Acoustic Serpent,ADVANCED,True,2900,5700,"{""Red"":5700,""Orange"":9120,""Yellow"":16416,""Green"":34474,""Blue"":86185,""Violet"":258555,""White"":1034220}"
summons/SUMMON_PRICING,SE-0155,Acoustic Sentinel,COMMON_SPECIALIZATION,True,2100,3100,"{""Red"":3100,""Orange"":4960,""Yellow"":8928,""Green"":18749,""Blue"":46873,""Violet"":140619,""White"":562476}"
summons/SUMMON_PRICING,SE-0156,Acoustic Manta,ADVANCED,True,2900,5700,"{""Red"":5700,""Orange"":9120,""Yellow"":16416,""Green"":34474,""Blue"":86185,""Violet"":258555,""White"":1034220}"
summons/SUMMON_PRICING,SE-0157,Acoustic Swarm,POWERFUL,True,5000,11000,"{""Red"":11000,""Orange"":17600,""Yellow"":31680,""Green"":66528,""Blue"":166320,""Violet"":498960,""White"":1995840}"
summons/SUMMON_PRICING,SE-0158,Acoustic Stag,ADVANCED,True,4550,5700,"{""Red"":5700,""Orange"":9120,""Yellow"":16416,""Green"":34474,""Blue"":86185,""Violet"":258555,""White"":1034220}"
summons/SUMMON_PRICING,SE-0159,Acoustic Colossus,POWERFUL,True,7600,11000,"{""Red"":11000,""Orange"":17600,""Yellow"":31680,""Green"":66528,""Blue"":166320,""Violet"":498960,""White"":1995840}"
summons/SUMMON_PRICING,SE-0160,Acoustic Drake,POWERFUL,True,8700,11000,"{""Red"":11000,""Orange"":17600,""Yellow"":31680,""Green"":66528,""Blue"":166320,""Violet"":498960,""White"":1995840}"
summons/SUMMON_PRICING,SE-0161,Smoke Wisp,FOUNDATIONAL,True,600,1700,"{""Red"":1700,""Orange"":2720,""Yellow"":4896,""Green"":10282,""Blue"":25705,""Violet"":77115,""White"":308460}"
summons/SUMMON_PRICING,SE-0162,Smoke Hound,COMMON_SPECIALIZATION,True,2050,3100,"{""Red"":3100,""Orange"":4960,""Yellow"":8928,""Green"":18749,""Blue"":46873,""Violet"":140619,""White"":562476}"
summons/SUMMON_PRICING,SE-0163,Smoke Raptor,COMMON_SPECIALIZATION,True,2150,3100,"{""Red"":3100,""Orange"":4960,""Yellow"":8928,""Green"":18749,""Blue"":46873,""Violet"":140619,""White"":562476}"
summons/SUMMON_PRICING,SE-0164,Smoke Serpent,ADVANCED,True,2900,5700,"{""Red"":5700,""Orange"":9120,""Yellow"":16416,""Green"":34474,""Blue"":86185,""Violet"":258555,""White"":1034220}"
summons/SUMMON_PRICING,SE-0165,Smoke Sentinel,COMMON_SPECIALIZATION,True,2100,3100,"{""Red"":3100,""Orange"":4960,""Yellow"":8928,""Green"":18749,""Blue"":46873,""Violet"":140619,""White"":562476}"
summons/SUMMON_PRICING,SE-0166,Smoke Manta,ADVANCED,True,2900,5700,"{""Red"":5700,""Orange"":9120,""Yellow"":16416,""Green"":34474,""Blue"":86185,""Violet"":258555,""White"":1034220}"
summons/SUMMON_PRICING,SE-0167,Smoke Swarm,POWERFUL,True,5000,11000,"{""Red"":11000,""Orange"":17600,""Yellow"":31680,""Green"":66528,""Blue"":166320,""Violet"":498960,""White"":1995840}"
summons/SUMMON_PRICING,SE-0168,Smoke Stag,ADVANCED,True,4550,5700,"{""Red"":5700,""Orange"":9120,""Yellow"":16416,""Green"":34474,""Blue"":86185,""Violet"":258555,""White"":1034220}"
summons/SUMMON_PRICING,SE-0169,Smoke Colossus,POWERFUL,True,7600,11000,"{""Red"":11000,""Orange"":17600,""Yellow"":31680,""Green"":66528,""Blue"":166320,""Violet"":498960,""White"":1995840}"
summons/SUMMON_PRICING,SE-0170,Smoke Drake,POWERFUL,True,8700,11000,"{""Red"":11000,""Orange"":17600,""Yellow"":31680,""Green"":66528,""Blue"":166320,""Violet"":498960,""White"":1995840}"
summons/SUMMON_PRICING,SE-0171,Ash Wisp,FOUNDATIONAL,True,600,1700,"{""Red"":1700,""Orange"":2720,""Yellow"":4896,""Green"":10282,""Blue"":25705,""Violet"":77115,""White"":308460}"
summons/SUMMON_PRICING,SE-0172,Ash Hound,COMMON_SPECIALIZATION,True,2050,3100,"{""Red"":3100,""Orange"":4960,""Yellow"":8928,""Green"":18749,""Blue"":46873,""Violet"":140619,""White"":562476}"
summons/SUMMON_PRICING,SE-0173,Ash Raptor,COMMON_SPECIALIZATION,True,2150,3100,"{""Red"":3100,""Orange"":4960,""Yellow"":8928,""Green"":18749,""Blue"":46873,""Violet"":140619,""White"":562476}"
summons/SUMMON_PRICING,SE-0174,Ash Serpent,ADVANCED,True,2900,5700,"{""Red"":5700,""Orange"":9120,""Yellow"":16416,""Green"":34474,""Blue"":86185,""Violet"":258555,""White"":1034220}"
summons/SUMMON_PRICING,SE-0175,Ash Sentinel,COMMON_SPECIALIZATION,True,2100,3100,"{""Red"":3100,""Orange"":4960,""Yellow"":8928,""Green"":18749,""Blue"":46873,""Violet"":140619,""White"":562476}"
summons/SUMMON_PRICING,SE-0176,Ash Manta,ADVANCED,True,2900,5700,"{""Red"":5700,""Orange"":9120,""Yellow"":16416,""Green"":34474,""Blue"":86185,""Violet"":258555,""White"":1034220}"
summons/SUMMON_PRICING,SE-0177,Ash Swarm,POWERFUL,True,5000,11000,"{""Red"":11000,""Orange"":17600,""Yellow"":31680,""Green"":66528,""Blue"":166320,""Violet"":498960,""White"":1995840}"
summons/SUMMON_PRICING,SE-0178,Ash Stag,ADVANCED,True,4550,5700,"{""Red"":5700,""Orange"":9120,""Yellow"":16416,""Green"":34474,""Blue"":86185,""Violet"":258555,""White"":1034220}"
summons/SUMMON_PRICING,SE-0179,Ash Colossus,POWERFUL,True,7600,11000,"{""Red"":11000,""Orange"":17600,""Yellow"":31680,""Green"":66528,""Blue"":166320,""Violet"":498960,""White"":1995840}"
summons/SUMMON_PRICING,SE-0180,Ash Drake,POWERFUL,True,8700,11000,"{""Red"":11000,""Orange"":17600,""Yellow"":31680,""Green"":66528,""Blue"":166320,""Violet"":498960,""White"":1995840}"
summons/SUMMON_PRICING,SE-0181,Resolved Pursuit Hound Pattern 1,COMMON_SPECIALIZATION,True,2050,3100,"{""Red"":3100,""Orange"":4960,""Yellow"":8928,""Green"":18749,""Blue"":46873,""Violet"":140619,""White"":562476}"
summons/SUMMON_PRICING,SE-0182,Resolved Aerial Hunter Pattern 1,COMMON_SPECIALIZATION,True,2150,3100,"{""Red"":3100,""Orange"":4960,""Yellow"":8928,""Green"":18749,""Blue"":46873,""Violet"":140619,""White"":562476}"
summons/SUMMON_PRICING,SE-0183,Resolved Burrower Pattern 1,ADVANCED,True,2500,5700,"{""Red"":5700,""Orange"":9120,""Yellow"":16416,""Green"":34474,""Blue"":86185,""Violet"":258555,""White"":1034220}"
summons/SUMMON_PRICING,SE-0184,Resolved Wall Crawler Pattern 1,COMMON_SPECIALIZATION,True,1900,3100,"{""Red"":3100,""Orange"":4960,""Yellow"":8928,""Green"":18749,""Blue"":46873,""Violet"":140619,""White"":562476}"
summons/SUMMON_PRICING,SE-0185,Resolved Guardian Pattern 1,ADVANCED,True,3350,5700,"{""Red"":5700,""Orange"":9120,""Yellow"":16416,""Green"":34474,""Blue"":86185,""Violet"":258555,""White"":1034220}"
summons/SUMMON_PRICING,SE-0186,Resolved Carrier Pattern 1,ADVANCED,True,3350,5700,"{""Red"":5700,""Orange"":9120,""Yellow"":16416,""Green"":34474,""Blue"":86185,""Violet"":258555,""White"":1034220}"
summons/SUMMON_PRICING,SE-0187,Resolved Constricter Pattern 1,ADVANCED,True,2900,5700,"{""Red"":5700,""Orange"":9120,""Yellow"":16416,""Green"":34474,""Blue"":86185,""Violet"":258555,""White"":1034220}"
summons/SUMMON_PRICING,SE-0188,Resolved Breaker Pattern 1,POWERFUL,True,7600,11000,"{""Red"":11000,""Orange"":17600,""Yellow"":31680,""Green"":66528,""Blue"":166320,""Violet"":498960,""White"":1995840}"
summons/SUMMON_PRICING,SE-0189,Resolved Pursuit Hound Pattern 2,COMMON_SPECIALIZATION,True,2050,3100,"{""Red"":3100,""Orange"":4960,""Yellow"":8928,""Green"":18749,""Blue"":46873,""Violet"":140619,""White"":562476}"
summons/SUMMON_PRICING,SE-0190,Resolved Aerial Hunter Pattern 2,COMMON_SPECIALIZATION,True,2150,3100,"{""Red"":3100,""Orange"":4960,""Yellow"":8928,""Green"":18749,""Blue"":46873,""Violet"":140619,""White"":562476}"
summons/SUMMON_PRICING,SE-0191,Resolved Burrower Pattern 2,ADVANCED,True,2500,5700,"{""Red"":5700,""Orange"":9120,""Yellow"":16416,""Green"":34474,""Blue"":86185,""Violet"":258555,""White"":1034220}"
summons/SUMMON_PRICING,SE-0192,Resolved Wall Crawler Pattern 2,COMMON_SPECIALIZATION,True,1900,3100,"{""Red"":3100,""Orange"":4960,""Yellow"":8928,""Green"":18749,""Blue"":46873,""Violet"":140619,""White"":562476}"
summons/SUMMON_PRICING,SE-0193,Resolved Guardian Pattern 2,ADVANCED,True,3350,5700,"{""Red"":5700,""Orange"":9120,""Yellow"":16416,""Green"":34474,""Blue"":86185,""Violet"":258555,""White"":1034220}"
summons/SUMMON_PRICING,SE-0194,Resolved Carrier Pattern 2,ADVANCED,True,3350,5700,"{""Red"":5700,""Orange"":9120,""Yellow"":16416,""Green"":34474,""Blue"":86185,""Violet"":258555,""White"":1034220}"
summons/SUMMON_PRICING,SE-0195,Resolved Constricter Pattern 2,ADVANCED,True,2900,5700,"{""Red"":5700,""Orange"":9120,""Yellow"":16416,""Green"":34474,""Blue"":86185,""Violet"":258555,""White"":1034220}"
summons/SUMMON_PRICING,SE-0196,Resolved Breaker Pattern 2,POWERFUL,True,7600,11000,"{""Red"":11000,""Orange"":17600,""Yellow"":31680,""Green"":66528,""Blue"":166320,""Violet"":498960,""White"":1995840}"
summons/SUMMON_PRICING,SE-0197,Resolved Pursuit Hound Pattern 3,COMMON_SPECIALIZATION,True,2050,3100,"{""Red"":3100,""Orange"":4960,""Yellow"":8928,""Green"":18749,""Blue"":46873,""Violet"":140619,""White"":562476}"
summons/SUMMON_PRICING,SE-0198,Resolved Aerial Hunter Pattern 3,COMMON_SPECIALIZATION,True,2150,3100,"{""Red"":3100,""Orange"":4960,""Yellow"":8928,""Green"":18749,""Blue"":46873,""Violet"":140619,""White"":562476}"
summons/SUMMON_PRICING,SE-0199,Resolved Burrower Pattern 3,ADVANCED,True,2500,5700,"{""Red"":5700,""Orange"":9120,""Yellow"":16416,""Green"":34474,""Blue"":86185,""Violet"":258555,""White"":1034220}"
summons/SUMMON_PRICING,SE-0200,Resolved Wall Crawler Pattern 3,COMMON_SPECIALIZATION,True,1900,3100,"{""Red"":3100,""Orange"":4960,""Yellow"":8928,""Green"":18749,""Blue"":46873,""Violet"":140619,""White"":562476}"
summons/SUMMON_PRICING,SE-0201,Resolved Guardian Pattern 3,ADVANCED,True,3350,5700,"{""Red"":5700,""Orange"":9120,""Yellow"":16416,""Green"":34474,""Blue"":86185,""Violet"":258555,""White"":1034220}"
summons/SUMMON_PRICING,SE-0202,Resolved Carrier Pattern 3,ADVANCED,True,3350,5700,"{""Red"":5700,""Orange"":9120,""Yellow"":16416,""Green"":34474,""Blue"":86185,""Violet"":258555,""White"":1034220}"
summons/SUMMON_PRICING,SE-0203,Resolved Constricter Pattern 3,ADVANCED,True,2900,5700,"{""Red"":5700,""Orange"":9120,""Yellow"":16416,""Green"":34474,""Blue"":86185,""Violet"":258555,""White"":1034220}"
summons/SUMMON_PRICING,SE-0204,Resolved Breaker Pattern 3,POWERFUL,True,7600,11000,"{""Red"":11000,""Orange"":17600,""Yellow"":31680,""Green"":66528,""Blue"":166320,""Violet"":498960,""White"":1995840}"
summons/SUMMON_PRICING,SE-0205,Resolved Pursuit Hound Pattern 4,COMMON_SPECIALIZATION,True,2050,3100,"{""Red"":3100,""Orange"":4960,""Yellow"":8928,""Green"":18749,""Blue"":46873,""Violet"":140619,""White"":562476}"
summons/SUMMON_PRICING,SE-0206,Resolved Aerial Hunter Pattern 4,COMMON_SPECIALIZATION,True,2150,3100,"{""Red"":3100,""Orange"":4960,""Yellow"":8928,""Green"":18749,""Blue"":46873,""Violet"":140619,""White"":562476}"
summons/SUMMON_PRICING,SE-0207,Resolved Burrower Pattern 4,ADVANCED,True,2500,5700,"{""Red"":5700,""Orange"":9120,""Yellow"":16416,""Green"":34474,""Blue"":86185,""Violet"":258555,""White"":1034220}"
summons/SUMMON_PRICING,SE-0208,Resolved Wall Crawler Pattern 4,COMMON_SPECIALIZATION,True,1900,3100,"{""Red"":3100,""Orange"":4960,""Yellow"":8928,""Green"":18749,""Blue"":46873,""Violet"":140619,""White"":562476}"
summons/SUMMON_PRICING,SE-0209,Resolved Guardian Pattern 4,ADVANCED,True,3350,5700,"{""Red"":5700,""Orange"":9120,""Yellow"":16416,""Green"":34474,""Blue"":86185,""Violet"":258555,""White"":1034220}"
summons/SUMMON_PRICING,SE-0210,Resolved Carrier Pattern 4,ADVANCED,True,3350,5700,"{""Red"":5700,""Orange"":9120,""Yellow"":16416,""Green"":34474,""Blue"":86185,""Violet"":258555,""White"":1034220}"
summons/SUMMON_PRICING,SE-0211,Resolved Constricter Pattern 4,ADVANCED,True,2900,5700,"{""Red"":5700,""Orange"":9120,""Yellow"":16416,""Green"":34474,""Blue"":86185,""Violet"":258555,""White"":1034220}"
summons/SUMMON_PRICING,SE-0212,Resolved Breaker Pattern 4,POWERFUL,True,7600,11000,"{""Red"":11000,""Orange"":17600,""Yellow"":31680,""Green"":66528,""Blue"":166320,""Violet"":498960,""White"":1995840}"
summons/SUMMON_PRICING,SE-0213,Resolved Pursuit Hound Pattern 5,COMMON_SPECIALIZATION,True,2050,3100,"{""Red"":3100,""Orange"":4960,""Yellow"":8928,""Green"":18749,""Blue"":46873,""Violet"":140619,""White"":562476}"
summons/SUMMON_PRICING,SE-0214,Resolved Aerial Hunter Pattern 5,COMMON_SPECIALIZATION,True,2150,3100,"{""Red"":3100,""Orange"":4960,""Yellow"":8928,""Green"":18749,""Blue"":46873,""Violet"":140619,""White"":562476}"
summons/SUMMON_PRICING,SE-0215,Resolved Burrower Pattern 5,ADVANCED,True,2500,5700,"{""Red"":5700,""Orange"":9120,""Yellow"":16416,""Green"":34474,""Blue"":86185,""Violet"":258555,""White"":1034220}"
summons/SUMMON_PRICING,SE-0216,Resolved Wall Crawler Pattern 5,COMMON_SPECIALIZATION,True,1900,3100,"{""Red"":3100,""Orange"":4960,""Yellow"":8928,""Green"":18749,""Blue"":46873,""Violet"":140619,""White"":562476}"
summons/SUMMON_PRICING,SE-0217,Resolved Guardian Pattern 5,ADVANCED,True,3350,5700,"{""Red"":5700,""Orange"":9120,""Yellow"":16416,""Green"":34474,""Blue"":86185,""Violet"":258555,""White"":1034220}"
summons/SUMMON_PRICING,SE-0218,Resolved Carrier Pattern 5,ADVANCED,True,3350,5700,"{""Red"":5700,""Orange"":9120,""Yellow"":16416,""Green"":34474,""Blue"":86185,""Violet"":258555,""White"":1034220}"
summons/SUMMON_PRICING,SE-0219,Resolved Constricter Pattern 5,ADVANCED,True,2900,5700,"{""Red"":5700,""Orange"":9120,""Yellow"":16416,""Green"":34474,""Blue"":86185,""Violet"":258555,""White"":1034220}"
summons/SUMMON_PRICING,SE-0220,Resolved Breaker Pattern 5,POWERFUL,True,7600,11000,"{""Red"":11000,""Orange"":17600,""Yellow"":31680,""Green"":66528,""Blue"":166320,""Violet"":498960,""White"":1995840}"
summons/SUMMON_PRICING,PE-001,Genesis Prime Elemental,EXCEPTIONAL,True,10000,17000,"{""Red"":17000,""Orange"":27200,""Yellow"":48960,""Green"":102816,""Blue"":257040,""Violet"":771120,""White"":3084480}"
summons/SUMMON_PRICING,PE-002,Coherence Prime Elemental,EXCEPTIONAL,True,10000,17000,"{""Red"":17000,""Orange"":27200,""Yellow"":48960,""Green"":102816,""Blue"":257040,""Violet"":771120,""White"":3084480}"
summons/SUMMON_PRICING,PE-003,Resonance Prime Elemental,EXCEPTIONAL,True,10000,17000,"{""Red"":17000,""Orange"":27200,""Yellow"":48960,""Green"":102816,""Blue"":257040,""Violet"":771120,""White"":3084480}"
summons/SUMMON_PRICING,PE-004,Dimensional Prime Elemental,EXCEPTIONAL,True,10000,17000,"{""Red"":17000,""Orange"":27200,""Yellow"":48960,""Green"":102816,""Blue"":257040,""Violet"":771120,""White"":3084480}"
summons/SUMMON_PRICING,PE-005,Chirality Prime Elemental,EXCEPTIONAL,True,10000,17000,"{""Red"":17000,""Orange"":27200,""Yellow"":48960,""Green"":102816,""Blue"":257040,""Violet"":771120,""White"":3084480}"
summons/SUMMON_PRICING,PE-006,Combustion Prime Elemental,EXCEPTIONAL,True,10000,17000,"{""Red"":17000,""Orange"":27200,""Yellow"":48960,""Green"":102816,""Blue"":257040,""Violet"":771120,""White"":3084480}"
summons/SUMMON_PRICING,PE-007,Lightning Prime Elemental,EXCEPTIONAL,True,10000,17000,"{""Red"":17000,""Orange"":27200,""Yellow"":48960,""Green"":102816,""Blue"":257040,""Violet"":771120,""White"":3084480}"
summons/SUMMON_PRICING,PE-008,Mineral Prime Elemental,EXCEPTIONAL,True,10000,17000,"{""Red"":17000,""Orange"":27200,""Yellow"":48960,""Green"":102816,""Blue"":257040,""Violet"":771120,""White"":3084480}"
summons/SUMMON_PRICING,PE-009,Atmospheric Prime Elemental,EXCEPTIONAL,True,10000,17000,"{""Red"":17000,""Orange"":27200,""Yellow"":48960,""Green"":102816,""Blue"":257040,""Violet"":771120,""White"":3084480}"
summons/PRIME_ELEMENTAL_PRICING,PE-001,Genesis Prime Elemental,EXCEPTIONAL,True,10000,17000,"{""Red"":17000,""Orange"":27200,""Yellow"":48960,""Green"":102816,""Blue"":257040,""Violet"":771120,""White"":3084480}"
summons/PRIME_ELEMENTAL_PRICING,PE-002,Coherence Prime Elemental,EXCEPTIONAL,True,10000,17000,"{""Red"":17000,""Orange"":27200,""Yellow"":48960,""Green"":102816,""Blue"":257040,""Violet"":771120,""White"":3084480}"
summons/PRIME_ELEMENTAL_PRICING,PE-003,Resonance Prime Elemental,EXCEPTIONAL,True,10000,17000,"{""Red"":17000,""Orange"":27200,""Yellow"":48960,""Green"":102816,""Blue"":257040,""Violet"":771120,""White"":3084480}"
summons/PRIME_ELEMENTAL_PRICING,PE-004,Dimensional Prime Elemental,EXCEPTIONAL,True,10000,17000,"{""Red"":17000,""Orange"":27200,""Yellow"":48960,""Green"":102816,""Blue"":257040,""Violet"":771120,""White"":3084480}"
summons/PRIME_ELEMENTAL_PRICING,PE-005,Chirality Prime Elemental,EXCEPTIONAL,True,10000,17000,"{""Red"":17000,""Orange"":27200,""Yellow"":48960,""Green"":102816,""Blue"":257040,""Violet"":771120,""White"":3084480}"
summons/PRIME_ELEMENTAL_PRICING,PE-006,Combustion Prime Elemental,EXCEPTIONAL,True,10000,17000,"{""Red"":17000,""Orange"":27200,""Yellow"":48960,""Green"":102816,""Blue"":257040,""Violet"":771120,""White"":3084480}"
summons/PRIME_ELEMENTAL_PRICING,PE-007,Lightning Prime Elemental,EXCEPTIONAL,True,10000,17000,"{""Red"":17000,""Orange"":27200,""Yellow"":48960,""Green"":102816,""Blue"":257040,""Violet"":771120,""White"":3084480}"
summons/PRIME_ELEMENTAL_PRICING,PE-008,Mineral Prime Elemental,EXCEPTIONAL,True,10000,17000,"{""Red"":17000,""Orange"":27200,""Yellow"":48960,""Green"":102816,""Blue"":257040,""Violet"":771120,""White"":3084480}"
summons/PRIME_ELEMENTAL_PRICING,PE-009,Atmospheric Prime Elemental,EXCEPTIONAL,True,10000,17000,"{""Red"":17000,""Orange"":27200,""Yellow"":48960,""Green"":102816,""Blue"":257040,""Violet"":771120,""White"":3084480}"
